<?xml version="1.0" encoding="UTF-8"?><osm version="0.6" generator="Overpass API 0.7.62.11 87bfad18">
<note>The data included in this document is from www.openstreetmap.org. The data is made available under ODbL.</note>
<meta osm_base="2026-09-04T20:51:51Z" areas="2026-09-04T03:53:12Z"/>

  <node id="346643796" lat="19.0516428" lon="72.8321317">
    <tag k="amenity" v="hospital"/>
    <tag k="created_by" v="Potlatch 0.10f"/>
    <tag k="name" v="National Centre for Training and Research into Cerebral Palsy"/>
  </node>
  <node id="702054649" lat="19.2298129" lon="72.8471376">
    <tag k="addr:city" v="Mumbai"/>
    <tag k="addr:district" v="Maharashtra"/>
    <tag k="addr:housenumber" v="Dhaval Apartment"/>
    <tag k="addr:postcode" v="400092"/>
    <tag k="addr:street" v="Factory Lane, near Railway Station, Bhatt Chawl, Mini Zaveri Bazaar, Mhatre Wadi, Borivali West"/>
    <tag k="amenity" v="hospital"/>
    <tag k="contact:facebook" v="https://www.facebook.com/dhanvantarihospitals"/>
    <tag k="description" v="Dhanvantari Hospital, Borivali West, Mumbai, is a trusted multispecialty center focused on women's and children's health."/>
    <tag k="email" v="hospitaldhanvantari621@gmail.com"/>
    <tag k="emergency" v="yes"/>
    <tag k="healthcare" v="hospital"/>
    <tag k="healthcare:speciality" v="hospital"/>
    <tag k="mobile" v="9324263464"/>
    <tag k="name" v="Borivali West"/>
    <tag k="official_name" v="Dhanvantari Hospital"/>
    <tag k="opening_hours" v="24/7"/>
    <tag k="website" v="https://dhanvantarihospitals.com/"/>
    <tag k="wikidata" v="Q4945504"/>
    <tag k="wikipedia" v="en:Borivali"/>
  </node>
  <node id="860315256" lat="18.9599377" lon="72.8314957">
    <tag k="amenity" v="hospital"/>
    <tag k="healthcare" v="hospital"/>
    <tag k="name" v="Saifee Ambulance"/>
    <tag k="source" v="GPS"/>
  </node>
  <node id="1174929416" lat="19.1597156" lon="72.8399209">
    <tag k="addr:district" v="Mumbai"/>
    <tag k="addr:full" v="Siddarth Municipal General Hospital, Opp Motilal Nagar Post Office, Goregaon (W), Mumbai"/>
    <tag k="addr:postcode" v="400104"/>
    <tag k="addr:state" v="Maharashtra"/>
    <tag k="amenity" v="hospital"/>
    <tag k="description" v="Civil Hospital/General Hospital"/>
    <tag k="emergency" v="yes"/>
    <tag k="healthcare" v="hospital"/>
    <tag k="name" v="Siddarth Municipal Hospital"/>
    <tag k="operator" v="BMC"/>
    <tag k="operator:type" v="government"/>
    <tag k="source" v="OpenGovernmentData"/>
  </node>
  <node id="1347550460" lat="19.1106501" lon="72.8483274">
    <tag k="amenity" v="hospital"/>
    <tag k="healthcare" v="hospital"/>
    <tag k="name" v="Jevan Vikas Hospital"/>
  </node>
  <node id="1398715651" lat="19.0558773" lon="72.8973945">
    <tag k="amenity" v="hospital"/>
    <tag k="name" v="JOY Hospital"/>
  </node>
  <node id="1398717565" lat="19.0466131" lon="72.8964218">
    <tag k="amenity" v="hospital"/>
    <tag k="healthcare" v="hospital"/>
    <tag k="name" v="Inlaks Hospital"/>
  </node>
  <node id="1496182480" lat="19.2270454" lon="72.8605924">
    <tag k="addr:district" v="Mumbai"/>
    <tag k="addr:full" v="No. B-4, Girirath, Carter Road Near Sai Baba Temple, Borivali (East)"/>
    <tag k="addr:postcode" v="400066"/>
    <tag k="addr:state" v="Maharashtra"/>
    <tag k="amenity" v="hospital"/>
    <tag k="name" v="Ankit Fracture, Maternity and Surgical Hospital"/>
    <tag k="source" v="OpenGovernmentData"/>
  </node>
  <node id="1640244309" lat="19.0962884" lon="72.8483799">
    <tag k="addr:city" v="Mumbai"/>
    <tag k="addr:district" v="Maharashtra"/>
    <tag k="addr:housenumber" v="KIRIT NURSING HOME, Pushpa Ganga Soc, Subhash Rd"/>
    <tag k="addr:postcode" v="400057"/>
    <tag k="addr:street" v="opp Sai Mandir Marg, Navpada, Vile Parle E"/>
    <tag k="amenity" v="hospital"/>
    <tag k="contact:facebook" v="https://www.facebook.com/drmaitreyeeparulekar/"/>
    <tag k="email" v="parulekardrmaitreyee@gmail.com"/>
    <tag k="healthcare" v="hospital"/>
    <tag k="healthcare:speciality" v="gynaecology;oncology"/>
    <tag k="image" v="https://drmaitreyeegynec.in/wp-content/uploads/2025/03/gallery1.webp"/>
    <tag k="mobile" v="7208727500"/>
    <tag k="name" v="Dr Maitreyee Parulekar"/>
    <tag k="opening_hours" v="24/7"/>
    <tag k="payment:cash" v="yes"/>
    <tag k="payment:contactless" v="yes"/>
    <tag k="payment:credit_cards" v="yes"/>
    <tag k="payment:debit_cards" v="yes"/>
    <tag k="payment:google_pay" v="yes"/>
    <tag k="website" v="https://drmaitreyeegynec.in/"/>
  </node>
  <node id="1787854399" lat="19.1162340" lon="72.8339632">
    <tag k="addr:district" v="Mumbai"/>
    <tag k="addr:full" v="25, Gulmohar Park Gulmohar Road, Juhu Scheme Vile Parle - West"/>
    <tag k="addr:housenumber" v="25"/>
    <tag k="addr:postcode" v="400049"/>
    <tag k="addr:state" v="Maharashtra"/>
    <tag k="addr:street" v="Gulmohar Road"/>
    <tag k="amenity" v="hospital"/>
    <tag k="emergency" v="yes"/>
    <tag k="healthcare" v="hospital"/>
    <tag k="name" v="Sujay Hospital"/>
    <tag k="opening_hours" v="24/7"/>
    <tag k="source" v="OpenGovernmentData"/>
  </node>
  <node id="1855812192" lat="19.1246531" lon="72.9172844">
    <tag k="amenity" v="hospital"/>
    <tag k="emergency" v="no"/>
    <tag k="name" v="Powai Dental Clinic"/>
  </node>
  <node id="1855812194" lat="19.1240880" lon="72.9164511">
    <tag k="addr:district" v="Mumbai Suburban"/>
    <tag k="addr:full" v="1-A, BSNL Colony, Powai, Mumbai"/>
    <tag k="addr:postcode" v="400076"/>
    <tag k="addr:state" v="Maharastra"/>
    <tag k="amenity" v="hospital"/>
    <tag k="name" v="Powai Hospital"/>
    <tag k="source" v="Local Knowledge"/>
  </node>
  <node id="1939199158" lat="19.2277332" lon="72.8406807">
    <tag k="addr:district" v="Mumbai"/>
    <tag k="addr:full" v="Prathameshhorizon, Newmhbcolony, Newlinkroad, Borivali(W)"/>
    <tag k="addr:postcode" v="400091"/>
    <tag k="addr:state" v="Maharashtra"/>
    <tag k="addr:street" v="Link Road"/>
    <tag k="amenity" v="hospital"/>
    <tag k="emergency" v="yes"/>
    <tag k="healthcare" v="hospital"/>
    <tag k="name" v="Sailee Hospital and Diagnostic Center"/>
    <tag k="source" v="OpenGovernmentData"/>
  </node>
  <node id="2097757612" lat="19.2150169" lon="72.8717780">
    <tag k="amenity" v="hospital"/>
    <tag k="healthcare" v="hospital"/>
  </node>
  <node id="2134856430" lat="19.0493781" lon="72.8698066">
    <tag k="amenity" v="hospital"/>
  </node>
  <node id="2186668978" lat="19.1324830" lon="72.8274922">
    <tag k="amenity" v="hospital"/>
    <tag k="designation" v="Dental Clinic"/>
    <tag k="name" v="Dr Manveen Gill"/>
  </node>
  <node id="2238635335" lat="19.0622247" lon="72.8997288">
    <tag k="addr:city" v="Mumbai"/>
    <tag k="addr:district" v="Mumbai Suburban"/>
    <tag k="addr:housenumber" v="Near Natraj Cinema Hall"/>
    <tag k="addr:postcode" v="400071"/>
    <tag k="addr:street" v="M Ward Marg, Chembur East"/>
    <tag k="amenity" v="hospital"/>
    <tag k="emergency" v="yes"/>
    <tag k="healthcare" v="hospital"/>
    <tag k="name" v="Ameeta Patil Nursing Home"/>
    <tag k="operator" v="patils"/>
  </node>
  <node id="2319217775" lat="19.0557141" lon="72.8946408">
    <tag k="amenity" v="hospital"/>
    <tag k="emergency" v="no"/>
    <tag k="name" v="Mata Ramabai B Ambedkar Hospital"/>
    <tag k="name:etymology:wikidata" v="Q19812241"/>
  </node>
  <node id="2411660992" lat="19.1806805" lon="72.8630713">
    <tag k="amenity" v="hospital"/>
    <tag k="emergency" v="yes"/>
    <tag k="name" v="Hyat Hosptal"/>
  </node>
  <node id="2920710941" lat="19.2263008" lon="72.8278848">
    <tag k="addr:city" v="Mumbai"/>
    <tag k="addr:district" v="Mumbai"/>
    <tag k="addr:full" v="Plot No.65-68 &amp; 66-69, Rsc-13, Opposite Saibaba Temple, Gorai Part 1, Borivali (West)"/>
    <tag k="addr:postcode" v="400091"/>
    <tag k="addr:state" v="Maharashtra"/>
    <tag k="addr:street" v="Gorai Link Road"/>
    <tag k="amenity" v="hospital"/>
    <tag k="building" v="hospital"/>
    <tag k="name" v="Mangal Murti Hospital and Polyclinic"/>
    <tag k="source" v="OpenGovernmentData"/>
  </node>
  <node id="2930722306" lat="19.0615785" lon="72.9282129">
    <tag k="amenity" v="hospital"/>
    <tag k="name" v="Dr.zamil"/>
  </node>
  <node id="2947820875" lat="19.0616337" lon="72.8451297">
    <tag k="amenity" v="hospital"/>
    <tag k="healthcare" v="hospital"/>
  </node>
  <node id="3204211842" lat="19.0501477" lon="72.9193344">
    <tag k="amenity" v="hospital"/>
    <tag k="name" v="jonsons diagnostics"/>
  </node>
  <node id="3205777384" lat="19.0924663" lon="72.9121731">
    <tag k="amenity" v="hospital"/>
    <tag k="name" v="nidan hospital"/>
  </node>
  <node id="3205813953" lat="19.0602605" lon="72.9113338">
    <tag k="amenity" v="hospital"/>
    <tag k="name" v="bba"/>
  </node>
  <node id="3205935610" lat="19.0677525" lon="72.9275925">
    <tag k="amenity" v="hospital"/>
    <tag k="name" v="mahaveer hospital"/>
  </node>
  <node id="3206033563" lat="19.0585059" lon="72.8904048">
    <tag k="amenity" v="hospital"/>
    <tag k="name" v="maa hospital"/>
  </node>
  <node id="3213764477" lat="19.0608709" lon="72.9247689">
    <tag k="addr:city" v="mumbai"/>
    <tag k="addr:housenumber" v="room no:10,line no:q,plot no:12"/>
    <tag k="addr:postcode" v="400043"/>
    <tag k="addr:street" v="Jeejabai Bhosle Marg"/>
    <tag k="amenity" v="hospital"/>
    <tag k="emergency" v="yes"/>
    <tag k="name" v="sanjeevan hospital"/>
  </node>
  <node id="3213767187" lat="19.0668912" lon="72.9134181">
    <tag k="amenity" v="hospital"/>
    <tag k="name" v="Metalife"/>
  </node>
  <node id="3215517363" lat="19.0524549" lon="72.9185421">
    <tag k="amenity" v="hospital"/>
    <tag k="name" v="AMAN"/>
  </node>
  <node id="3224657234" lat="19.1682476" lon="72.9612909">
    <tag k="addr:city" v="Mulund (East)"/>
    <tag k="addr:district" v="Mumbai"/>
    <tag k="addr:full" v="Vidhataapartments, Groundfloor, Mulund(E)"/>
    <tag k="addr:postcode" v="400081"/>
    <tag k="addr:state" v="Maharashtra"/>
    <tag k="addr:street" v="V B Phadke Marg"/>
    <tag k="amenity" v="hospital"/>
    <tag k="emergency" v="yes"/>
    <tag k="name" v="Saidhanhospital Iccu and Eye Care"/>
    <tag k="source" v="OpenGovernmentData"/>
  </node>
  <node id="3224692237" lat="19.1760293" lon="72.9618357">
    <tag k="addr:city" v="Mulund (East)"/>
    <tag k="addr:district" v="Mumbai"/>
    <tag k="addr:full" v="Chandraganga Apartments, V.B.Phadke Marg, Near Subway,Mulund (East)"/>
    <tag k="addr:postcode" v="400081"/>
    <tag k="addr:state" v="Maharashtra"/>
    <tag k="amenity" v="hospital"/>
    <tag k="emergency" v="yes"/>
    <tag k="name" v="Chandraganga Hospital, Mulund"/>
    <tag k="source" v="OpenGovernmentData"/>
  </node>
  <node id="3289580677" lat="19.0708167" lon="72.8806792">
    <tag k="addr:city" v="Mumbai"/>
    <tag k="addr:district" v="Mumbai"/>
    <tag k="addr:postcode" v="400070"/>
    <tag k="addr:street" v="S G Barve Marg"/>
    <tag k="amenity" v="hospital"/>
    <tag k="building:levels" v="2"/>
    <tag k="emergency" v="yes"/>
    <tag k="healthcare" v="hospital"/>
    <tag k="healthcare:speciality" v="general;gynaecology;orthopaedics"/>
    <tag k="name" v="Kurla Nursing Room"/>
  </node>
  <node id="3403264488" lat="19.1068191" lon="72.8507443">
    <tag k="addr:city" v="Mumbai"/>
    <tag k="addr:housenumber" v="krishna alankar"/>
    <tag k="addr:postcode" v="400057"/>
    <tag k="addr:street" v="Tejpal Scheme Road 5"/>
    <tag k="amenity" v="hospital"/>
    <tag k="emergency" v="yes"/>
    <tag k="healthcare" v="hospital"/>
    <tag k="name" v="gr8 smile dental clinic"/>
    <tag k="note" v="Dentist"/>
    <tag k="operator" v="dr. jitha marakarkandy"/>
    <tag k="phone" v="+91 22 2684 2451"/>
  </node>
  <node id="3529547303" lat="19.0897614" lon="72.9049996">
    <tag k="addr:city" v="mumbai"/>
    <tag k="addr:street" v="R B Kadam Road"/>
    <tag k="amenity" v="hospital"/>
    <tag k="name" v="new life hospital"/>
  </node>
  <node id="3532038985" lat="19.0946018" lon="72.9032913">
    <tag k="addr:city" v="mumbai"/>
    <tag k="amenity" v="hospital"/>
    <tag k="name" v="muktabai hospital"/>
  </node>
  <node id="3532119818" lat="19.0634778" lon="72.8817876">
    <tag k="amenity" v="hospital"/>
    <tag k="name" v="v care hospital intensive&amp; unit care"/>
  </node>
  <node id="3532124714" lat="19.0693933" lon="72.8781202">
    <tag k="amenity" v="hospital"/>
    <tag k="name" v="arpan nursing home"/>
  </node>
  <node id="3532124717" lat="19.0627584" lon="72.8731765">
    <tag k="amenity" v="hospital"/>
    <tag k="name" v="fauziya hospital"/>
  </node>
  <node id="3532126359" lat="19.0636096" lon="72.8819271">
    <tag k="amenity" v="hospital"/>
    <tag k="name" v="arayan hospital"/>
  </node>
  <node id="3587131699" lat="19.1308944" lon="72.9299048">
    <tag k="amenity" v="hospital"/>
    <tag k="emergency" v="yes"/>
    <tag k="name" v="Anket Nursing Home"/>
  </node>
  <node id="3767106111" lat="19.1289988" lon="72.8316764">
    <tag k="addr:district" v="Mumbai"/>
    <tag k="addr:full" v="1st Floor, The Link, Link Road Extension, Opposite Star Bazaar, Next To Audi Showroom, Andheri (W)"/>
    <tag k="addr:postcode" v="400053"/>
    <tag k="addr:state" v="Maharashtra"/>
    <tag k="amenity" v="hospital"/>
    <tag k="healthcare" v="hospital"/>
    <tag k="name" v="Bellevue Multispeciality Hospital"/>
    <tag k="source" v="OpenGovernmentData"/>
  </node>
  <node id="3951526714" lat="19.0959684" lon="72.8400115">
    <tag k="addr:district" v="Mumbai"/>
    <tag k="addr:full" v="S V Road , Vile Parle"/>
    <tag k="addr:postcode" v="400056"/>
    <tag k="addr:state" v="Maharashtra"/>
    <tag k="addr:street" v="Swami Vivekanand Road"/>
    <tag k="amenity" v="hospital"/>
    <tag k="contact:phone" v="2226267500"/>
    <tag k="email" v="info@nanavatihospital.org"/>
    <tag k="healthcare" v="hospital"/>
    <tag k="name" v="Nanavati Hospital, Mumbai"/>
    <tag k="opening_hours" v="24/7"/>
    <tag k="operator:type" v="government"/>
    <tag k="source" v="OpenGovernmentData"/>
    <tag k="website" v="https://www.nanavatihospital.org/"/>
    <tag k="wikidata" v="Q6962443"/>
    <tag k="wikipedia" v="en:Nanavati hospital"/>
  </node>
  <node id="3951538079" lat="19.0857296" lon="72.8377345">
    <tag k="amenity" v="hospital"/>
    <tag k="name" v="Surya Mother And Child Speciality Hospital"/>
  </node>
  <node id="3951538080" lat="19.0855132" lon="72.8379450">
    <tag k="addr:district" v="Mumbai"/>
    <tag k="addr:full" v="101/102 Mangal Ashirwad, June S.V. Road &amp; Dattatray Road, T.P.S. Ii Santacruz (W)"/>
    <tag k="addr:postcode" v="400054"/>
    <tag k="addr:state" v="Maharashtra"/>
    <tag k="amenity" v="hospital"/>
    <tag k="name" v="Surya Childrens Hospital"/>
    <tag k="source" v="OpenGovernmentData"/>
  </node>
  <node id="3958000626" lat="19.0391617" lon="72.9488101">
    <tag k="amenity" v="hospital"/>
    <tag k="name" v="Aryan Hospital"/>
  </node>
  <node id="3979081599" lat="19.1140839" lon="72.8417197">
    <tag k="addr:district" v="Mumbai"/>
    <tag k="addr:full" v="2-A,Manubharti Chs,Azad Lane,S V Road,Andheri"/>
    <tag k="addr:postcode" v="400059"/>
    <tag k="addr:state" v="Maharashtra"/>
    <tag k="amenity" v="hospital"/>
    <tag k="name" v="Nutan Mammography and Sonography Centre"/>
    <tag k="source" v="OpenGovernmentData"/>
  </node>
  <node id="4113597101" lat="19.1760945" lon="72.9490036">
    <tag k="addr:district" v="Mumbai"/>
    <tag k="addr:full" v="109/1 Saraswati Sadan, Chs, Devi Dayal Road, Opposite Jalaram Ashish, Near T Ward Office, Mulund West"/>
    <tag k="addr:postcode" v="400080"/>
    <tag k="addr:state" v="Maharashtra"/>
    <tag k="amenity" v="hospital"/>
    <tag k="contact:phone" v="022 25658843"/>
    <tag k="email" v="drmukhirajhospital@outlook.com"/>
    <tag k="name" v="Dr.Mukhi's Raj Hospital"/>
    <tag k="operator:type" v="private"/>
    <tag k="source" v="OpenGovernmentData"/>
    <tag k="website" v="http://www.drmukhirajhospital.com/"/>
  </node>
  <node id="4119416996" lat="19.1753107" lon="72.9514943">
    <tag k="addr:district" v="Mumbai"/>
    <tag k="addr:full" v="P. K. Road, (Annexe), Lalan Building, 1st Floor Mulund (W)"/>
    <tag k="addr:postcode" v="400080"/>
    <tag k="addr:state" v="Maharashtra"/>
    <tag k="amenity" v="hospital"/>
    <tag k="healthcare" v="hospital"/>
    <tag k="name" v="Ashwini Hospital and I. C. C. U. with Dialysis Centre"/>
    <tag k="opening_hours" v="Mo-Su 09:00-21:00"/>
    <tag k="source" v="OpenGovernmentData"/>
  </node>
  <node id="4209578999" lat="18.9656765" lon="72.8135089">
    <tag k="addr:district" v="Mumbai"/>
    <tag k="addr:full" v="Chikalwadi, J Dadaji Road, Tardeo"/>
    <tag k="addr:postcode" v="400007"/>
    <tag k="addr:state" v="Maharashtra"/>
    <tag k="addr:street" v="Tukaram Javji Marg"/>
    <tag k="amenity" v="hospital"/>
    <tag k="email" v="info@bhatiahospital.org"/>
    <tag k="healthcare" v="hospital"/>
    <tag k="name" v="Bhatia"/>
    <tag k="name:en" v="Bhatia Hospital"/>
    <tag k="opening_hours" v="24/7"/>
    <tag k="operator:type" v="private"/>
    <tag k="source" v="OpenGovernmentData"/>
    <tag k="website" v="www.bhatiahospital.org"/>
  </node>
  <node id="4216741290" lat="19.1115030" lon="72.8723931">
    <tag k="amenity" v="hospital"/>
    <tag k="check_date" v="2025-11-09"/>
    <tag k="healthcare" v="hospital"/>
    <tag k="name" v="Mukund Hospital"/>
  </node>
  <node id="4326473789" lat="19.0972200" lon="72.8880410">
    <tag k="addr:city" v="mumbai"/>
    <tag k="addr:district" v="maharastra"/>
    <tag k="amenity" v="hospital"/>
    <tag k="healthcare" v="hospital"/>
    <tag k="healthcare:speciality" v="physiotherapy"/>
    <tag k="name" v="Tiwari Hospital"/>
    <tag k="name:en" v="Tiwari Hospital"/>
  </node>
  <node id="4352387478" lat="19.0750197" lon="72.8356392">
    <tag k="addr:city" v="Santa Cruz"/>
    <tag k="addr:district" v="Mumbai"/>
    <tag k="addr:full" v="12Th Road, Khar"/>
    <tag k="addr:postcode" v="400052"/>
    <tag k="addr:state" v="Maharashtra"/>
    <tag k="addr:street" v="South Avenue"/>
    <tag k="amenity" v="hospital"/>
    <tag k="check_date" v="2025-06-12"/>
    <tag k="healthcare" v="hospital"/>
    <tag k="name" v="Ramakrishna Mission Hospital, Mumbai"/>
    <tag k="source" v="OpenGovernmentData"/>
  </node>
  <node id="4423695890" lat="19.0323408" lon="72.8595512">
    <tag k="addr:district" v="Mumbai"/>
    <tag k="addr:full" v="Sion-Matunga Estate, Plot No: 96, Road No.31, Near Gandhi Market, King Circle-Sion (East)"/>
    <tag k="addr:postcode" v="400022"/>
    <tag k="addr:state" v="Maharashtra"/>
    <tag k="amenity" v="hospital"/>
    <tag k="contact:phone" v="2224035459"/>
    <tag k="name" v="Smt S.R.Mehta and Sir K.P.Cardiac Institute"/>
    <tag k="name:en" v="Smt. S.R.Mehta and Sir K.P.Cardiac Institute"/>
    <tag k="operator:type" v="private"/>
    <tag k="source" v="OpenGovernmentData"/>
    <tag k="website" v="https://srmkpcardiac.com/"/>
  </node>
  <node id="4498900764" lat="19.2007076" lon="72.8221715">
    <tag k="addr:district" v="Mumbai"/>
    <tag k="addr:full" v="Bafhira Nagar Road, Near Jankalyan Nagar Police Chowky, Malad"/>
    <tag k="addr:postcode" v="400095"/>
    <tag k="addr:state" v="Maharashtra"/>
    <tag k="amenity" v="hospital"/>
    <tag k="name" v="Government General Hospital, Malwani Malad"/>
    <tag k="source" v="OpenGovernmentData"/>
  </node>
  <node id="4585363492" lat="19.1732429" lon="72.9547642">
    <tag k="addr:district" v="Mumbai"/>
    <tag k="addr:full" v="Rashman Apartments ,Sevaram Lalwani Road,Mulund ( West )"/>
    <tag k="addr:postcode" v="400080"/>
    <tag k="addr:state" v="Maharashtra"/>
    <tag k="addr:street" v="Sewaram Lalwani Road"/>
    <tag k="amenity" v="hospital"/>
    <tag k="name" v="Upasani Maternity and Surgical Nursing Home"/>
    <tag k="name:en" v="Upasani Hospital"/>
    <tag k="source" v="OpenGovernmentData"/>
  </node>
  <node id="4658913990" lat="19.1753796" lon="72.9569965">
    <tag k="addr:district" v="Mumbai"/>
    <tag k="addr:full" v="Raj-Sneha, Opposite Rationing Office, Tambe Nagar, S N Road, Mulund (W)"/>
    <tag k="addr:postcode" v="400080"/>
    <tag k="addr:state" v="Maharashtra"/>
    <tag k="addr:street" v="Sarojini Naidu Road"/>
    <tag k="amenity" v="hospital"/>
    <tag k="name" v="Meher Ambe Nursing Home"/>
    <tag k="name:en" v="Meher Ambe Nursing Home"/>
    <tag k="source" v="OpenGovernmentData"/>
  </node>
  <node id="4658954489" lat="19.1721780" lon="72.9509527">
    <tag k="addr:postcode" v="400080"/>
    <tag k="addr:street" v="Ganesh Gawde Road"/>
    <tag k="amenity" v="hospital"/>
    <tag k="name:en" v="Malini Hospital"/>
  </node>
  <node id="4672225593" lat="19.0401523" lon="72.8445750">
    <tag k="addr:street" v="Mia Mohd Chhotani Road"/>
    <tag k="amenity" v="hospital"/>
    <tag k="healthcare" v="hospital"/>
    <tag k="name" v="Pikale Hospital"/>
    <tag k="name:en" v="Pikale Hospital"/>
    <tag k="name:hi" v="पिकाले अस्पताल"/>
  </node>
  <node id="4746710022" lat="19.1733919" lon="72.9538799">
    <tag k="addr:street" v="Ramratan Trivedi Road"/>
    <tag k="amenity" v="hospital"/>
    <tag k="name:en" v="Apex Kidney Care"/>
  </node>
  <node id="4809630421" lat="19.1729063" lon="72.9496899">
    <tag k="addr:postcode" v="400080"/>
    <tag k="addr:street" v="Dr Ambedkar Road"/>
    <tag k="amenity" v="hospital"/>
    <tag k="name:en" v="Paritaj Kidney Hospital"/>
  </node>
  <node id="4848773727" lat="19.0358379" lon="72.8609822">
    <tag k="amenity" v="hospital"/>
    <tag k="check_date" v="2026-03-20"/>
    <tag k="name" v="Mata Lachmi Hospital"/>
  </node>
  <node id="4930562921" lat="19.1689031" lon="72.9601586">
    <tag k="addr:postcode" v="400081"/>
    <tag k="addr:street" v="Navghar Marg"/>
    <tag k="amenity" v="hospital"/>
  </node>
  <node id="4992249823" lat="19.1764944" lon="72.9514785">
    <tag k="addr:district" v="Mumbai"/>
    <tag k="addr:full" v="Jamuna Sadan,1st. Floor M.G.Road Mulund West"/>
    <tag k="addr:postcode" v="400080"/>
    <tag k="addr:state" v="Maharashtra"/>
    <tag k="addr:street" v="Mahatma Gandhi Road"/>
    <tag k="amenity" v="hospital"/>
    <tag k="name" v="Saarthi Health Care"/>
    <tag k="name:en" v="Saarthi Health Care"/>
    <tag k="source" v="OpenGovernmentData"/>
  </node>
  <node id="4996322798" lat="19.0815079" lon="72.8831157">
    <tag k="addr:city" v="Mumbai"/>
    <tag k="addr:postcode" v="400070"/>
    <tag k="addr:street" v="father peter periera road"/>
    <tag k="amenity" v="hospital"/>
    <tag k="name" v="Kurla Municipal Hospital"/>
    <tag k="operator" v="MCGM"/>
    <tag k="website" v="https://www.mcgm.gov.in"/>
  </node>
  <node id="4998848423" lat="19.1117839" lon="72.8283425">
    <tag k="addr:district" v="Mumbai"/>
    <tag k="addr:full" v="N. S. Road No. 13, Juhu Scheme, Vile Parle (W), Nxt To Utpal Sanghvi School"/>
    <tag k="addr:postcode" v="400049"/>
    <tag k="addr:state" v="Maharashtra"/>
    <tag k="addr:street" v="N S Road No. 13"/>
    <tag k="amenity" v="hospital"/>
    <tag k="healthcare" v="hospital"/>
    <tag k="name" v="Bharatiya Arogya Nidhi Sheth Kantilal C. Parikh General Hospital"/>
    <tag k="name:en" v="Bharatiya Arogya Nidhi Sheth Kantilal C. Parikh General Hospital"/>
    <tag k="opening_hours" v="24/7"/>
    <tag k="phone" v="02226206021"/>
    <tag k="source" v="OpenGovernmentData"/>
  </node>
  <node id="5090930970" lat="19.0066529" lon="72.8179411">
    <tag k="amenity" v="hospital"/>
    <tag k="name" v="Peoples Mobile Hospitals"/>
  </node>
  <node id="5099872961" lat="18.9994432" lon="72.8405011">
    <tag k="addr:city" v="Mumbai"/>
    <tag k="addr:district" v="Mumbai"/>
    <tag k="addr:full" v="35 Dr E Borges Road, Hospital Avenue, Opposite Shirodkar High School, Parel"/>
    <tag k="addr:postcode" v="400012"/>
    <tag k="addr:state" v="Maharashtra"/>
    <tag k="addr:street" v="Dr Ernest Borges Marg"/>
    <tag k="amenity" v="hospital"/>
    <tag k="contact:phone" v="+91-22-67670101"/>
    <tag k="email" v="info.mum@gleneagleshospitals.co.in"/>
    <tag k="emergency" v="yes"/>
    <tag k="healthcare" v="hospital"/>
    <tag k="name" v="Gleneagles Hospital Super Speciality and Transplant Center"/>
    <tag k="operator" v="Gleneagles Hospital"/>
    <tag k="operator:type" v="private"/>
    <tag k="source" v="OpenGovernmentData"/>
    <tag k="website" v="https://www.gleneagleshospitals.co.in"/>
    <tag k="website:1" v="https://www.spineexpertmumbai.com/"/>
  </node>
  <node id="5115140442" lat="19.2066180" lon="72.8419209">
    <tag k="addr:district" v="Mumbai"/>
    <tag k="addr:full" v="2-4/A, Kokil Kunj, Behind Patel Nagar, Kandivli (West)"/>
    <tag k="addr:postcode" v="400067"/>
    <tag k="addr:state" v="Maharashtra"/>
    <tag k="amenity" v="hospital"/>
    <tag k="healthcare" v="hospital"/>
    <tag k="name" v="Dr. Vora's Premature Critical Care and General Hospital"/>
    <tag k="source" v="OpenGovernmentData"/>
  </node>
  <node id="5193467221" lat="18.9534957" lon="72.8371432">
    <tag k="amenity" v="hospital"/>
    <tag k="healthcare" v="hospital"/>
    <tag k="name:en" v="Jaslok Hospital"/>
  </node>
  <node id="5201099224" lat="19.1372375" lon="72.8366102">
    <tag k="addr:street" v="Hanuman Mandir road"/>
    <tag k="amenity" v="hospital"/>
    <tag k="healthcare" v="hospital"/>
    <tag k="name:en" v="R G Stone"/>
  </node>
  <node id="5206554121" lat="18.9645402" lon="72.8054881">
    <tag k="addr:housenumber" v="7"/>
    <tag k="addr:street" v="August Kranti Marg"/>
    <tag k="amenity" v="hospital"/>
    <tag k="healthcare" v="hospital"/>
    <tag k="name:en" v="Dr. Sunil n. vasani"/>
    <tag k="opening_hours" v="Mo-Su 16:00-18:00"/>
  </node>
  <node id="5456874526" lat="19.0938333" lon="72.8986460">
    <tag k="amenity" v="hospital"/>
    <tag k="name:en" v="Disha Hospital"/>
  </node>
  <node id="5496408819" lat="19.1172198" lon="72.8823420">
    <tag k="addr:city" v="Mumbai"/>
    <tag k="addr:postcode" v="400059"/>
    <tag k="amenity" v="hospital"/>
    <tag k="healthcare" v="hospital"/>
    <tag k="name" v="Marol"/>
  </node>
  <node id="5506320776" lat="19.0646242" lon="72.8510225">
    <tag k="addr:street" v="Hari Mandir Road"/>
    <tag k="amenity" v="hospital"/>
    <tag k="name" v="Shivam Nursing Home"/>
    <tag k="phone" v="022-2657138689"/>
  </node>
  <node id="5859095486" lat="19.1627973" lon="72.9369083">
    <tag k="addr:housenumber" v="6 Mani Chawl"/>
    <tag k="addr:street" v="Dargah Road"/>
    <tag k="amenity" v="hospital"/>
    <tag k="healthcare" v="hospital"/>
    <tag k="name:en" v="NAAZ Polyclinic"/>
  </node>
  <node id="6322310753" lat="19.0763785" lon="72.9054696">
    <tag k="amenity" v="hospital"/>
    <tag k="healthcare" v="hospital"/>
    <tag k="name" v="Ashirvaad Heart Hospital"/>
    <tag k="operator" v="Dr Bhaskar Shah"/>
  </node>
  <node id="6358405085" lat="19.1737405" lon="72.9621216">
    <tag k="addr:district" v="Mumbai"/>
    <tag k="addr:full" v="Ground Floor, Saurabh V.B. Phadke Road , Gavanpada, Mulund (E)"/>
    <tag k="addr:postcode" v="400081"/>
    <tag k="addr:state" v="Maharashtra"/>
    <tag k="amenity" v="hospital"/>
    <tag k="name" v="Dr. Sabnis Maternity and Nursing Home"/>
    <tag k="name:en" v="Sabnis Hospital"/>
    <tag k="source" v="OpenGovernmentData"/>
  </node>
  <node id="6564629280" lat="19.2040615" lon="72.8489685">
    <tag k="addr:city" v="mumbai"/>
    <tag k="addr:housenumber" v="Rajnikunj"/>
    <tag k="addr:postcode" v="400067"/>
    <tag k="addr:street" v="Mahatma Gandhi Road"/>
    <tag k="amenity" v="hospital"/>
    <tag k="healthcare" v="hospital"/>
    <tag k="healthcare:speciality" v="homeopathy;clinic;family_medicine"/>
    <tag k="name" v="Dr. Disha's Homoeopathy"/>
    <tag k="operator" v="Dr. Disha Agashiwala"/>
  </node>
  <node id="6795512985" lat="19.1150444" lon="72.9073885">
    <tag k="addr:street" v="Central Avenue"/>
    <tag k="amenity" v="hospital"/>
    <tag k="name:en" v="Metropolis"/>
    <tag k="phone" v="+912233993939"/>
  </node>
  <node id="6795570585" lat="19.1154259" lon="72.9075074">
    <tag k="addr:street" v="Central Avenue - from Tulip to Forest Street Junction"/>
    <tag k="amenity" v="hospital"/>
    <tag k="name:en" v="SRL Diagnostics"/>
  </node>
  <node id="6801919192" lat="19.1253722" lon="72.9190861">
    <tag k="amenity" v="hospital"/>
    <tag k="name" v="Nihal Nursing Home &amp; Opthalmologist"/>
  </node>
  <node id="6881057808" lat="19.1078504" lon="72.8359866">
    <tag k="addr:city" v="Mumbai"/>
    <tag k="addr:district" v="MUMBAI"/>
    <tag k="addr:full" v="North south Road No. 1, Juhu, Vile-Parle (W), Mumbai"/>
    <tag k="addr:postcode" v="400056"/>
    <tag k="addr:state" v="Maharashtra"/>
    <tag k="amenity" v="hospital"/>
    <tag k="contact:mobile" v="9987063770"/>
    <tag k="contact:phone" v="02226242609; 02226247254; 02226247255; 02226247256"/>
    <tag k="fax" v="022 26205897"/>
    <tag k="healthcare" v="hospital"/>
    <tag k="name" v="Dr. R. N. Cooper General Hospital Blood Bank"/>
    <tag k="opening_hours" v="24/7"/>
    <tag k="operator:type" v="government"/>
    <tag k="source" v="OpenGovernmentData"/>
  </node>
  <node id="6884803664" lat="18.9420805" lon="72.8324126">
    <tag k="addr:city" v="Mumbai"/>
    <tag k="addr:district" v="MUMBAI"/>
    <tag k="addr:full" v="Mahapalika Marg, Mumbai CST"/>
    <tag k="addr:postcode" v="400001"/>
    <tag k="addr:state" v="Maharashtra"/>
    <tag k="check_date" v="2026-03-12"/>
    <tag k="contact:mobile" v="9867798441"/>
    <tag k="contact:phone" v="02222611667;02222611654;02222611647(Extn.319);02222611648"/>
    <tag k="fax" v="022 22621197"/>
    <tag k="healthcare" v="hospital"/>
    <tag k="name" v="Cama and Albles Hospital - Abdul Fazalbhoy Blood Bank"/>
    <tag k="opening_hours" v="24/7"/>
    <tag k="operator:type" v="government"/>
    <tag k="source" v="OpenGovernmentData"/>
  </node>
  <node id="6991331185" lat="19.0239187" lon="72.8407113">
    <tag k="addr:housenumber" v="400028"/>
    <tag k="addr:street" v="D L Vaidya Marg"/>
    <tag k="amenity" v="hospital"/>
    <tag k="healthcare" v="hospital"/>
    <tag k="name:en" v="DHANVANTARI HOSPITAL"/>
  </node>
  <node id="7040968857" lat="19.1757098" lon="72.9527646">
    <tag k="addr:district" v="Mumbai"/>
    <tag k="addr:full" v="10,Lavkush, M.G.Road, Near Panch Rasta, Mulund (W)"/>
    <tag k="addr:postcode" v="400080"/>
    <tag k="addr:state" v="Maharashtra"/>
    <tag k="amenity" v="hospital"/>
    <tag k="name" v="Daxini Heart Centre"/>
    <tag k="source" v="OpenGovernmentData"/>
  </node>
  <node id="7040981014" lat="19.1744516" lon="72.9527345">
    <tag k="addr:district" v="Mumbai"/>
    <tag k="addr:full" v="1st Floor Jalaram Ashish Devidayal Road Mulund W"/>
    <tag k="addr:postcode" v="400080"/>
    <tag k="addr:state" v="Maharashtra"/>
    <tag k="amenity" v="hospital"/>
    <tag k="name" v="Ashirwad Critical Care Unit"/>
    <tag k="source" v="OpenGovernmentData"/>
  </node>
  <node id="7041018413" lat="19.1762443" lon="72.9521906">
    <tag k="addr:district" v="Mumbai"/>
    <tag k="addr:full" v="Yogeshwer Dham, 1st Floor, Above Andhra Bank M G Road, Near Panch Rasta Mulund (W)"/>
    <tag k="addr:postcode" v="400080"/>
    <tag k="addr:state" v="Maharashtra"/>
    <tag k="amenity" v="hospital"/>
    <tag k="name" v="Prasad Surgical and Children Nursing Home"/>
    <tag k="source" v="OpenGovernmentData"/>
  </node>
  <node id="7042870633" lat="19.2020207" lon="72.8278850">
    <tag k="addr:district" v="Mumbai"/>
    <tag k="addr:full" v="B-1st Floor, Mitnayan C.H.S Ltd, Linking Road ,Ganesh Ngr,Kandivali(W)"/>
    <tag k="addr:postcode" v="400067"/>
    <tag k="addr:state" v="Maharashtra"/>
    <tag k="amenity" v="hospital"/>
    <tag k="name" v="Sumangal Hospital"/>
    <tag k="source" v="OpenGovernmentData"/>
  </node>
  <node id="7042871859" lat="19.0500033" lon="72.9044715">
    <tag k="addr:district" v="Mumbai"/>
    <tag k="addr:full" v="B-28/1, Maitri Park, Sion Trombay Road, Next To Maitri Park Bus Stop,Chembur"/>
    <tag k="addr:postcode" v="400071"/>
    <tag k="addr:state" v="Maharashtra"/>
    <tag k="amenity" v="hospital"/>
    <tag k="name" v="Niramaya General Hospital"/>
    <tag k="source" v="OpenGovernmentData"/>
    <tag k="website" v="niramayahospitals.in"/>
  </node>
  <node id="7042873521" lat="19.1734002" lon="72.9553535">
    <tag k="addr:district" v="Mumbai"/>
    <tag k="addr:full" v="1st Floor Munshi Estate , M G Road Mulund (West)"/>
    <tag k="addr:postcode" v="400001"/>
    <tag k="addr:state" v="Maharashtra"/>
    <tag k="amenity" v="hospital"/>
    <tag k="name" v="Gokul Nursing Home and ICCU"/>
    <tag k="source" v="OpenGovernmentData"/>
  </node>
  <node id="7042873531" lat="19.1631084" lon="72.8434806">
    <tag k="addr:district" v="Mumbai"/>
    <tag k="addr:full" v="Manali Alankar Soc., M.G.Road, Goregaon(W), Opposite Raga Hotel"/>
    <tag k="addr:postcode" v="400062"/>
    <tag k="addr:state" v="Maharashtra"/>
    <tag k="amenity" v="hospital"/>
    <tag k="name" v="Kapadia Multi Speciality Hospital"/>
    <tag k="operator:type" v="private"/>
    <tag k="source" v="OpenGovernmentData"/>
    <tag k="website" v="https://www.kapadiahospital.com/"/>
  </node>
  <node id="7042873546" lat="19.1555010" lon="72.8454980">
    <tag k="addr:district" v="Mumbai"/>
    <tag k="addr:full" v="Omyx Bldg,S V Road Next To Bses Office Goregaon - West"/>
    <tag k="addr:postcode" v="400104"/>
    <tag k="addr:state" v="Maharashtra"/>
    <tag k="amenity" v="hospital"/>
    <tag k="name" v="Pooja Hospital, Mumbai"/>
    <tag k="source" v="OpenGovernmentData"/>
  </node>
  <node id="7042942734" lat="19.0590250" lon="72.8973126">
    <tag k="addr:district" v="Mumbai"/>
    <tag k="addr:full" v="Plot No.185, 15Th Road, Opp Nirmal And Ayush Beauty Clinic, Chembur"/>
    <tag k="addr:postcode" v="400071"/>
    <tag k="addr:state" v="Maharashtra"/>
    <tag k="amenity" v="hospital"/>
    <tag k="name" v="Dr.Sanjay Sonar Laparoscopy and Scopy Center"/>
    <tag k="source" v="OpenGovernmentData"/>
    <tag k="website" v="sanjaysonar.com"/>
  </node>
  <node id="7042945057" lat="19.1932665" lon="72.8397135">
    <tag k="addr:district" v="Mumbai"/>
    <tag k="addr:full" v="Anita Apartment, Groung Floor, Bavari Cross Road, Next To Dena Bank,Opposite Osite City Of Joy, Orlem"/>
    <tag k="addr:postcode" v="400064"/>
    <tag k="addr:state" v="Maharashtra"/>
    <tag k="amenity" v="hospital"/>
    <tag k="name" v="Dr. Bet Hospital and Polyclinic"/>
    <tag k="source" v="OpenGovernmentData"/>
  </node>
  <node id="7042955283" lat="19.0563744" lon="72.8957395">
    <tag k="addr:district" v="Mumbai"/>
    <tag k="addr:full" v="1, Casa Grande, Road No-10, Opp Jain Temple,Chembur"/>
    <tag k="addr:postcode" v="400071"/>
    <tag k="addr:state" v="Maharashtra"/>
    <tag k="amenity" v="hospital"/>
    <tag k="name" v="Shree Chembur Jain Medical Relief Centre"/>
    <tag k="source" v="OpenGovernmentData"/>
  </node>
  <node id="7042963296" lat="19.0608391" lon="72.8985543">
    <tag k="addr:district" v="Mumbai"/>
    <tag k="addr:full" v="1st Floor, Hotel Pearl Building, Above Malhar Hotel, Chembur"/>
    <tag k="addr:postcode" v="400071"/>
    <tag k="addr:state" v="Maharashtra"/>
    <tag k="amenity" v="hospital"/>
    <tag k="healthcare" v="hospital"/>
    <tag k="name" v="Yash Eye Care and Polyclinic"/>
    <tag k="source" v="OpenGovernmentData"/>
  </node>
  <node id="7042981412" lat="19.1790754" lon="72.9565283">
    <tag k="addr:district" v="Mumbai"/>
    <tag k="addr:full" v="104, Patils Heritage, Sarojini, Naidu Road,Tambe Nagar, Mulund(W)"/>
    <tag k="addr:postcode" v="400080"/>
    <tag k="addr:state" v="Maharashtra"/>
    <tag k="amenity" v="hospital"/>
    <tag k="name" v="Ria Nursing Home"/>
    <tag k="source" v="OpenGovernmentData"/>
  </node>
  <node id="7042987278" lat="19.2467458" lon="72.8611122">
    <tag k="addr:district" v="Mumbai"/>
    <tag k="addr:full" v="D-78/79 And 95/96, Raghukul Sv Road, Dahisar (E)"/>
    <tag k="addr:postcode" v="400068"/>
    <tag k="addr:state" v="Maharashtra"/>
    <tag k="amenity" v="hospital"/>
    <tag k="name" v="Kk Maternity and General Hospital"/>
    <tag k="source" v="OpenGovernmentData"/>
  </node>
  <node id="7042997510" lat="19.1905421" lon="72.8463601">
    <tag k="addr:district" v="Mumbai"/>
    <tag k="addr:full" v="Tagore Park, Opposite U T I Bank, A Wing, Flat No.4, S V Road, Opp Axis Bank"/>
    <tag k="addr:postcode" v="400064"/>
    <tag k="addr:state" v="Maharashtra"/>
    <tag k="amenity" v="hospital"/>
    <tag k="name" v="Manorama Hospital"/>
    <tag k="source" v="OpenGovernmentData"/>
  </node>
  <node id="7042999151" lat="19.0824458" lon="72.9092512">
    <tag k="addr:district" v="Mumbai"/>
    <tag k="addr:full" v="Ghatkopar(E)"/>
    <tag k="addr:postcode" v="400077"/>
    <tag k="addr:state" v="Maharashtra"/>
    <tag k="amenity" v="hospital"/>
    <tag k="name" v="Vatsal Nicu and Childrens Hospital"/>
    <tag k="source" v="OpenGovernmentData"/>
  </node>
  <node id="7043001747" lat="19.0579944" lon="72.9087979">
    <tag k="addr:district" v="Mumbai"/>
    <tag k="addr:full" v="NJ,1&amp;2,Khardev Nagar,Ghatla,N.G Adhaya Marg,Chembur"/>
    <tag k="addr:postcode" v="400071"/>
    <tag k="addr:state" v="Maharashtra"/>
    <tag k="amenity" v="hospital"/>
    <tag k="name" v="Aditya Health Care Hospital"/>
    <tag k="source" v="OpenGovernmentData"/>
  </node>
  <node id="7043003793" lat="19.1759439" lon="72.8463833">
    <tag k="addr:district" v="Mumbai"/>
    <tag k="addr:full" v="Laxmipalace Above Feast India Restaurant Off S V Road Opp Sunder Nagar Malad West"/>
    <tag k="addr:postcode" v="400064"/>
    <tag k="addr:state" v="Maharashtra"/>
    <tag k="amenity" v="hospital"/>
    <tag k="name" v="Le Nest Hospital"/>
    <tag k="source" v="OpenGovernmentData"/>
  </node>
  <node id="7043029973" lat="19.0456831" lon="72.9025014">
    <tag k="addr:district" v="Mumbai"/>
    <tag k="addr:full" v="16, Maitri Vijay, Opposite Basant Cinema, Chembur"/>
    <tag k="addr:postcode" v="400074"/>
    <tag k="addr:state" v="Maharashtra"/>
    <tag k="amenity" v="hospital"/>
    <tag k="name" v="Nayak Medicare - Chembur"/>
    <tag k="source" v="OpenGovernmentData"/>
    <tag k="website" v="drudaynayak.com"/>
  </node>
  <node id="7043035499" lat="19.0596994" lon="72.8997535">
    <tag k="addr:district" v="Mumbai"/>
    <tag k="addr:full" v="2nd &amp; 3rd Floor, Gagangiri, 18Th Road, Chembur"/>
    <tag k="addr:postcode" v="400071"/>
    <tag k="addr:state" v="Maharashtra"/>
    <tag k="amenity" v="hospital"/>
    <tag k="name" v="Dr. Das Hospital - Chembur (Mumbai)"/>
    <tag k="source" v="OpenGovernmentData"/>
    <tag k="website" v="https://dashospital.com/"/>
  </node>
  <node id="7043038873" lat="19.2228876" lon="72.8574027">
    <tag k="addr:district" v="Mumbai"/>
    <tag k="addr:full" v="A/6-9, Lilam Buld, Dattapada Road, Borivali(E)"/>
    <tag k="addr:postcode" v="400066"/>
    <tag k="addr:state" v="Maharashtra"/>
    <tag k="amenity" v="hospital"/>
    <tag k="name" v="Dr Parikhs Maternity, Gynaec, and General Hospital"/>
    <tag k="source" v="OpenGovernmentData"/>
  </node>
  <node id="7043038874" lat="19.2221415" lon="72.8550357">
    <tag k="addr:district" v="Mumbai"/>
    <tag k="addr:full" v="Sidhivinayak Tower, Near Collecter Office, Natakwala Lane, Borivali(West)"/>
    <tag k="addr:postcode" v="400092"/>
    <tag k="addr:state" v="Maharashtra"/>
    <tag k="amenity" v="hospital"/>
    <tag k="healthcare" v="hospital"/>
    <tag k="name" v="Dhanshri Hospital"/>
    <tag k="source" v="OpenGovernmentData"/>
  </node>
  <node id="7043038875" lat="19.2187028" lon="72.8523723">
    <tag k="addr:district" v="Mumbai"/>
    <tag k="addr:full" v="C-212,Lancelot, S.V.Road, Borivali (W)"/>
    <tag k="addr:postcode" v="400092"/>
    <tag k="addr:state" v="Maharashtra"/>
    <tag k="amenity" v="hospital"/>
    <tag k="healthcare:speciality" v="plastic_surgery"/>
    <tag k="name" v="Vasudhan Cosmetic Plastic Surgery Centre"/>
    <tag k="source" v="OpenGovernmentData"/>
    <tag k="wheelchair" v="yes"/>
  </node>
  <node id="7043055857" lat="19.0570862" lon="72.8988851">
    <tag k="addr:district" v="Mumbai"/>
    <tag k="addr:full" v="Sampoorna, Plot 213,11Th Road, Chembur"/>
    <tag k="addr:postcode" v="400071"/>
    <tag k="addr:state" v="Maharashtra"/>
    <tag k="amenity" v="hospital"/>
    <tag k="name" v="Laxmi Maternity and Nursing Home, Mumbai"/>
    <tag k="source" v="OpenGovernmentData"/>
  </node>
  <node id="7043060180" lat="19.0606625" lon="72.8997141">
    <tag k="addr:district" v="Mumbai"/>
    <tag k="addr:full" v="Saikripa Building ,Road No.1, Opposite Chembur Municipal Office,M' Ward,Chembur"/>
    <tag k="addr:postcode" v="400071"/>
    <tag k="addr:state" v="Maharashtra"/>
    <tag k="amenity" v="hospital"/>
    <tag k="healthcare" v="hospital"/>
    <tag k="name" v="Hegde Hospital"/>
    <tag k="source" v="OpenGovernmentData"/>
  </node>
  <node id="7043060181" lat="19.1699191" lon="72.9321205">
    <tag k="addr:district" v="Mumbai"/>
    <tag k="addr:full" v="E-5/03, Highland, Park, Jaishuskinagar, Mulundcolony, Mulund(W)"/>
    <tag k="addr:postcode" v="400082"/>
    <tag k="addr:state" v="Maharashtra"/>
    <tag k="amenity" v="hospital"/>
    <tag k="name" v="Sai Siddhi Hospital, Mumbai"/>
    <tag k="source" v="OpenGovernmentData"/>
  </node>
  <node id="7043071382" lat="19.1706370" lon="72.9498291">
    <tag k="addr:district" v="Mumbai"/>
    <tag k="addr:full" v="Mulund"/>
    <tag k="addr:postcode" v="400080"/>
    <tag k="addr:state" v="Maharashtra"/>
    <tag k="amenity" v="hospital"/>
    <tag k="name" v="Devkunj Charitablr Trust Matushri Mankbai Nagji Sa"/>
    <tag k="source" v="OpenGovernmentData"/>
  </node>
  <node id="7043077889" lat="19.0694366" lon="72.9038545">
    <tag k="addr:city" v="Mumbai"/>
    <tag k="addr:district" v="Mumbai"/>
    <tag k="addr:full" v="Rane Hospital, 2nd Floor, Pestom Sagar Road No. 2, Chembur, Mumbai 400089, India"/>
    <tag k="addr:housenumber" v="Rane Hospital, 2nd Floor, Pestom Sagar Road No. 2, Chembur, Mumbai 400089, India"/>
    <tag k="addr:postcode" v="400089"/>
    <tag k="addr:state" v="Maharashtra"/>
    <tag k="addr:street" v="Dr Nandita Rane's Eye Clinic"/>
    <tag k="amenity" v="hospital"/>
    <tag k="healthcare:speciality" v="ophthalmology;dermatology"/>
    <tag k="name" v="Dr Nandita Rane's Eye Clinic"/>
    <tag k="opening_hours" v="24/7"/>
    <tag k="operator" v="Dr Nandita Rane"/>
    <tag k="operator:type" v="private_individual"/>
    <tag k="source" v="OpenGovernmentData"/>
    <tag k="website" v="https://drnandita.com/"/>
  </node>
  <node id="7043090395" lat="19.0190313" lon="72.8639666">
    <tag k="addr:district" v="Mumbai"/>
    <tag k="addr:full" v="4, Margaret House, Opp Indian Oil, Wadala (E)"/>
    <tag k="addr:postcode" v="400037"/>
    <tag k="addr:state" v="Maharashtra"/>
    <tag k="amenity" v="hospital"/>
    <tag k="name" v="Genesis Speciality Center (Health-Check Up"/>
    <tag k="source" v="OpenGovernmentData"/>
  </node>
  <node id="7043106193" lat="19.0610033" lon="72.8985974">
    <tag k="addr:district" v="Mumbai"/>
    <tag k="addr:full" v="204,Garodia Market, Plot No 8-A, D K Sandu Road, Next To Hotel Malhaar, Chembur"/>
    <tag k="addr:postcode" v="400071"/>
    <tag k="addr:state" v="Maharashtra"/>
    <tag k="amenity" v="hospital"/>
    <tag k="healthcare" v="hospital"/>
    <tag k="name" v="Patankar's Hand and Limb Reconstruction Clinic"/>
    <tag k="source" v="OpenGovernmentData"/>
  </node>
  <node id="7043116599" lat="19.1739604" lon="72.9570701">
    <tag k="addr:district" v="Mumbai"/>
    <tag k="addr:full" v="A-7 , 1st Floor, Alps Heights, Dr. R.P.Road,Opposite396, Bus Stop, Near Railway Station, Mulund ( West )"/>
    <tag k="addr:postcode" v="400080"/>
    <tag k="addr:state" v="Maharashtra"/>
    <tag k="amenity" v="hospital"/>
    <tag k="healthcare" v="hospital"/>
    <tag k="name" v="Nav Drishti Netralaya"/>
    <tag k="source" v="OpenGovernmentData"/>
  </node>
  <node id="7043123119" lat="19.1686019" lon="72.9450512">
    <tag k="addr:district" v="Mumbai"/>
    <tag k="addr:full" v="104, Aroto House, P.K.Road, Saidham, Mulund (west)"/>
    <tag k="addr:postcode" v="400080"/>
    <tag k="addr:state" v="Maharashtra"/>
    <tag k="amenity" v="hospital"/>
    <tag k="email" v="suryaeye.india@gmail.com"/>
    <tag k="name" v="Surya Eye Institute and Research Centre"/>
    <tag k="operator:type" v="private"/>
    <tag k="source" v="OpenGovernmentData"/>
    <tag k="website" v="https://suryaeye.com/"/>
  </node>
  <node id="7043125151" lat="19.0618187" lon="72.8980838">
    <tag k="addr:district" v="Mumbai"/>
    <tag k="addr:full" v="1&amp; 2 Savla Sadan, First Floor, R.C. Marg,Opposite Ration Office,Chembur"/>
    <tag k="addr:postcode" v="400071"/>
    <tag k="addr:state" v="Maharashtra"/>
    <tag k="amenity" v="hospital"/>
    <tag k="name" v="Icon Hospital and Research Centre"/>
    <tag k="source" v="OpenGovernmentData"/>
  </node>
  <node id="7043143042" lat="19.1754450" lon="72.9539676">
    <tag k="addr:district" v="Mumbai"/>
    <tag k="addr:full" v="Gala Manor, 1st Floor Near Dhanvantari Hosipta,l Above Silver Hardware, N.S.Road, Mulund(W)"/>
    <tag k="addr:postcode" v="400080"/>
    <tag k="addr:state" v="Maharashtra"/>
    <tag k="amenity" v="hospital"/>
    <tag k="name" v="Dr. Khona's E. N. T. Hospital &amp; Regional Center"/>
    <tag k="source" v="OpenGovernmentData"/>
  </node>
  <node id="7043146611" lat="19.0610248" lon="72.8996556">
    <tag k="addr:district" v="Mumbai"/>
    <tag k="addr:full" v="A-1,2,3-Amul Commercial Premises,1st Road,Opposite Bmc (M-Ward) Office, Chembur"/>
    <tag k="addr:postcode" v="400071"/>
    <tag k="addr:state" v="Maharashtra"/>
    <tag k="amenity" v="clinic"/>
    <tag k="healthcare" v="hospital"/>
    <tag k="name" v="Disha Polyclinic and Nursing Home"/>
    <tag k="source" v="OpenGovernmentData"/>
  </node>
  <node id="7043174029" lat="19.1181601" lon="72.8442880">
    <tag k="addr:district" v="Mumbai"/>
    <tag k="addr:full" v="11, GangaVihar Residency, 174 S.V.Road"/>
    <tag k="addr:postcode" v="400058"/>
    <tag k="addr:state" v="Maharashtra"/>
    <tag k="amenity" v="hospital"/>
    <tag k="check_date" v="2026-03-12"/>
    <tag k="email" v="drsamir@gynaecexpert.com"/>
    <tag k="healthcare" v="hospital"/>
    <tag k="name" v="Sangita Maternity Surgical and Diagnostic Centre"/>
    <tag k="operator:type" v="private"/>
    <tag k="source" v="OpenGovernmentData"/>
    <tag k="website" v="https://gynaecexpert.com/"/>
  </node>
  <node id="7043174030" lat="19.0632283" lon="72.8344390">
    <tag k="addr:district" v="Mumbai"/>
    <tag k="addr:full" v="8 Roseland Bulding, 180, Opposite National College, Junction Of Linking And Waterfield Road, Bandra West"/>
    <tag k="addr:postcode" v="400050"/>
    <tag k="addr:state" v="Maharashtra"/>
    <tag k="amenity" v="hospital"/>
    <tag k="email" v="info@ojaseyehospital.com"/>
    <tag k="healthcare" v="hospital"/>
    <tag k="name" v="Ojas Eye Hospital"/>
    <tag k="source" v="OpenGovernmentData"/>
    <tag k="website" v="https://www.ojaseyehospital.com/"/>
  </node>
  <node id="7043177298" lat="19.1758149" lon="72.9528357">
    <tag k="addr:district" v="Mumbai"/>
    <tag k="addr:full" v="9, Lavkush, M G Road, Panchrasta, Mulund (West)"/>
    <tag k="addr:postcode" v="400080"/>
    <tag k="addr:state" v="Maharashtra"/>
    <tag k="amenity" v="hospital"/>
    <tag k="name" v="Dr. Shettys E.N.T. Hospital"/>
    <tag k="source" v="OpenGovernmentData"/>
  </node>
  <node id="7043182324" lat="19.0803279" lon="72.8421846">
    <tag k="addr:district" v="Mumbai"/>
    <tag k="addr:full" v="Qureshi House, 6Th Nehru Road,Near Santacruz Railway Station, Santacruz (East)"/>
    <tag k="addr:postcode" v="400055"/>
    <tag k="addr:state" v="Maharashtra"/>
    <tag k="amenity" v="hospital"/>
    <tag k="healthcare" v="hospital"/>
    <tag k="name" v="R. K. Hospital, Mumbai"/>
    <tag k="source" v="OpenGovernmentData"/>
  </node>
  <node id="7043188926" lat="19.0467619" lon="72.8934167">
    <tag k="addr:district" v="Mumbai"/>
    <tag k="addr:full" v="Inlaks Hospital Road, Chembur Colony, Chembur"/>
    <tag k="addr:postcode" v="400074"/>
    <tag k="addr:state" v="Maharashtra"/>
    <tag k="amenity" v="hospital"/>
    <tag k="name" v="Inlaks General Hospital"/>
    <tag k="source" v="OpenGovernmentData"/>
  </node>
  <node id="7043230046" lat="19.1284312" lon="72.8468965">
    <tag k="addr:district" v="Mumbai"/>
    <tag k="addr:full" v="202, Bonaza Residency, Behind : Laxmi Auto S V Road, Amboli"/>
    <tag k="addr:postcode" v="400058"/>
    <tag k="addr:state" v="Maharashtra"/>
    <tag k="amenity" v="hospital"/>
    <tag k="healthcare" v="hospital"/>
    <tag k="healthcare:speciality" v="chiropractic"/>
    <tag k="name" v="Prime Orthopedic Speciality Hospital, Mumbai"/>
    <tag k="operator" v="abv"/>
    <tag k="operator:type" v="public"/>
    <tag k="source" v="OpenGovernmentData"/>
  </node>
  <node id="7043230054" lat="19.1930526" lon="72.8418451">
    <tag k="addr:district" v="Mumbai"/>
    <tag k="addr:full" v="Malad(W)"/>
    <tag k="addr:postcode" v="400064"/>
    <tag k="addr:state" v="Maharashtra"/>
    <tag k="amenity" v="hospital"/>
    <tag k="name" v="Sunflowar Laboratory and Diagnostic Centre"/>
    <tag k="source" v="OpenGovernmentData"/>
  </node>
  <node id="7043233247" lat="19.0552184" lon="72.8898903">
    <tag k="addr:district" v="Mumbai"/>
    <tag k="addr:full" v="Plotno.-22, Swastik Park, Chembur"/>
    <tag k="addr:postcode" v="400071"/>
    <tag k="addr:state" v="Maharashtra"/>
    <tag k="amenity" v="hospital"/>
    <tag k="name" v="Swastik Hospital and Research Centre, Mumbai"/>
    <tag k="source" v="OpenGovernmentData"/>
    <tag k="website" v="swastikhospital.com"/>
  </node>
  <node id="7043236781" lat="19.0526628" lon="72.8911664">
    <tag k="addr:district" v="Mumbai"/>
    <tag k="addr:full" v="No. 19-B, Near Bhakti Bhavan,Siddhi Society,Chembur"/>
    <tag k="addr:postcode" v="400071"/>
    <tag k="addr:state" v="Maharashtra"/>
    <tag k="amenity" v="hospital"/>
    <tag k="name" v="Sitla Hospital"/>
    <tag k="source" v="OpenGovernmentData"/>
  </node>
  <node id="7043348148" lat="19.0797908" lon="72.8427047">
    <tag k="addr:district" v="Mumbai"/>
    <tag k="addr:full" v="Shri Sadashiv Chs, 6Th Road, Santacruz(E)"/>
    <tag k="addr:postcode" v="400055"/>
    <tag k="addr:state" v="Maharashtra"/>
    <tag k="amenity" v="hospital"/>
    <tag k="healthcare" v="hospital"/>
    <tag k="name" v="Nandan Maternity and Surgical Home"/>
    <tag k="source" v="OpenGovernmentData"/>
  </node>
  <node id="7043376493" lat="19.0784905" lon="72.8380749">
    <tag k="addr:district" v="Mumbai"/>
    <tag k="addr:full" v="101, Kirti Manor, S V Road, Phiroz Dastoor &amp; Sons, Santacruz West"/>
    <tag k="addr:postcode" v="400054"/>
    <tag k="addr:state" v="Maharashtra"/>
    <tag k="amenity" v="hospital"/>
    <tag k="healthcare" v="hospital"/>
    <tag k="name" v="Mumbai Retina Centre"/>
    <tag k="source" v="OpenGovernmentData"/>
  </node>
  <node id="7043388690" lat="19.0879436" lon="72.8376687">
    <tag k="addr:district" v="Mumbai"/>
    <tag k="addr:full" v="G-6, Chirag Housing Society, B-1, S.V.Road, Santacruz(W)"/>
    <tag k="addr:postcode" v="400054"/>
    <tag k="addr:state" v="Maharashtra"/>
    <tag k="amenity" v="hospital"/>
    <tag k="name" v="Malpani Eye Hospital and Laser Centre"/>
    <tag k="source" v="OpenGovernmentData"/>
  </node>
  <node id="7043397402" lat="19.1968922" lon="72.8736733">
    <tag k="addr:district" v="Mumbai"/>
    <tag k="addr:full" v="No. 103 / B, Raj Tower, Lokhandwala Complex, Next To Alika Nagar, Akruli Road, Kandivali(E)"/>
    <tag k="addr:postcode" v="400101"/>
    <tag k="addr:state" v="Maharashtra"/>
    <tag k="amenity" v="hospital"/>
    <tag k="name" v="Shreeji Hospital (Kandivli)"/>
    <tag k="source" v="OpenGovernmentData"/>
  </node>
  <node id="7043397403" lat="19.1242045" lon="72.8906147">
    <tag k="addr:district" v="Mumbai"/>
    <tag k="addr:full" v="Lake Bloom - 16, 17, 18, Opposite Solaris Estate, L.T. Gate No.6, Tunga Gaon, Sakivihar Road, Powai"/>
    <tag k="addr:postcode" v="400072"/>
    <tag k="addr:state" v="Maharashtra"/>
    <tag k="amenity" v="hospital"/>
    <tag k="name" v="S B Nursing Home and Icu"/>
    <tag k="source" v="OpenGovernmentData"/>
  </node>
  <node id="7043397404" lat="19.1254925" lon="72.9181845">
    <tag k="addr:district" v="Mumbai"/>
    <tag k="addr:full" v="1st Floor, Paradise,Jain Mandir Road, I.I.T Market, Powai"/>
    <tag k="addr:postcode" v="400076"/>
    <tag k="addr:state" v="Maharashtra"/>
    <tag k="amenity" v="hospital"/>
    <tag k="name" v="Sri Sai Eye Care Centre"/>
    <tag k="source" v="OpenGovernmentData"/>
  </node>
  <node id="7043397894" lat="19.0895090" lon="72.8385763">
    <tag k="addr:district" v="Mumbai"/>
    <tag k="addr:full" v="102 D Wing Rizvi Nagar 1 St Floor S.V.Road Milan , , Corner Santacruz"/>
    <tag k="addr:postcode" v="400054"/>
    <tag k="addr:state" v="Maharashtra"/>
    <tag k="amenity" v="hospital"/>
    <tag k="name" v="Kenias Eye Hospital"/>
    <tag k="source" v="OpenGovernmentData"/>
  </node>
  <node id="7043397906" lat="19.1129534" lon="72.8379245">
    <tag k="addr:district" v="Mumbai"/>
    <tag k="addr:full" v="B201, Dhruv, OppositeGagandeep, Main Road, Juhu, Vile Parle (West)"/>
    <tag k="addr:postcode" v="400056"/>
    <tag k="addr:state" v="Maharashtra"/>
    <tag k="amenity" v="hospital"/>
    <tag k="email" v="info@lasersformedicine.com"/>
    <tag k="name" v="Centre For Sight, Juhu"/>
    <tag k="operator:type" v="private"/>
    <tag k="source" v="OpenGovernmentData"/>
    <tag k="website" v="https://www.centreforsight.net/"/>
  </node>
  <node id="7043397913" lat="19.2030731" lon="72.8470266">
    <tag k="addr:district" v="Mumbai"/>
    <tag k="addr:full" v="1st Floor,Kalpataru,Mathuradas Road,Opposite Punjab National Bank,Kandivali (W)"/>
    <tag k="addr:postcode" v="400067"/>
    <tag k="addr:state" v="Maharashtra"/>
    <tag k="amenity" v="hospital"/>
    <tag k="name" v="Ankur Hospital"/>
    <tag k="source" v="OpenGovernmentData"/>
  </node>
  <node id="7043399092" lat="19.2425422" lon="72.8675938">
    <tag k="addr:district" v="Mumbai"/>
    <tag k="addr:full" v="K Wing, 1st Floor, Shankheshwar Nagar, Shiv Vallabh Road , Dahisar (E)"/>
    <tag k="addr:postcode" v="400068"/>
    <tag k="addr:state" v="Maharashtra"/>
    <tag k="amenity" v="hospital"/>
    <tag k="name" v="Total Woman Medical Centre - Dahisar"/>
    <tag k="source" v="OpenGovernmentData"/>
  </node>
  <node id="7043448094" lat="18.9603152" lon="72.8102066">
    <tag k="addr:district" v="Mumbai"/>
    <tag k="addr:full" v="(Dr Mangeshikar Clinic) Madhav Niwas , 8. Laburnum Road , Bombay"/>
    <tag k="addr:postcode" v="400007"/>
    <tag k="addr:state" v="Maharashtra"/>
    <tag k="amenity" v="hospital"/>
    <tag k="name" v="Mangeshikar Access Gynecology and Infertility Center"/>
    <tag k="source" v="OpenGovernmentData"/>
  </node>
  <node id="7043548005" lat="19.0604562" lon="72.8369346">
    <tag k="addr:district" v="Mumbai"/>
    <tag k="addr:full" v="# 222, S.V. Road, Bandra- West"/>
    <tag k="addr:postcode" v="400050"/>
    <tag k="addr:state" v="Maharashtra"/>
    <tag k="amenity" v="hospital"/>
    <tag k="healthcare" v="hospital"/>
    <tag k="name" v="Shroff Eye Hospital"/>
    <tag k="source" v="OpenGovernmentData"/>
  </node>
  <node id="7043574603" lat="18.9230941" lon="72.8276074">
    <tag k="addr:district" v="Mumbai"/>
    <tag k="addr:full" v="9th Floor, Room No-91, Lady Ratan Tata Medical &amp; Research Centre 31, Maharshi Karve Road, Cooperage"/>
    <tag k="addr:postcode" v="400021"/>
    <tag k="addr:state" v="Maharashtra"/>
    <tag k="amenity" v="hospital"/>
    <tag k="name" v="Vinod Sharma Memorial Medical Centre"/>
    <tag k="source" v="OpenGovernmentData"/>
  </node>
  <node id="7043693171" lat="19.0878158" lon="72.9069324">
    <tag k="addr:district" v="Mumbai"/>
    <tag k="addr:full" v="203- A, 205, Trimurti Arcade, Near Sarvodya Hospital, L.B.S.Marg, Ghatkopar(W)"/>
    <tag k="addr:postcode" v="400086"/>
    <tag k="addr:state" v="Maharashtra"/>
    <tag k="amenity" v="hospital"/>
    <tag k="name" v="Noble Hospital, Ghatkopar"/>
    <tag k="source" v="OpenGovernmentData"/>
  </node>
  <node id="7043769618" lat="19.0824573" lon="72.9092287">
    <tag k="addr:district" v="Mumbai"/>
    <tag k="addr:full" v="501, Vishal Building, Above Subhiksha, Junction Of Hingwala Lane &amp; 60 Feet Road,Ghatkopar East"/>
    <tag k="addr:postcode" v="400077"/>
    <tag k="addr:state" v="Maharashtra"/>
    <tag k="amenity" v="hospital"/>
    <tag k="name" v="Excel Ent Hospital"/>
    <tag k="source" v="OpenGovernmentData"/>
  </node>
  <node id="7043778826" lat="19.1013222" lon="72.8484596">
    <tag k="addr:city" v="mumbai"/>
    <tag k="addr:district" v="Mumbai"/>
    <tag k="addr:full" v="# 102/6, Purshottam Niwas,1st Floor, Park Road, Vile Parle (E)"/>
    <tag k="addr:postcode" v="400057"/>
    <tag k="addr:state" v="Maharashtra"/>
    <tag k="addr:street" v="Prarthana Samaj Road"/>
    <tag k="amenity" v="hospital"/>
    <tag k="healthcare" v="hospital"/>
    <tag k="healthcare:speciality" v="ophthalmology"/>
    <tag k="name" v="Parle Eye Hospital"/>
    <tag k="opening_hours" v="24/7"/>
    <tag k="source" v="OpenGovernmentData"/>
  </node>
  <node id="7043842002" lat="19.1457239" lon="72.9293557">
    <tag k="addr:district" v="Mumbai"/>
    <tag k="addr:full" v="1st Floor, Arunoday Tower, Sps Marg, Kokan Nagar"/>
    <tag k="addr:postcode" v="400078"/>
    <tag k="addr:state" v="Maharashtra"/>
    <tag k="amenity" v="hospital"/>
    <tag k="name" v="Dr.Bhatia's Ruby Hospital"/>
    <tag k="source" v="OpenGovernmentData"/>
  </node>
  <node id="7043843797" lat="19.1857961" lon="72.8544543">
    <tag k="addr:district" v="Mumbai"/>
    <tag k="addr:full" v="Gr. Floor, Ashmi Apartment , Bachani Nagar Road , Opposite Children's Academy School , Malad ( East )"/>
    <tag k="addr:postcode" v="400097"/>
    <tag k="addr:state" v="Maharashtra"/>
    <tag k="amenity" v="hospital"/>
    <tag k="name" v="Megha Surgical Hospital"/>
    <tag k="source" v="OpenGovernmentData"/>
  </node>
  <node id="7044023272" lat="19.2187787" lon="72.8523903">
    <tag k="addr:district" v="Mumbai"/>
    <tag k="addr:full" v="C-113, Lancelot Building, SV Road, Shastri Nagar, Borivali West"/>
    <tag k="addr:postcode" v="400092"/>
    <tag k="addr:state" v="Maharashtra"/>
    <tag k="amenity" v="hospital"/>
    <tag k="healthcare" v="hospital"/>
    <tag k="name" v="Shri Bala Hanuman Maternity &amp; Surgical Hospital"/>
    <tag k="source" v="OpenGovernmentData"/>
    <tag k="wheelchair" v="yes"/>
  </node>
  <node id="7044057691" lat="19.2039141" lon="72.8494285">
    <tag k="addr:district" v="Mumbai"/>
    <tag k="addr:full" v="Shreeji Arcade, 3Road Floor, S.V. Road, Kandivilli (W)"/>
    <tag k="addr:postcode" v="400067"/>
    <tag k="addr:state" v="Maharashtra"/>
    <tag k="amenity" v="hospital"/>
    <tag k="name" v="Shah Surgical Hospital and Maternity Home P. Ltd."/>
    <tag k="source" v="OpenGovernmentData"/>
  </node>
  <node id="7044064894" lat="19.0240308" lon="72.8368979">
    <tag k="addr:district" v="Mumbai"/>
    <tag k="addr:full" v="Meghdoot, S.H.Paralkar Marg, Shivaji Park, Dadar (W)"/>
    <tag k="addr:postcode" v="400028"/>
    <tag k="addr:state" v="Maharashtra"/>
    <tag k="amenity" v="hospital"/>
    <tag k="healthcare" v="hospital"/>
    <tag k="name" v="Dr.Vaze Hospital"/>
    <tag k="source" v="OpenGovernmentData"/>
  </node>
  <node id="7044071693" lat="19.0135345" lon="72.8283792">
    <tag k="addr:district" v="Mumbai"/>
    <tag k="addr:full" v="Gyaneshwar Apts, 2nd Floor, Off Veer Savarkar Marg, Prabhadevi"/>
    <tag k="addr:postcode" v="400025"/>
    <tag k="addr:state" v="Maharashtra"/>
    <tag k="amenity" v="hospital"/>
    <tag k="email" v="hkkothawala@yahoo.com"/>
    <tag k="healthcare" v="hospital"/>
    <tag k="name" v="Asha Surgical and Maternity Home"/>
    <tag k="phone" v="09821662821"/>
    <tag k="source" v="OpenGovernmentData"/>
  </node>
  <node id="7044322978" lat="19.2318895" lon="72.8500816">
    <tag k="addr:district" v="Mumbai"/>
    <tag k="addr:full" v="Awing Vaishali Heights,Near Standerd Chartered Bank,Chandavarkar Road,Borivali(W)"/>
    <tag k="addr:postcode" v="400092"/>
    <tag k="addr:state" v="Maharashtra"/>
    <tag k="amenity" v="hospital"/>
    <tag k="name" v="Apex Hospital, Mumbai"/>
    <tag k="source" v="OpenGovernmentData"/>
    <tag k="wheelchair" v="yes"/>
  </node>
  <node id="7044344099" lat="19.1111299" lon="72.8721267">
    <tag k="addr:district" v="Mumbai"/>
    <tag k="addr:full" v="Mukund Nagar Co-Opp Hsg Andheri Kurla Road Andheri (E)"/>
    <tag k="addr:postcode" v="400059"/>
    <tag k="addr:state" v="Maharashtra"/>
    <tag k="amenity" v="hospital"/>
    <tag k="check_date" v="2025-11-09"/>
    <tag k="healthcare" v="hospital"/>
    <tag k="name" v="Mukund Maternity and Surgical Nursing Home"/>
    <tag k="source" v="OpenGovernmentData"/>
  </node>
  <node id="7044368551" lat="19.1699120" lon="72.9536431">
    <tag k="addr:district" v="Mumbai"/>
    <tag k="addr:full" v="J Nehru Road, Mulund (W)"/>
    <tag k="addr:postcode" v="400080"/>
    <tag k="addr:state" v="Maharashtra"/>
    <tag k="amenity" v="hospital"/>
    <tag k="name" v="Aparna Hospital, Mulund (W)"/>
    <tag k="source" v="OpenGovernmentData"/>
  </node>
  <node id="7044376947" lat="19.0628176" lon="72.9207404">
    <tag k="addr:district" v="Mumbai"/>
    <tag k="addr:full" v="Plot No-18-U-1-1(A) &amp; 2, Near Bhaji Market, Shivaji Nagar, Govandi"/>
    <tag k="addr:postcode" v="400043"/>
    <tag k="addr:state" v="Maharashtra"/>
    <tag k="amenity" v="hospital"/>
    <tag k="name" v="Vikas Nursing Home, Mumbai"/>
    <tag k="source" v="OpenGovernmentData"/>
  </node>
  <node id="7044435707" lat="19.2322314" lon="72.8470749">
    <tag k="addr:district" v="Mumbai"/>
    <tag k="addr:full" v="102-103 A, Tulip, Royal Complex, Opposite Hotel Kokan Deep, Eksar Road, Borivali (W)"/>
    <tag k="addr:postcode" v="400092"/>
    <tag k="addr:state" v="Maharashtra"/>
    <tag k="amenity" v="hospital"/>
    <tag k="name" v="Ameya Maternity and Surgical Nursing Home, Borivali"/>
    <tag k="source" v="OpenGovernmentData"/>
  </node>
  <node id="7044466685" lat="18.9576821" lon="72.8213190">
    <tag k="addr:district" v="Mumbai"/>
    <tag k="addr:full" v="E -1st Floor, Bhaveshwar Vihar Svp Road, Prathna Samaj,Opposite Hurkiondas Hospital, Girgaum"/>
    <tag k="addr:postcode" v="400004"/>
    <tag k="addr:state" v="Maharashtra"/>
    <tag k="amenity" v="hospital"/>
    <tag k="healthcare" v="hospital"/>
    <tag k="name" v="Dr. Yash Shah Total Eye Care"/>
    <tag k="source" v="OpenGovernmentData"/>
  </node>
  <node id="7044553386" lat="19.0196598" lon="72.8486822">
    <tag k="addr:district" v="Mumbai"/>
    <tag k="addr:full" v="166-C Krishna Kunj,Khareghat Road, Dr.Ambedkar Road,Dadar( E)"/>
    <tag k="addr:postcode" v="400014"/>
    <tag k="addr:state" v="Maharashtra"/>
    <tag k="amenity" v="hospital"/>
    <tag k="name" v="Krishna Cardiac Care Centre, Mumbai"/>
    <tag k="source" v="OpenGovernmentData"/>
  </node>
  <node id="7044610739" lat="19.2136460" lon="72.8670365">
    <tag k="addr:district" v="Mumbai"/>
    <tag k="addr:full" v="Gokul Nagari No1, Near Sai Dham Temple , 90 Ft Road, Opp Hdfc Bank, Western Express Highway,Thakur Complex , Kandivali East"/>
    <tag k="addr:postcode" v="400101"/>
    <tag k="addr:state" v="Maharashtra"/>
    <tag k="amenity" v="hospital"/>
    <tag k="healthcare" v="hospital"/>
    <tag k="name" v="Shree Sai Hospital, Mumbai"/>
    <tag k="source" v="OpenGovernmentData"/>
  </node>
  <node id="7044669600" lat="19.0757589" lon="72.9030552">
    <tag k="addr:district" v="Mumbai"/>
    <tag k="addr:full" v="C-5, Satyam Shopping Centre, 1st Flr, M.G. Road, Ghatkopar (E)"/>
    <tag k="addr:postcode" v="400077"/>
    <tag k="addr:state" v="Maharashtra"/>
    <tag k="amenity" v="hospital"/>
    <tag k="name" v="Tara Neo Surg Hospital"/>
    <tag k="source" v="OpenGovernmentData"/>
  </node>
  <node id="7044692216" lat="19.0793026" lon="72.9021540">
    <tag k="addr:district" v="Mumbai"/>
    <tag k="addr:full" v="201,Punit Plaza , Second Floor , Next To Rajawadi Post Office , Rajawadi , Ghatkopar ( East )"/>
    <tag k="addr:postcode" v="400077"/>
    <tag k="addr:state" v="Maharashtra"/>
    <tag k="amenity" v="hospital"/>
    <tag k="name" v="The Eye Super Specialities"/>
    <tag k="source" v="OpenGovernmentData"/>
  </node>
  <node id="7044745238" lat="19.0791531" lon="72.9039431">
    <tag k="addr:district" v="Mumbai"/>
    <tag k="addr:full" v="Jayant Arcade, Ist Floor, 140-142, M.G. Road, Ghatkopar(E)"/>
    <tag k="addr:postcode" v="400077"/>
    <tag k="addr:state" v="Maharashtra"/>
    <tag k="amenity" v="hospital"/>
    <tag k="name" v="Advanced Orthopaedic and Super Speciality Center"/>
    <tag k="source" v="OpenGovernmentData"/>
  </node>
  <node id="7044797317" lat="19.2133896" lon="72.8636751">
    <tag k="addr:district" v="Mumbai"/>
    <tag k="addr:full" v="90 Feet Road , Near Cambrige School"/>
    <tag k="addr:postcode" v="400101"/>
    <tag k="addr:state" v="Maharashtra"/>
    <tag k="amenity" v="hospital"/>
    <tag k="name" v="Surbhi Life Care Hospital"/>
    <tag k="source" v="OpenGovernmentData"/>
  </node>
  <node id="7044829632" lat="19.0829325" lon="72.8819436">
    <tag k="addr:district" v="Mumbai"/>
    <tag k="addr:full" v="Pratap Nagar, Housing Society, A-Wing, 1st Floor, L.B.S. Marg, Kurla West"/>
    <tag k="addr:postcode" v="400070"/>
    <tag k="addr:state" v="Maharashtra"/>
    <tag k="amenity" v="hospital"/>
    <tag k="healthcare" v="hospital"/>
    <tag k="name" v="Sushila Hospital-Icu and Maternity"/>
    <tag k="source" v="OpenGovernmentData"/>
  </node>
  <node id="7044982117" lat="19.1937801" lon="72.8394373">
    <tag k="addr:district" v="Mumbai"/>
    <tag k="addr:full" v="C-Wing Meenakshi Apt , Orlem Marve Road Malad(W)"/>
    <tag k="addr:postcode" v="400064"/>
    <tag k="addr:state" v="Maharashtra"/>
    <tag k="amenity" v="hospital"/>
    <tag k="name" v="Adarsh Hospital, Mumbai"/>
    <tag k="source" v="OpenGovernmentData"/>
  </node>
  <node id="7045020590" lat="19.0627060" lon="72.8815868">
    <tag k="addr:district" v="Mumbai"/>
    <tag k="addr:full" v="Opposite Bldg No.101, Nehru Nagar, Kurla (E)"/>
    <tag k="addr:postcode" v="400070"/>
    <tag k="addr:state" v="Maharashtra"/>
    <tag k="amenity" v="hospital"/>
    <tag k="name" v="V Care Hospital and Icu"/>
    <tag k="source" v="OpenGovernmentData"/>
  </node>
  <node id="7045155680" lat="19.0431439" lon="72.8936943">
    <tag k="addr:district" v="Mumbai"/>
    <tag k="addr:full" v="5, Safal Ganga, Opposite Collector's Colony, Chembur Camp"/>
    <tag k="addr:postcode" v="400074"/>
    <tag k="addr:state" v="Maharashtra"/>
    <tag k="amenity" v="hospital"/>
    <tag k="name" v="Universal Eye Clinic and Surgical Centre"/>
    <tag k="source" v="OpenGovernmentData"/>
  </node>
  <node id="7045255055" lat="19.0739299" lon="72.8328310">
    <tag k="addr:district" v="Mumbai"/>
    <tag k="addr:full" v="Pujya Shri Kanshiram Jain Smarak, Ahimsa Bhavan, Ahimsa Marg, 14th A Road, Khar (West)"/>
    <tag k="addr:postcode" v="400052"/>
    <tag k="addr:state" v="Maharashtra"/>
    <tag k="amenity" v="clinic"/>
    <tag k="contact:phone" v="2226040676"/>
    <tag k="email" v="info@mmrchospital.com"/>
    <tag k="healthcare" v="hospital"/>
    <tag k="name" v="Mahavir Medical Research Centre"/>
    <tag k="operator:type" v="private"/>
    <tag k="source" v="OpenGovernmentData"/>
    <tag k="website" v="https://www.mmrchospital.com/"/>
  </node>
  <node id="7045282445" lat="19.1305947" lon="72.8184403">
    <tag k="addr:district" v="Mumbai"/>
    <tag k="addr:full" v="5/6-C, Janakdeep Bldg, 7 Bungalow, J.P.Road, Andheri West"/>
    <tag k="addr:postcode" v="400061"/>
    <tag k="addr:state" v="Maharashtra"/>
    <tag k="amenity" v="hospital"/>
    <tag k="name" v="Mahima Hospital and Polyclinic"/>
    <tag k="source" v="OpenGovernmentData"/>
  </node>
  <node id="7045283817" lat="19.2213057" lon="72.8401212">
    <tag k="addr:district" v="Mumbai"/>
    <tag k="addr:full" v="C-01, Parasmani, Chikuwadi, Shimpoli, Borivali (W)"/>
    <tag k="addr:postcode" v="400092"/>
    <tag k="addr:state" v="Maharashtra"/>
    <tag k="amenity" v="hospital"/>
    <tag k="name" v="Niramay Mother-Care Centre (Maternity and Surgical)"/>
    <tag k="source" v="OpenGovernmentData"/>
  </node>
  <node id="7045291440" lat="19.0139586" lon="72.8325856">
    <tag k="addr:district" v="Mumbai"/>
    <tag k="addr:full" v="Ishaan, 1st Floor, Khed Gully, Prabhadevi, Dadar West"/>
    <tag k="addr:postcode" v="400025"/>
    <tag k="addr:state" v="Maharashtra"/>
    <tag k="amenity" v="hospital"/>
    <tag k="healthcare" v="hospital"/>
    <tag k="name" v="Siddivinayak Healthcare Pvt Ltd"/>
    <tag k="source" v="OpenGovernmentData"/>
  </node>
  <node id="7045315311" lat="19.1344091" lon="72.8243659">
    <tag k="addr:district" v="Mumbai"/>
    <tag k="addr:full" v="32, Behind Blases Church, Ceasors Road, Hamboli, Andheriw)"/>
    <tag k="addr:postcode" v="400053"/>
    <tag k="addr:state" v="Maharashtra"/>
    <tag k="amenity" v="hospital"/>
    <tag k="healthcare" v="hospital"/>
    <tag k="name" v="Indu Child Care Center"/>
    <tag k="source" v="OpenGovernmentData"/>
  </node>
  <node id="7045320931" lat="19.1888056" lon="72.8501675">
    <tag k="addr:district" v="Mumbai"/>
    <tag k="addr:full" v="No. 186, Manchhubhai Road,Malad-East"/>
    <tag k="addr:postcode" v="400097"/>
    <tag k="addr:state" v="Maharashtra"/>
    <tag k="amenity" v="hospital"/>
    <tag k="name" v="Suchak Hospital"/>
    <tag k="source" v="OpenGovernmentData"/>
  </node>
  <node id="7045324038" lat="19.0630077" lon="72.8823915">
    <tag k="addr:district" v="Mumbai"/>
    <tag k="addr:full" v="D-28 &amp; 29, Nehru Nagar, Station Road, Kurla (East)"/>
    <tag k="addr:postcode" v="400024"/>
    <tag k="addr:state" v="Maharashtra"/>
    <tag k="amenity" v="hospital"/>
    <tag k="name" v="Aryan Hospital and Iccu - Kurla-Mumbai"/>
    <tag k="source" v="OpenGovernmentData"/>
  </node>
  <node id="7045490278" lat="19.1532611" lon="72.9308885">
    <tag k="addr:district" v="Mumbai"/>
    <tag k="addr:full" v="1st Floor, Ramkrishna Bldg , Gadhav Naka, Bhandup (W)"/>
    <tag k="addr:postcode" v="400078"/>
    <tag k="addr:state" v="Maharashtra"/>
    <tag k="amenity" v="hospital"/>
    <tag k="name" v="Dr Bothra's Hospital"/>
    <tag k="source" v="OpenGovernmentData"/>
  </node>
  <node id="7045701178" lat="19.2149511" lon="72.8687109">
    <tag k="addr:district" v="Mumbai"/>
    <tag k="addr:full" v="Kandivali(East)"/>
    <tag k="addr:postcode" v="400101"/>
    <tag k="addr:state" v="Maharashtra"/>
    <tag k="amenity" v="hospital"/>
    <tag k="name" v="Paramount Ganpati Health Care - Kandivali"/>
    <tag k="source" v="OpenGovernmentData"/>
  </node>
  <node id="7045750046" lat="19.1844402" lon="72.8514314">
    <tag k="addr:district" v="Mumbai"/>
    <tag k="addr:full" v="Iqbal House, Rani Sati Marg, Pandit Solicitor Lane, Malad(East)"/>
    <tag k="addr:postcode" v="400097"/>
    <tag k="addr:state" v="Maharashtra"/>
    <tag k="amenity" v="hospital"/>
    <tag k="name" v="Anandpara Surgical and General Hospital"/>
    <tag k="source" v="OpenGovernmentData"/>
  </node>
  <node id="7045750052" lat="19.2288390" lon="72.8510848">
    <tag k="addr:district" v="Mumbai"/>
    <tag k="addr:full" v="Nand Dham, Opposite St. Anne S School, L.T. Road"/>
    <tag k="addr:postcode" v="400001"/>
    <tag k="addr:state" v="Maharashtra"/>
    <tag k="amenity" v="hospital"/>
    <tag k="name" v="Sanket Hospital"/>
    <tag k="source" v="OpenGovernmentData"/>
  </node>
  <node id="7045821102" lat="19.1703693" lon="72.9588425">
    <tag k="addr:district" v="Mumbai"/>
    <tag k="addr:full" v="Gayatri Building 1st Floor Hanuman Chowk L T Road Mulund(E)"/>
    <tag k="addr:postcode" v="400081"/>
    <tag k="addr:state" v="Maharashtra"/>
    <tag k="amenity" v="hospital"/>
    <tag k="name" v="Maher Maternity and Nursing Home, Mumbai"/>
    <tag k="source" v="OpenGovernmentData"/>
  </node>
  <node id="7046326222" lat="19.0972827" lon="72.8493802">
    <tag k="addr:district" v="Mumbai"/>
    <tag k="addr:full" v="Vimal Apartment, Nehru Road, No.9, 10, 11, Near Municipal Office, Vile Parle East"/>
    <tag k="addr:postcode" v="400057"/>
    <tag k="addr:state" v="Maharashtra"/>
    <tag k="amenity" v="hospital"/>
    <tag k="name" v="Navjivan Maternity and Surgical Nursing Home"/>
    <tag k="source" v="OpenGovernmentData"/>
  </node>
  <node id="7046488275" lat="19.0598819" lon="72.9011294">
    <tag k="addr:district" v="Mumbai"/>
    <tag k="addr:full" v="Omprakash Arcade, 2nd Floor, Unit No.209, Ambedkar Garden, Chembur"/>
    <tag k="addr:postcode" v="400071"/>
    <tag k="addr:state" v="Maharashtra"/>
    <tag k="amenity" v="hospital"/>
    <tag k="check_date" v="2026-02-24"/>
    <tag k="email" v="kolekaraditya@gmail.com"/>
    <tag k="name" v="Kolekar Hospital &amp; ICCU"/>
    <tag k="source" v="OpenGovernmentData"/>
  </node>
  <node id="7046777602" lat="19.0535553" lon="72.8870063">
    <tag k="addr:district" v="Mumbai"/>
    <tag k="addr:full" v="Sion-Trombay Road, Suman Nagar, Chembur East"/>
    <tag k="addr:postcode" v="400071"/>
    <tag k="addr:state" v="Maharashtra"/>
    <tag k="amenity" v="hospital"/>
    <tag k="email" v="info@suranasethiahospital.in"/>
    <tag k="healthcare" v="hospital"/>
    <tag k="name" v="Surana Sethia Hospital And Research Centre"/>
    <tag k="source" v="OpenGovernmentData"/>
    <tag k="website" v="https://suranahospital.in/"/>
  </node>
  <node id="7047180160" lat="19.0608313" lon="72.8997320">
    <tag k="addr:district" v="Mumbai"/>
    <tag k="addr:full" v="Opposite BMC M Ward Office, 1st Road, Chembur"/>
    <tag k="addr:postcode" v="400071"/>
    <tag k="addr:state" v="Maharashtra"/>
    <tag k="amenity" v="clinic"/>
    <tag k="healthcare" v="hospital"/>
    <tag k="name" v="Kamran Nursing Home"/>
    <tag k="source" v="OpenGovernmentData"/>
  </node>
  <node id="7047423152" lat="19.1743945" lon="72.8613845">
    <tag k="addr:district" v="Mumbai"/>
    <tag k="addr:full" v="Goregaon"/>
    <tag k="addr:postcode" v="400051"/>
    <tag k="addr:state" v="Maharashtra"/>
    <tag k="amenity" v="hospital"/>
    <tag k="name" v="Tushar Maternity and Surgical Nursing Home"/>
    <tag k="source" v="OpenGovernmentData"/>
  </node>
  <node id="7047430578" lat="19.0758488" lon="72.8608239">
    <tag k="addr:district" v="Mumbai"/>
    <tag k="addr:full" v="C.S.T. Road, Next To Sundar Nagar,M Kalina, Santacruz(E)"/>
    <tag k="addr:postcode" v="400098"/>
    <tag k="addr:state" v="Maharashtra"/>
    <tag k="amenity" v="hospital"/>
    <tag k="check_date" v="2026-03-21"/>
    <tag k="name" v="Durga Maternity and Surgical Nursing Home"/>
    <tag k="source" v="OpenGovernmentData"/>
  </node>
  <node id="7047542514" lat="19.0858653" lon="72.9053056">
    <tag k="addr:district" v="Mumbai"/>
    <tag k="addr:full" v="3Road Floor, M G Road , Near Bank Of India, Ghatkopar West"/>
    <tag k="addr:postcode" v="400086"/>
    <tag k="addr:state" v="Maharashtra"/>
    <tag k="amenity" v="hospital"/>
    <tag k="name" v="Vatsalya Maternity and Surgical Nursing Home"/>
    <tag k="source" v="OpenGovernmentData"/>
  </node>
  <node id="7047553990" lat="19.0844927" lon="72.9048134">
    <tag k="addr:district" v="Mumbai"/>
    <tag k="addr:full" v="Nilkanth Shopping Centre Corner Cama Lane , Ghatkopar, West Mumbai"/>
    <tag k="addr:postcode" v="400001"/>
    <tag k="addr:state" v="Maharashtra"/>
    <tag k="amenity" v="hospital"/>
    <tag k="name" v="Shreeji Hospital, Ghatkopar"/>
    <tag k="source" v="OpenGovernmentData"/>
  </node>
  <node id="7047557038" lat="18.9358357" lon="72.8332373">
    <tag k="addr:district" v="Mumbai"/>
    <tag k="addr:full" v="Navsari Bldg.240,Dr. D.N. Road"/>
    <tag k="addr:postcode" v="400001"/>
    <tag k="addr:state" v="Maharashtra"/>
    <tag k="amenity" v="hospital"/>
    <tag k="healthcare" v="hospital"/>
    <tag k="name" v="Banaji Eyesurgery and Laser Center"/>
    <tag k="source" v="OpenGovernmentData"/>
  </node>
  <node id="7047598027" lat="18.9868937" lon="72.8306866">
    <tag k="addr:district" v="Mumbai"/>
    <tag k="addr:full" v="Subh Ashish, Subhash Nagar, Estate N M Joshi Marg"/>
    <tag k="addr:postcode" v="400011"/>
    <tag k="addr:state" v="Maharashtra"/>
    <tag k="amenity" v="hospital"/>
    <tag k="name" v="Nirmala Maternity and Surgical Hospital with Polyclinic"/>
    <tag k="source" v="OpenGovernmentData"/>
  </node>
  <node id="7047690741" lat="19.1880874" lon="72.8433922">
    <tag k="addr:district" v="Mumbai"/>
    <tag k="addr:full" v="Divya Trusha, Mamlatdar Wadi Road, Malad- West"/>
    <tag k="addr:postcode" v="400064"/>
    <tag k="addr:state" v="Maharashtra"/>
    <tag k="amenity" v="hospital"/>
    <tag k="name" v="Abhijit Hospital"/>
    <tag k="source" v="OpenGovernmentData"/>
  </node>
  <node id="7047711117" lat="19.1274074" lon="72.8314617">
    <tag k="addr:district" v="Mumbai"/>
    <tag k="addr:full" v="D.N.Nagar, Link Road, J.P.Road Junction, Andheri (W)"/>
    <tag k="addr:postcode" v="400053"/>
    <tag k="addr:state" v="Maharashtra"/>
    <tag k="amenity" v="hospital"/>
    <tag k="healthcare" v="hospital"/>
    <tag k="name" v="Siddhivinayak Surgical Centre"/>
    <tag k="source" v="OpenGovernmentData"/>
  </node>
  <node id="7047813835" lat="19.1813262" lon="72.8634739">
    <tag k="addr:district" v="Mumbai"/>
    <tag k="addr:full" v="4, Neelam Appartment, Near Triveni Nagar, Kokani Pada, Kurar, Malad East"/>
    <tag k="addr:postcode" v="400097"/>
    <tag k="addr:state" v="Maharashtra"/>
    <tag k="amenity" v="hospital"/>
    <tag k="name" v="Suvidha Hospital and Iccu"/>
    <tag k="source" v="OpenGovernmentData"/>
  </node>
  <node id="7047889769" lat="19.1739389" lon="72.9550807">
    <tag k="addr:district" v="Mumbai"/>
    <tag k="addr:full" v="206, Jai Commercial Complex, At The Junction Of M. G. Road And S. L. Road, Opposite Hotel Gurukrupa, Mulund (West)"/>
    <tag k="addr:postcode" v="400080"/>
    <tag k="addr:state" v="Maharashtra"/>
    <tag k="amenity" v="hospital"/>
    <tag k="name" v="Netra Jyot Eye Care Centre"/>
    <tag k="source" v="OpenGovernmentData"/>
  </node>
  <node id="7047933154" lat="18.9898598" lon="72.8412236">
    <tag k="addr:district" v="Mumbai"/>
    <tag k="addr:full" v="Royal Garden Next To Girnar Tower Ambawadi Kalachowki"/>
    <tag k="addr:postcode" v="400033"/>
    <tag k="addr:state" v="Maharashtra"/>
    <tag k="amenity" v="hospital"/>
    <tag k="name" v="Aryan Hospital and Icu"/>
    <tag k="source" v="OpenGovernmentData"/>
  </node>
  <node id="7048041081" lat="19.2005212" lon="72.8714374">
    <tag k="addr:district" v="Mumbai"/>
    <tag k="addr:full" v="1st Floor, Whispering Palms Shopping Center,Next To Kokhandwala Sales Office, Akurli Road, Kandivali(E)"/>
    <tag k="addr:postcode" v="400101"/>
    <tag k="addr:state" v="Maharashtra"/>
    <tag k="amenity" v="hospital"/>
    <tag k="name" v="DNA Multispeciality Hospital - Mumbai"/>
    <tag k="source" v="OpenGovernmentData"/>
    <tag k="website" v="https://dnahospital.in/"/>
  </node>
  <node id="7048110383" lat="19.1473308" lon="72.9363066">
    <tag k="addr:district" v="Mumbai"/>
    <tag k="addr:full" v="7/6R.R. Point Grount Floor Off Lbs Marg Opp Dreams Mall Bhandup (W)"/>
    <tag k="addr:postcode" v="400078"/>
    <tag k="addr:state" v="Maharashtra"/>
    <tag k="amenity" v="hospital"/>
    <tag k="name" v="Sulochan Eye"/>
    <tag k="source" v="OpenGovernmentData"/>
  </node>
  <node id="7048131897" lat="19.1293511" lon="72.8221216">
    <tag k="addr:district" v="Mumbai"/>
    <tag k="addr:full" v="F-3, Evershine Apartment, Four Bunglow, J. P. Road, Andheri(W)"/>
    <tag k="addr:postcode" v="400058"/>
    <tag k="addr:state" v="Maharashtra"/>
    <tag k="amenity" v="hospital"/>
    <tag k="check_date" v="2025-10-18"/>
    <tag k="name" v="Purandare Hospital, Mumbai"/>
    <tag k="source" v="OpenGovernmentData"/>
  </node>
  <node id="7048131898" lat="19.2208372" lon="72.8514703">
    <tag k="addr:district" v="Mumbai"/>
    <tag k="addr:full" v="Rajvilla, B-Wing, Opposite May, Immacula School, Borivali (W)"/>
    <tag k="addr:postcode" v="400092"/>
    <tag k="addr:state" v="Maharashtra"/>
    <tag k="amenity" v="hospital"/>
    <tag k="name" v="Vibha Care Home"/>
    <tag k="source" v="OpenGovernmentData"/>
    <tag k="wheelchair" v="limited"/>
  </node>
  <node id="7048172474" lat="19.0338607" lon="72.8590146">
    <tag k="addr:district" v="Mumbai"/>
    <tag k="addr:full" v="No. 1/ 7, Sindhi Society, opp. Gurukrupa Hotel, Sion"/>
    <tag k="addr:postcode" v="400022"/>
    <tag k="addr:state" v="Maharashtra"/>
    <tag k="amenity" v="hospital"/>
    <tag k="check_date" v="2026-03-20"/>
    <tag k="name" v="Vaishnav Seva Samaj"/>
    <tag k="operator:type" v="government"/>
    <tag k="source" v="OpenGovernmentData"/>
  </node>
  <node id="7048261194" lat="19.2269461" lon="72.8549309">
    <tag k="addr:district" v="Mumbai"/>
    <tag k="addr:full" v="Mangal Kunj 1st Floor, S.V. Road Borivli (W)"/>
    <tag k="addr:postcode" v="400092"/>
    <tag k="addr:state" v="Maharashtra"/>
    <tag k="amenity" v="hospital"/>
    <tag k="healthcare" v="hospital"/>
    <tag k="name" v="Patel Nursing Home, Mumbai"/>
    <tag k="source" v="OpenGovernmentData"/>
  </node>
  <node id="7048261227" lat="19.1006777" lon="72.8907222">
    <tag k="addr:district" v="Mumbai"/>
    <tag k="addr:full" v="4 Durgashram, Sakinaka-Asalpha Link Road, , Sakinaka, Besides Peninsula Hotel, Sakinaka"/>
    <tag k="addr:postcode" v="400059"/>
    <tag k="addr:state" v="Maharashtra"/>
    <tag k="amenity" v="hospital"/>
    <tag k="name" v="Priyanka Maternity and Surgical Nursing Home"/>
    <tag k="source" v="OpenGovernmentData"/>
  </node>
  <node id="7048433639" lat="18.9563110" lon="72.8133863">
    <tag k="addr:district" v="Mumbai"/>
    <tag k="addr:full" v="105 A&amp;C &amp; 405 A Sukh Sagar, N.S. Patkar Marg, Opera House"/>
    <tag k="addr:postcode" v="400007"/>
    <tag k="addr:state" v="Maharashtra"/>
    <tag k="amenity" v="hospital"/>
    <tag k="healthcare" v="hospital"/>
    <tag k="name" v="Foresight Eye Center"/>
    <tag k="source" v="OpenGovernmentData"/>
  </node>
  <node id="7048433640" lat="19.2033581" lon="72.8524567">
    <tag k="addr:district" v="Mumbai"/>
    <tag k="addr:full" v="Sukhsagar Bldg, 1st Floor,Near Prem Ashram,Akurli Cross Road,No.1,Kandivli East"/>
    <tag k="addr:postcode" v="400101"/>
    <tag k="addr:state" v="Maharashtra"/>
    <tag k="amenity" v="hospital"/>
    <tag k="name" v="Dr. Masurkar Hospital"/>
    <tag k="source" v="OpenGovernmentData"/>
  </node>
  <node id="7048433662" lat="19.0940612" lon="72.9000364">
    <tag k="addr:district" v="Mumbai"/>
    <tag k="addr:full" v="101-102-103, Sai Darshan Co-Opp Soc Asaifa, Bhattwadi Ghatkopar - West"/>
    <tag k="addr:postcode" v="400084"/>
    <tag k="addr:state" v="Maharashtra"/>
    <tag k="amenity" v="hospital"/>
    <tag k="name" v="Vivek Maternity and Nursing Home"/>
    <tag k="source" v="OpenGovernmentData"/>
  </node>
  <node id="7048433674" lat="19.1278610" lon="72.8333795">
    <tag k="addr:district" v="Mumbai"/>
    <tag k="addr:full" v="Andheri Mumbai"/>
    <tag k="addr:postcode" v="400005"/>
    <tag k="addr:state" v="Maharashtra"/>
    <tag k="amenity" v="hospital"/>
    <tag k="bench" v="yes"/>
    <tag k="bus" v="yes"/>
    <tag k="highway" v="bus_stop"/>
    <tag k="name" v="Sujata Medicare (Sujata Gyanaecology Clinic);Dhake Colony"/>
    <tag k="name:hi" v="धाके कौलनी"/>
    <tag k="public_transport" v="platform"/>
    <tag k="shelter" v="yes"/>
    <tag k="source" v="OpenGovernmentData"/>
  </node>
  <node id="7048439618" lat="19.2551528" lon="72.8640854">
    <tag k="addr:district" v="Mumbai"/>
    <tag k="addr:full" v="Panchdnam,01 D Wing Anand Nagar Road Corner Opp Jarimari Garden Dahisar (E)"/>
    <tag k="addr:postcode" v="400068"/>
    <tag k="addr:state" v="Maharashtra"/>
    <tag k="amenity" v="hospital"/>
    <tag k="name" v="Akshit Maternity Home"/>
    <tag k="source" v="OpenGovernmentData"/>
  </node>
  <node id="7048529142" lat="19.1712725" lon="72.9580539">
    <tag k="addr:district" v="Mumbai"/>
    <tag k="addr:full" v="Shreenath Plaza, L. T. Marg, Mulund East"/>
    <tag k="addr:postcode" v="400081"/>
    <tag k="addr:state" v="Maharashtra"/>
    <tag k="amenity" v="hospital"/>
    <tag k="name" v="Shushrusha Hospital and Icu"/>
    <tag k="source" v="OpenGovernmentData"/>
  </node>
  <node id="7048562946" lat="19.1750295" lon="72.8459443">
    <tag k="addr:district" v="Mumbai"/>
    <tag k="addr:full" v="Himachal Building, Opposite Sunder Nagar, S V Road"/>
    <tag k="addr:postcode" v="400064"/>
    <tag k="addr:state" v="Maharashtra"/>
    <tag k="amenity" v="hospital"/>
    <tag k="name" v="Maa Nursing Home and Netra Jyoti Eye Care Center"/>
    <tag k="operator:type" v="private"/>
    <tag k="source" v="OpenGovernmentData"/>
  </node>
  <node id="7048562947" lat="19.1901368" lon="72.8441191">
    <tag k="addr:district" v="Mumbai"/>
    <tag k="addr:full" v="61 Shreeji Apt, Ramchandra Lane, Opp Chate Classes, Malad West"/>
    <tag k="addr:postcode" v="400064"/>
    <tag k="addr:state" v="Maharashtra"/>
    <tag k="amenity" v="hospital"/>
    <tag k="name" v="Vardhaman Iccu and Nursing Home"/>
    <tag k="source" v="OpenGovernmentData"/>
  </node>
  <node id="7048747817" lat="19.2153740" lon="72.8153551">
    <tag k="addr:district" v="Mumbai"/>
    <tag k="addr:full" v="Plot No 6,R.S.C.7, Building Charkop Sector 8 ,Kandivali W,Behind Sai Prem"/>
    <tag k="addr:postcode" v="400067"/>
    <tag k="addr:state" v="Maharashtra"/>
    <tag k="amenity" v="hospital"/>
    <tag k="name" v="Dr.Reena Mokal Nursing Home and Polyclinic"/>
    <tag k="phone" v="9324385177,9323409140."/>
    <tag k="source" v="OpenGovernmentData"/>
  </node>
  <node id="7048747818" lat="19.1352084" lon="72.8140642">
    <tag k="addr:district" v="Mumbai"/>
    <tag k="addr:full" v="Flat No 7, Near Police Officer progressive HSG, SOC near Agha Khan Baugh"/>
    <tag k="addr:postcode" v="400061"/>
    <tag k="addr:state" v="Maharashtra"/>
    <tag k="amenity" v="hospital"/>
    <tag k="name" v="Saket Maternity and Nursing Home"/>
    <tag k="source" v="OpenGovernmentData"/>
  </node>
  <node id="7048777736" lat="18.9590608" lon="72.8116697">
    <tag k="addr:district" v="Mumbai"/>
    <tag k="addr:full" v="Modi Bhavan, Pandita Ramabai Road, Gamdevi, Grant Road (W)"/>
    <tag k="addr:postcode" v="400007"/>
    <tag k="addr:state" v="Maharashtra"/>
    <tag k="amenity" v="hospital"/>
    <tag k="name" v="Dr. Nisars Eye Care Centre"/>
    <tag k="source" v="OpenGovernmentData"/>
  </node>
  <node id="7048863374" lat="19.0610324" lon="72.8985131">
    <tag k="addr:district" v="Mumbai"/>
    <tag k="addr:full" v="Garodia Market, Plot No 8/A, 1st Floor D K Sandu Marg, Chembur"/>
    <tag k="addr:postcode" v="400071"/>
    <tag k="addr:state" v="Maharashtra"/>
    <tag k="amenity" v="hospital"/>
    <tag k="healthcare" v="hospital"/>
    <tag k="name" v="Varsha Parekh Maternity and Surgical Hospital"/>
    <tag k="source" v="OpenGovernmentData"/>
  </node>
  <node id="7048872963" lat="19.0878791" lon="72.9023337">
    <tag k="addr:district" v="Mumbai"/>
    <tag k="addr:full" v="Vikram Apartments , G Wing, New Maniklal Estate, L B Marg, Ghakopar (West)"/>
    <tag k="addr:postcode" v="400086"/>
    <tag k="addr:state" v="Maharashtra"/>
    <tag k="amenity" v="hospital"/>
    <tag k="name" v="Shree Sukh Shanti Hospital"/>
    <tag k="source" v="OpenGovernmentData"/>
  </node>
  <node id="7048883830" lat="19.2347733" lon="72.8553515">
    <tag k="addr:district" v="Mumbai"/>
    <tag k="addr:full" v="B-12/13,Laxmi Niwas, Painagar Gokul Hotel, Mandpeshwar Road , Borivli"/>
    <tag k="addr:postcode" v="400092"/>
    <tag k="addr:state" v="Maharashtra"/>
    <tag k="amenity" v="hospital"/>
    <tag k="name" v="Divyadrashti Eye Care Centre"/>
    <tag k="source" v="OpenGovernmentData"/>
    <tag k="wheelchair" v="no"/>
  </node>
  <node id="7048911653" lat="19.1468937" lon="72.8311546">
    <tag k="addr:district" v="Mumbai"/>
    <tag k="addr:full" v="A-1 Ground Floor Building No 20, Manish Nagar 4. Bunglows Andheri (W)"/>
    <tag k="addr:postcode" v="400053"/>
    <tag k="addr:state" v="Maharashtra"/>
    <tag k="amenity" v="hospital"/>
    <tag k="healthcare" v="hospital"/>
    <tag k="name" v="Vital Care Centre"/>
    <tag k="source" v="OpenGovernmentData"/>
  </node>
  <node id="7048950247" lat="19.1154687" lon="72.9306605">
    <tag k="addr:district" v="Mumbai"/>
    <tag k="addr:full" v="237/3258, Tagore Nagar, Opp: Muncipal Market, Vikroli - East"/>
    <tag k="addr:postcode" v="400083"/>
    <tag k="addr:state" v="Maharashtra"/>
    <tag k="amenity" v="hospital"/>
    <tag k="name" v="Modi General Hospital and Iccu"/>
    <tag k="source" v="OpenGovernmentData"/>
  </node>
  <node id="7048956597" lat="19.2144825" lon="72.8671432">
    <tag k="addr:district" v="Mumbai"/>
    <tag k="addr:full" v="Satyam Towers, 90 Feet.Road, Behind HDFC Bank, Kandivali (East)"/>
    <tag k="addr:postcode" v="400101"/>
    <tag k="addr:state" v="Maharashtra"/>
    <tag k="amenity" v="hospital"/>
    <tag k="email" v="doctor@enthospital.com"/>
    <tag k="healthcare" v="hospital"/>
    <tag k="name" v="Speciality Ear Nose Throat Hospital"/>
    <tag k="operator:type" v="private"/>
    <tag k="source" v="OpenGovernmentData"/>
    <tag k="website" v="https://enthospital.com/"/>
  </node>
  <node id="7048966028" lat="19.0799959" lon="72.9043213">
    <tag k="addr:district" v="Mumbai"/>
    <tag k="addr:full" v="C-23, 2nd Floor, Satyam Shopping Centre, M.G. Road"/>
    <tag k="addr:postcode" v="400077"/>
    <tag k="addr:state" v="Maharashtra"/>
    <tag k="amenity" v="hospital"/>
    <tag k="name" v="Saraswati Eye Hospital, Mumbai"/>
    <tag k="source" v="OpenGovernmentData"/>
  </node>
  <node id="7049041346" lat="19.0761790" lon="72.9056409">
    <tag k="addr:city" v="Mumbai"/>
    <tag k="addr:district" v="Mumbai"/>
    <tag k="addr:full" v="# 1, Vivek - 67, Tilak Road, Ghatkopar (E)"/>
    <tag k="addr:postcode" v="400077"/>
    <tag k="addr:state" v="Maharashtra"/>
    <tag k="addr:street" v="Tilak Road"/>
    <tag k="amenity" v="hospital"/>
    <tag k="healthcare" v="hospital"/>
    <tag k="name" v="Ashirwad Heart Hospital"/>
    <tag k="source" v="OpenGovernmentData"/>
  </node>
  <node id="7049047978" lat="19.1940087" lon="72.8392093">
    <tag k="addr:district" v="Mumbai"/>
    <tag k="addr:full" v="3Road Floor, Deora Commercial Centre, Malad, Marve Road, Malad (West)"/>
    <tag k="addr:postcode" v="400064"/>
    <tag k="addr:state" v="Maharashtra"/>
    <tag k="amenity" v="hospital"/>
    <tag k="name" v="Neon Critical Care"/>
    <tag k="source" v="OpenGovernmentData"/>
  </node>
  <node id="7049051361" lat="19.1951758" lon="72.8475892">
    <tag k="addr:district" v="Mumbai"/>
    <tag k="addr:full" v="123,Milap Apartment, 1st Floor, Opposite Milap Cinema, S. V. Road, Malad (West)"/>
    <tag k="addr:postcode" v="400064"/>
    <tag k="addr:state" v="Maharashtra"/>
    <tag k="amenity" v="hospital"/>
    <tag k="name" v="Darshan Orthopaedic and Surgical Clinic - Malad (W)"/>
    <tag k="source" v="OpenGovernmentData"/>
  </node>
  <node id="7049059260" lat="19.2337078" lon="72.8533351">
    <tag k="addr:district" v="Mumbai"/>
    <tag k="addr:full" v="A/6,Shroff Apartment, Sodawala Lane Off., S.V.P.Road, Borivali (West)"/>
    <tag k="addr:postcode" v="400092"/>
    <tag k="addr:state" v="Maharashtra"/>
    <tag k="amenity" v="hospital"/>
    <tag k="healthcare" v="hospital"/>
    <tag k="name" v="Dr. Alok Shahs Iccu and Nursing Home"/>
    <tag k="source" v="OpenGovernmentData"/>
    <tag k="wheelchair" v="no"/>
  </node>
  <node id="7049124019" lat="19.0204668" lon="72.8383778">
    <tag k="addr:district" v="Mumbai"/>
    <tag k="addr:full" v="12, Gyan Mandir Road, Dadar West Railway Station"/>
    <tag k="addr:postcode" v="400028"/>
    <tag k="addr:state" v="Maharashtra"/>
    <tag k="amenity" v="hospital"/>
    <tag k="healthcare" v="hospital"/>
    <tag k="name" v="Shree Vardhaman Sthanakvasi Jain Shravak Sangh Dadar Sanchalit Navneet Jain Health Centre"/>
    <tag k="source" v="OpenGovernmentData"/>
  </node>
  <node id="7049156092" lat="19.1449554" lon="72.9347174">
    <tag k="addr:district" v="Mumbai"/>
    <tag k="addr:full" v="Shrenik Hospital, Dina Patil Estate, Station Road, Bhandup (W)"/>
    <tag k="addr:postcode" v="400078"/>
    <tag k="addr:state" v="Maharashtra"/>
    <tag k="amenity" v="hospital"/>
    <tag k="healthcare" v="hospital"/>
    <tag k="name" v="J. K. Child Health Care and Nicu"/>
    <tag k="source" v="OpenGovernmentData"/>
  </node>
  <node id="7049182746" lat="19.0926292" lon="72.9125141">
    <tag k="addr:district" v="Mumbai"/>
    <tag k="addr:full" v="C Wing, 4th Floor, Bhaveshwar Plaza, L.B.S.Marg, Ghatkopar (West)"/>
    <tag k="addr:postcode" v="400086"/>
    <tag k="addr:state" v="Maharashtra"/>
    <tag k="amenity" v="hospital"/>
    <tag k="email" v="drgujars@yahoo.com"/>
    <tag k="name" v="Amruta Surgical and Maternity Home"/>
    <tag k="operator:type" v="private"/>
    <tag k="source" v="OpenGovernmentData"/>
    <tag k="website" v="http://www.amrutasurgicalandmaternityhome.com/"/>
  </node>
  <node id="7049291708" lat="19.1660129" lon="72.8507602">
    <tag k="addr:district" v="Mumbai"/>
    <tag k="addr:full" v="Arihant Above Bhandari Co-Op Bank,Next To Goregaon"/>
    <tag k="addr:postcode" v="400068"/>
    <tag k="addr:state" v="Maharashtra"/>
    <tag k="amenity" v="hospital"/>
    <tag k="name" v="Navjeevan Urology and Stone Care Centre"/>
    <tag k="source" v="OpenGovernmentData"/>
  </node>
  <node id="7049336179" lat="19.1156879" lon="72.8353295">
    <tag k="addr:district" v="Mumbai"/>
    <tag k="addr:full" v="Plot No38/39, Opposite Juhu Supreme Shopping Centre, Main Gulmohar Road, Andheri (W),"/>
    <tag k="addr:postcode" v="400049"/>
    <tag k="addr:state" v="Maharashtra"/>
    <tag k="amenity" v="hospital"/>
    <tag k="email" v="info@criticarehospital.in"/>
    <tag k="name" v="Criticare Multispeciality Hospital and Research Centre"/>
    <tag k="operator:type" v="private"/>
    <tag k="source" v="OpenGovernmentData"/>
    <tag k="website" v="https://www.criticarehospital.in/"/>
  </node>
  <node id="7049344773" lat="19.1433248" lon="72.8427203">
    <tag k="addr:district" v="Mumbai"/>
    <tag k="addr:full" v="1st Floor, Aftab Classic, Opposite City Hospital, S.V Road, Jogeshwari(West)"/>
    <tag k="addr:postcode" v="400102"/>
    <tag k="addr:state" v="Maharashtra"/>
    <tag k="amenity" v="hospital"/>
    <tag k="contact:phone" v="2226771188"/>
    <tag k="email" v="info@orbiteyehospital.in"/>
    <tag k="healthcare" v="hospital"/>
    <tag k="name" v="Orbit Eye Hospital, Mumbai"/>
    <tag k="operator:type" v="private"/>
    <tag k="source" v="OpenGovernmentData"/>
    <tag k="website" v="https://orbiteyehospital.in/"/>
  </node>
  <node id="7049374148" lat="19.1745533" lon="72.8640358">
    <tag k="addr:district" v="Mumbai"/>
    <tag k="addr:full" v="54 Yashodham Enclave Opp Royal Challenge Hotel Film City Road Goregaon East"/>
    <tag k="addr:postcode" v="400063"/>
    <tag k="addr:state" v="Maharashtra"/>
    <tag k="amenity" v="hospital"/>
    <tag k="name" v="Enclave Maternity Home"/>
    <tag k="source" v="OpenGovernmentData"/>
  </node>
  <node id="7049431620" lat="19.2262963" lon="72.8526716">
    <tag k="addr:district" v="Mumbai"/>
    <tag k="addr:full" v="Vaibhav,A/102, Jambli Gully, Near M.K.High School, Borivali(W)"/>
    <tag k="addr:postcode" v="400092"/>
    <tag k="addr:state" v="Maharashtra"/>
    <tag k="amenity" v="hospital"/>
    <tag k="healthcare:speciality" v="ENT"/>
    <tag k="name" v="Sai Krupa E.N.T. Nursing Home"/>
    <tag k="source" v="OpenGovernmentData"/>
  </node>
  <node id="7049454051" lat="19.1079061" lon="72.8880000">
    <tag k="addr:district" v="Mumbai"/>
    <tag k="addr:full" v="1st Floor, Jalaram Commercial Centre, Next To Hotel Shiv Sagar-Ansa Industrial, Saki Vihar Road, Saki Naka, Andheri East"/>
    <tag k="addr:postcode" v="400072"/>
    <tag k="addr:state" v="Maharashtra"/>
    <tag k="amenity" v="hospital"/>
    <tag k="name" v="Balaji Speciality Hospital"/>
    <tag k="source" v="OpenGovernmentData"/>
  </node>
  <node id="7049527159" lat="19.1676317" lon="72.9513688">
    <tag k="addr:district" v="Mumbai"/>
    <tag k="addr:full" v="1st Floor, Heritage Holy J N Road Mulund"/>
    <tag k="addr:postcode" v="400080"/>
    <tag k="addr:state" v="Maharashtra"/>
    <tag k="amenity" v="hospital"/>
    <tag k="name" v="Holy Trinity Hospital"/>
    <tag k="source" v="OpenGovernmentData"/>
  </node>
  <node id="7049558994" lat="19.2170609" lon="72.8507911">
    <tag k="addr:city" v="mumbai"/>
    <tag k="addr:district" v="Mumbai"/>
    <tag k="addr:full" v="101/A, Panchratna, V Moolji Nagar, Saibaba Mandir Road, Borivali West"/>
    <tag k="addr:housenumber" v="6V82+R6V"/>
    <tag k="addr:postcode" v="400092"/>
    <tag k="addr:state" v="Maharashtra"/>
    <tag k="addr:street" v="Swami Vivekanand Road"/>
    <tag k="amenity" v="hospital"/>
    <tag k="emergency" v="yes"/>
    <tag k="healthcare" v="hospital"/>
    <tag k="healthcare:speciality" v="general;surgery"/>
    <tag k="name" v="Sanghvi Maternity and Surgical Hospital"/>
  </node>
  <node id="7049584815" lat="19.0740757" lon="72.8329611">
    <tag k="addr:district" v="Mumbai"/>
    <tag k="addr:full" v="21 - A, Sita Bhavan, 14Th A Road, Ahimsa Marg, Khar (West)"/>
    <tag k="addr:postcode" v="400052"/>
    <tag k="addr:state" v="Maharashtra"/>
    <tag k="amenity" v="hospital"/>
    <tag k="email" v="info@rghospital.com"/>
    <tag k="healthcare" v="hospital"/>
    <tag k="healthcare:speciality" v="urology;clinical_pathology"/>
    <tag k="name" v="RG Stone Urology and Laparoscopy Hospital, Khar"/>
    <tag k="operator:type" v="private"/>
    <tag k="source" v="OpenGovernmentData"/>
    <tag k="website" v="https://www.rghospitals.com/"/>
  </node>
  <node id="7049588260" lat="19.1747167" lon="72.9526278">
    <tag k="addr:district" v="Mumbai"/>
    <tag k="addr:full" v="Navinjyot Building, RRT Road, Mulund West"/>
    <tag k="addr:postcode" v="400080"/>
    <tag k="addr:state" v="Maharashtra"/>
    <tag k="amenity" v="hospital"/>
    <tag k="name" v="Chetna Critical Care Unit"/>
    <tag k="source" v="OpenGovernmentData"/>
  </node>
  <node id="7049595408" lat="19.1708418" lon="72.9541071">
    <tag k="addr:district" v="Mumbai"/>
    <tag k="addr:full" v="302-303 Koteshwar Plaza Junction Of Jn Road And R.H.B Road Mulund(W)"/>
    <tag k="addr:postcode" v="400065"/>
    <tag k="addr:state" v="Maharashtra"/>
    <tag k="amenity" v="hospital"/>
    <tag k="name" v="Omkar Eye Care Center"/>
    <tag k="source" v="OpenGovernmentData"/>
  </node>
  <node id="7049604152" lat="19.1503562" lon="72.9381332">
    <tag k="addr:district" v="Mumbai"/>
    <tag k="addr:full" v="Lal Bahadur Shastri Marg, Bhandup West"/>
    <tag k="addr:postcode" v="400078"/>
    <tag k="addr:state" v="Maharashtra"/>
    <tag k="amenity" v="hospital"/>
    <tag k="name" v="Dr.Badwaik's Maternity and General Hospital"/>
    <tag k="source" v="OpenGovernmentData"/>
  </node>
  <node id="7049683148" lat="19.0310470" lon="72.8600380">
    <tag k="addr:district" v="Mumbai"/>
    <tag k="addr:full" v="Mumbai"/>
    <tag k="addr:postcode" v="400022"/>
    <tag k="addr:state" v="Maharashtra"/>
    <tag k="amenity" v="hospital"/>
    <tag k="name" v="Shanmukhananda Jasubhai R k shah Medical Centre"/>
    <tag k="source" v="OpenGovernmentData"/>
  </node>
  <node id="7049684094" lat="19.2134884" lon="72.8641317">
    <tag k="addr:district" v="Mumbai"/>
    <tag k="addr:full" v="90 Feet Road, Thakur Complex,Kandivali East"/>
    <tag k="addr:postcode" v="400101"/>
    <tag k="addr:state" v="Maharashtra"/>
    <tag k="amenity" v="hospital"/>
    <tag k="email" v="aditihospital@rediffmail.com"/>
    <tag k="name" v="Aditi Hospital, Kandivali"/>
    <tag k="operator:type" v="private"/>
    <tag k="source" v="OpenGovernmentData"/>
    <tag k="website" v="http://www.aditihospitals.com/"/>
  </node>
  <node id="7049712542" lat="19.1312947" lon="72.8246301">
    <tag k="addr:city" v="Mumbai"/>
    <tag k="addr:district" v="Mumbai"/>
    <tag k="addr:full" v="Rao Saheb Achutrao Patwardhan Marg, Four Bungalows, Andheri West"/>
    <tag k="addr:housenumber" v="madha near gyan kendra school"/>
    <tag k="addr:postcode" v="400053"/>
    <tag k="addr:state" v="Maharashtra"/>
    <tag k="addr:street" v="Jai Prakash Road"/>
    <tag k="amenity" v="hospital"/>
    <tag k="emergency" v="yes"/>
    <tag k="healthcare" v="hospital"/>
    <tag k="healthcare:speciality" v="general;chiropractic;gynaecology"/>
    <tag k="name" v="Kokilaben Dhirubhai Ambani Hospital, Mumbai"/>
    <tag k="opening_hours" v="24/7"/>
    <tag k="operator" v="sathya"/>
    <tag k="operator:type" v="public"/>
    <tag k="source" v="OpenGovernmentData"/>
  </node>
  <node id="7049755583" lat="19.1188723" lon="72.8433318">
    <tag k="addr:district" v="Mumbai"/>
    <tag k="addr:full" v="Om Nikentan V P Road S V Road Behind Hotel Alpha , Andher (West)"/>
    <tag k="addr:postcode" v="400001"/>
    <tag k="addr:state" v="Maharashtra"/>
    <tag k="amenity" v="hospital"/>
    <tag k="check_date" v="2026-03-12"/>
    <tag k="healthcare" v="hospital"/>
    <tag k="name" v="Dr Telangs Dhanvantari Hospital"/>
    <tag k="source" v="OpenGovernmentData"/>
  </node>
  <node id="7049756932" lat="19.1212519" lon="72.8799695">
    <tag k="addr:district" v="Mumbai"/>
    <tag k="addr:full" v="H-2, Vijay Tower,Vijay Nagar,Marol Maroshi Road Andheri(E)"/>
    <tag k="addr:postcode" v="400059"/>
    <tag k="addr:state" v="Maharashtra"/>
    <tag k="amenity" v="hospital"/>
    <tag k="name" v="Dr.Pintos Pathological Laboratory"/>
    <tag k="source" v="OpenGovernmentData"/>
  </node>
  <node id="7049785373" lat="19.2078553" lon="72.8360476">
    <tag k="addr:district" v="Mumbai"/>
    <tag k="addr:full" v="Nishita Apart., Dahanukar Wadi, M.G.Road, Kandivli (W)"/>
    <tag k="addr:postcode" v="400067"/>
    <tag k="addr:state" v="Maharashtra"/>
    <tag k="amenity" v="hospital"/>
    <tag k="healthcare" v="hospital"/>
    <tag k="name" v="Raichura Prasuti Gruha"/>
    <tag k="source" v="OpenGovernmentData"/>
  </node>
  <node id="7049792673" lat="19.1811533" lon="72.8493192">
    <tag k="addr:district" v="Mumbai"/>
    <tag k="addr:full" v="Lachhiramplaza, Ground Floor, D-Wing(Film City Road), Gen.A.K.Vaidya Marg, Goregaon(E)"/>
    <tag k="addr:postcode" v="400063"/>
    <tag k="addr:state" v="Maharashtra"/>
    <tag k="amenity" v="hospital"/>
    <tag k="name" v="Sudha Hospital and Polyclinic, Mumbai"/>
    <tag k="source" v="OpenGovernmentData"/>
  </node>
  <node id="7049800769" lat="19.1244488" lon="72.8611457">
    <tag k="addr:district" v="Mumbai"/>
    <tag k="addr:full" v="Manas, Plot No.19, Sher-E-Punjab Society, Mahakali Caves Road, Andheri East"/>
    <tag k="addr:postcode" v="400093"/>
    <tag k="addr:state" v="Maharashtra"/>
    <tag k="amenity" v="hospital"/>
    <tag k="name" v="Dr.Sakhalkar's Maternity and Nursing Home"/>
    <tag k="source" v="OpenGovernmentData"/>
  </node>
  <node id="7049803405" lat="19.0931817" lon="72.9131524">
    <tag k="addr:district" v="Mumbai"/>
    <tag k="addr:full" v="401, Rajshree Plaza, L.B.S. Marg, Opposite Shreyas Theatre, Ghatkopar(West)"/>
    <tag k="addr:postcode" v="400086"/>
    <tag k="addr:state" v="Maharashtra"/>
    <tag k="amenity" v="hospital"/>
    <tag k="name" v="Suyog Urology Centre"/>
    <tag k="source" v="OpenGovernmentData"/>
  </node>
  <node id="7049812966" lat="19.0124701" lon="72.8343451">
    <tag k="addr:district" v="Mumbai"/>
    <tag k="addr:full" v="101, Inder Tower Gokhale Road (S), Near Tilak Bhavan, Opposite Ashishind Estate, Dadar (West)"/>
    <tag k="addr:postcode" v="400028"/>
    <tag k="addr:state" v="Maharashtra"/>
    <tag k="amenity" v="hospital"/>
    <tag k="email" v="punamiya.hospital@gmail.com"/>
    <tag k="healthcare" v="hospital"/>
    <tag k="name" v="Punamiya Hospital, Mumbai"/>
    <tag k="operator:type" v="private"/>
    <tag k="source" v="OpenGovernmentData"/>
    <tag k="website" v="http://punamiyahospital.in/"/>
  </node>
  <node id="7049822998" lat="19.1235929" lon="72.8423361">
    <tag k="addr:district" v="Mumbai"/>
    <tag k="addr:full" v="110-A, Jaiprakash Road, OppositeNavrang Theatre, Andheri(W)"/>
    <tag k="addr:postcode" v="400058"/>
    <tag k="addr:state" v="Maharashtra"/>
    <tag k="amenity" v="hospital"/>
    <tag k="check_date" v="2026-03-12"/>
    <tag k="healthcare" v="hospital"/>
    <tag k="name" v="Patil Hospital, Mumbai"/>
    <tag k="source" v="OpenGovernmentData"/>
  </node>
  <node id="7049847480" lat="19.1143710" lon="72.8334123">
    <tag k="addr:district" v="Mumbai"/>
    <tag k="addr:full" v="101, Juhu Sheetal,Jvpd Scheme, 9Th Gulmohar Cross Road ,Vile Parle(W)"/>
    <tag k="addr:postcode" v="400049"/>
    <tag k="addr:state" v="Maharashtra"/>
    <tag k="amenity" v="hospital"/>
    <tag k="name" v="Oculus Eye Hospital Pvt. Ltd"/>
    <tag k="source" v="OpenGovernmentData"/>
  </node>
  <node id="7049890629" lat="19.2455898" lon="72.8599562">
    <tag k="addr:district" v="Mumbai"/>
    <tag k="addr:full" v="B1, Amiraj, Ground Floor, Opposite Namita Hospital, Swami Vivekananda Road, Dahisar East"/>
    <tag k="addr:postcode" v="400068"/>
    <tag k="addr:state" v="Maharashtra"/>
    <tag k="amenity" v="hospital"/>
    <tag k="name" v="Navdurga Fracture and Accident Centre"/>
    <tag k="source" v="OpenGovernmentData"/>
  </node>
  <node id="7049981401" lat="19.1879620" lon="72.8593138">
    <tag k="addr:district" v="Mumbai"/>
    <tag k="addr:full" v="Nalanda Soceity,Kurar Villege"/>
    <tag k="addr:postcode" v="400097"/>
    <tag k="addr:state" v="Maharashtra"/>
    <tag k="amenity" v="hospital"/>
    <tag k="name" v="Sai Swayam MatandNur Home"/>
    <tag k="source" v="OpenGovernmentData"/>
  </node>
  <node id="7050094778" lat="19.2284351" lon="72.8542954">
    <tag k="addr:district" v="Mumbai"/>
    <tag k="addr:full" v="Bhakti Bldg B-Wing Gr Floor Opp Jain Temple Jambli Galli, Indrsprastha Shopping Center Borivali W)"/>
    <tag k="addr:postcode" v="400092"/>
    <tag k="addr:state" v="Maharashtra"/>
    <tag k="amenity" v="hospital"/>
    <tag k="name" v="Ashirwad Orthopaedic and Surgical Nursing Home"/>
    <tag k="source" v="OpenGovernmentData"/>
  </node>
  <node id="7050167816" lat="19.0890312" lon="72.9071443">
    <tag k="addr:district" v="Mumbai"/>
    <tag k="addr:full" v="Near Sarvodaya Hospital, L.B.S.Marg, Ghatkoper (West)"/>
    <tag k="addr:postcode" v="400086"/>
    <tag k="addr:state" v="Maharashtra"/>
    <tag k="amenity" v="hospital"/>
    <tag k="email" v="info@zynovaheart.com"/>
    <tag k="name" v="Zynova Heart Hospital"/>
    <tag k="operator:type" v="private"/>
    <tag k="source" v="OpenGovernmentData"/>
    <tag k="website" v="http://zynovaheart.com/"/>
  </node>
  <node id="7050257823" lat="19.2251085" lon="72.8502063">
    <tag k="addr:district" v="Mumbai"/>
    <tag k="addr:full" v="A/1-4 Marble Arch 51 T P S Road Off Factory Lane Borivali (W)"/>
    <tag k="addr:postcode" v="400092"/>
    <tag k="addr:state" v="Maharashtra"/>
    <tag k="amenity" v="hospital"/>
    <tag k="name" v="Shree Borivli Gujarati Seva Mandal"/>
    <tag k="source" v="OpenGovernmentData"/>
  </node>
  <node id="7050319630" lat="19.1853768" lon="72.8539270">
    <tag k="addr:district" v="Mumbai"/>
    <tag k="addr:full" v="201,202, Manish Mandir Co- Op. Hag.Soc.Mansa Apt, , 2nd Floor, Kedarmal Road, Malad (E)"/>
    <tag k="addr:postcode" v="400097"/>
    <tag k="addr:state" v="Maharashtra"/>
    <tag k="amenity" v="hospital"/>
    <tag k="name" v="Jeevan Maternity and General Hospital"/>
    <tag k="source" v="OpenGovernmentData"/>
  </node>
  <node id="7050410994" lat="19.1812375" lon="72.8573692">
    <tag k="addr:district" v="Mumbai"/>
    <tag k="addr:full" v="1-2 Ashish Chs, Raheja Township, Rani Sati Road, Near Sai Baba Temple, Malad East"/>
    <tag k="addr:postcode" v="400097"/>
    <tag k="addr:state" v="Maharashtra"/>
    <tag k="amenity" v="hospital"/>
    <tag k="name" v="Sai Krupa Hospital, Mumbai"/>
    <tag k="source" v="OpenGovernmentData"/>
  </node>
  <node id="7050575276" lat="18.9707774" lon="72.8366089">
    <tag k="addr:district" v="Mumbai"/>
    <tag k="addr:full" v="Aga Hall, Nesbit Road, Mazgaon"/>
    <tag k="addr:postcode" v="400010"/>
    <tag k="addr:state" v="Maharashtra"/>
    <tag k="amenity" v="hospital"/>
    <tag k="emergency" v="yes"/>
    <tag k="healthcare" v="hospital"/>
    <tag k="healthcare:speciality" v="general;gynaecology"/>
    <tag k="name" v="Prince Aly Khan Hospital"/>
    <tag k="name:mr" v="प्रिंस अली खान हॉस्पिटल"/>
    <tag k="source" v="OpenGovernmentData"/>
  </node>
  <node id="7050603512" lat="19.1134362" lon="72.9315296">
    <tag k="addr:district" v="Mumbai"/>
    <tag k="addr:full" v="210/3042, Near Sangali Sahakari Bank, Tagore Nagar No.1, Vikhroli(E)"/>
    <tag k="addr:postcode" v="400083"/>
    <tag k="addr:state" v="Maharashtra"/>
    <tag k="amenity" v="hospital"/>
    <tag k="name" v="Laxmi Health Care Center and Iccu"/>
    <tag k="source" v="OpenGovernmentData"/>
  </node>
  <node id="7050614446" lat="19.0852037" lon="72.9100598">
    <tag k="addr:district" v="Mumbai"/>
    <tag k="addr:full" v="102/108, Karmavihar, Station Road,Opposite Muncipal Market, Near Railway Station"/>
    <tag k="addr:postcode" v="400077"/>
    <tag k="addr:state" v="Maharashtra"/>
    <tag k="amenity" v="hospital"/>
    <tag k="name" v="Khushal Hospital and Maternity Home"/>
    <tag k="source" v="OpenGovernmentData"/>
  </node>
  <node id="7050847681" lat="19.2347942" lon="72.8415965">
    <tag k="addr:district" v="Mumbai"/>
    <tag k="addr:full" v="E- 18/001A, Yogi Nagar, Eksar Road, Borivali(W)"/>
    <tag k="addr:postcode" v="400091"/>
    <tag k="addr:state" v="Maharashtra"/>
    <tag k="amenity" v="hospital"/>
    <tag k="name" v="Rajendra Maternity and Surgical Nursing Home"/>
    <tag k="source" v="OpenGovernmentData"/>
  </node>
  <node id="7050932259" lat="19.0798083" lon="72.9058863">
    <tag k="addr:city" v="Mumbai"/>
    <tag k="addr:district" v="Mumbai"/>
    <tag k="addr:full" v="18-A Happy Home 1st Floor Opp Achija &amp; Guru Kurupa Hotel Ghatkopar (E)"/>
    <tag k="addr:postcode" v="400077"/>
    <tag k="addr:state" v="Maharashtra"/>
    <tag k="amenity" v="hospital"/>
    <tag k="healthcare" v="hospital"/>
    <tag k="name" v="Hiren Mehta Eye Care Centre"/>
    <tag k="source" v="OpenGovernmentData"/>
  </node>
  <node id="7051069996" lat="19.0250711" lon="72.8400777">
    <tag k="addr:district" v="Mumbai"/>
    <tag k="addr:full" v="Vidya Bhuvan 121, Shivaji Park, Opp Shiv Sena Bhavan Dadar - West"/>
    <tag k="addr:postcode" v="400028"/>
    <tag k="addr:state" v="Maharashtra"/>
    <tag k="amenity" v="hospital"/>
    <tag k="healthcare" v="hospital"/>
    <tag k="name" v="Dr Thakur Hospital"/>
    <tag k="source" v="OpenGovernmentData"/>
  </node>
  <node id="7051069997" lat="19.1064919" lon="72.8877814">
    <tag k="addr:district" v="Mumbai"/>
    <tag k="addr:full" v="305/306 Ruby Monarch, 3Road Floor , Opp Post Office, Saki Vihar Road , Saki Naka, Andheri East"/>
    <tag k="addr:postcode" v="400072"/>
    <tag k="addr:state" v="Maharashtra"/>
    <tag k="amenity" v="hospital"/>
    <tag k="name" v="Ashirwad Children and Surgical Hospital"/>
    <tag k="source" v="OpenGovernmentData"/>
  </node>
  <node id="7051069998" lat="19.1951536" lon="72.8748706">
    <tag k="addr:district" v="Mumbai"/>
    <tag k="addr:full" v="1st Floor, Green Gagan Bldg, Mhada Layout,Plot No-14,Lokhandwala Township,Akurli Road,Kandivali(Eas)"/>
    <tag k="addr:postcode" v="400101"/>
    <tag k="addr:state" v="Maharashtra"/>
    <tag k="amenity" v="hospital"/>
    <tag k="name" v="Medha Maternity and Nursing Home - Kandivali (E) Mumbai"/>
    <tag k="source" v="OpenGovernmentData"/>
  </node>
  <node id="7051070001" lat="19.2183374" lon="72.8289404">
    <tag k="addr:district" v="Mumbai"/>
    <tag k="addr:full" v="2,Ratnadeep, Sector 3, OppositeApna Bazaar,Near Saibaba Mandir, Charkop Kandivli (W)"/>
    <tag k="addr:postcode" v="400067"/>
    <tag k="addr:state" v="Maharashtra"/>
    <tag k="amenity" v="hospital"/>
    <tag k="name" v="Jaydeep Eye and Physiotherapy Clinic - Kandivli"/>
    <tag k="source" v="OpenGovernmentData"/>
  </node>
  <node id="7051070010" lat="19.0050283" lon="72.8225555">
    <tag k="addr:district" v="Mumbai"/>
    <tag k="addr:full" v="3Road Floor, Sadhana House Behind Mahindra Towers, Pandurang Budhkar Marg, Worli Mumbai"/>
    <tag k="addr:postcode" v="400018"/>
    <tag k="addr:state" v="Maharashtra"/>
    <tag k="amenity" v="hospital"/>
    <tag k="name" v="Reliance Life Sciences Pvt. Ltd"/>
    <tag k="source" v="OpenGovernmentData"/>
  </node>
  <node id="7051070842" lat="19.1373789" lon="72.8466645">
    <tag k="addr:district" v="Mumbai"/>
    <tag k="addr:full" v="Sharma Estate, Next To Dlwan Shopping Centre,S.V.Road, Jogeswari (W)"/>
    <tag k="addr:postcode" v="400102"/>
    <tag k="addr:state" v="Maharashtra"/>
    <tag k="amenity" v="hospital"/>
    <tag k="name" v="Mallika Hospital and Envision Eye Centre"/>
    <tag k="source" v="OpenGovernmentData"/>
  </node>
  <node id="7051103930" lat="19.1456895" lon="72.9292135">
    <tag k="addr:district" v="Mumbai"/>
    <tag k="addr:full" v="Arunoday Tower, C Wing, Ground Floor, Opp Kokan Nagar Bus Stop, Bhandup (W)"/>
    <tag k="addr:postcode" v="400078"/>
    <tag k="addr:state" v="Maharashtra"/>
    <tag k="amenity" v="hospital"/>
    <tag k="name" v="Gaurav Maternity and Surgical Hospital"/>
    <tag k="source" v="OpenGovernmentData"/>
  </node>
  <node id="7051176229" lat="19.1068100" lon="72.8655446">
    <tag k="addr:district" v="Mumbai"/>
    <tag k="addr:full" v="Mistry Complex, Sankalp (Gr. Floor), Near Greater Bank, J.B. Nagar, Andheri (E)"/>
    <tag k="addr:postcode" v="400059"/>
    <tag k="addr:state" v="Maharashtra"/>
    <tag k="amenity" v="hospital"/>
    <tag k="healthcare" v="hospital"/>
    <tag k="name" v="Kiran Care and Cure Hospital"/>
    <tag k="operator" v="Dr. Vaibhav Mistry"/>
    <tag k="source" v="OpenGovernmentData"/>
  </node>
  <node id="7051342865" lat="19.1288557" lon="72.8294756">
    <tag k="addr:district" v="Mumbai"/>
    <tag k="addr:full" v="Yashodhan Apt. No.1,Next To Four Bunglows Signal, Andheri (W)"/>
    <tag k="addr:postcode" v="400053"/>
    <tag k="addr:state" v="Maharashtra"/>
    <tag k="amenity" v="hospital"/>
    <tag k="healthcare" v="hospital"/>
    <tag k="name" v="Doctor Pareek's Deafness Clinic and ENT Hospital"/>
    <tag k="source" v="OpenGovernmentData"/>
  </node>
  <node id="7051342882" lat="19.1476957" lon="72.9307269">
    <tag k="addr:district" v="Mumbai"/>
    <tag k="addr:full" v="23-C, Miniland, Shivaji Talao, Tank Road, Bhandup (W)"/>
    <tag k="addr:postcode" v="400078"/>
    <tag k="addr:state" v="Maharashtra"/>
    <tag k="amenity" v="hospital"/>
    <tag k="name" v="Sas Health Care Pvt. Limited"/>
    <tag k="source" v="OpenGovernmentData"/>
  </node>
  <node id="7051345894" lat="19.2106923" lon="72.8257466">
    <tag k="addr:district" v="Mumbai"/>
    <tag k="addr:full" v="Ground Floor, Gharkul, Charkop Modern Society, Sector No.1, Charkop, Kandivali West"/>
    <tag k="addr:postcode" v="400067"/>
    <tag k="addr:state" v="Maharashtra"/>
    <tag k="amenity" v="hospital"/>
    <tag k="name" v="Shakuntala Maternity Home"/>
    <tag k="source" v="OpenGovernmentData"/>
  </node>
  <node id="7051595414" lat="19.0565988" lon="72.8905401">
    <tag k="addr:district" v="Mumbai"/>
    <tag k="addr:full" v="48 Swastik Park, Umarshi Bappa Chowk, Sion Trombay Road, Chembur"/>
    <tag k="addr:postcode" v="400071"/>
    <tag k="addr:state" v="Maharashtra"/>
    <tag k="amenity" v="hospital"/>
    <tag k="name" v="Mangal Anand Hospital"/>
    <tag k="source" v="OpenGovernmentData"/>
  </node>
  <node id="7051650092" lat="19.1169019" lon="72.8713220">
    <tag k="addr:city" v="Mumbai"/>
    <tag k="addr:district" v="Mumbai"/>
    <tag k="addr:full" v="1-Lacreame Nrakruti Trade Center Road No-7 Kondivita Midc Area Andheri(E)"/>
    <tag k="addr:housenumber" v="G1, Lacreme Building, Kondivita, Andheri East"/>
    <tag k="addr:postcode" v="400047"/>
    <tag k="addr:state" v="Maharashtra"/>
    <tag k="addr:street" v="Road Number 7"/>
    <tag k="amenity" v="hospital"/>
    <tag k="healthcare" v="hospital"/>
    <tag k="name" v="Umang Maternity and Surgical Nursing Home"/>
    <tag k="phone" v="+912228203041"/>
    <tag k="source" v="OpenGovernmentData"/>
  </node>
  <node id="7051688587" lat="19.2062254" lon="72.8440869">
    <tag k="addr:district" v="Mumbai"/>
    <tag k="addr:full" v="Neelyog Apts, Ground Floor, M. G. Road-4, Opposite Patel Nagar, Kandivali(W)"/>
    <tag k="addr:postcode" v="400067"/>
    <tag k="addr:state" v="Maharashtra"/>
    <tag k="amenity" v="hospital"/>
    <tag k="name" v="Nidhi Nursing Home and Iccu"/>
    <tag k="source" v="OpenGovernmentData"/>
  </node>
  <node id="7051809539" lat="19.2570320" lon="72.8647211">
    <tag k="addr:district" v="Mumbai"/>
    <tag k="addr:full" v="001-002,Harsh Apartments, A/5, Anand Narar Off C.S.Road, Dahisar (E)"/>
    <tag k="addr:postcode" v="400068"/>
    <tag k="addr:state" v="Maharashtra"/>
    <tag k="amenity" v="hospital"/>
    <tag k="name" v="Ashirwad Maternity and Nursing Home"/>
    <tag k="source" v="OpenGovernmentData"/>
  </node>
  <node id="7051825616" lat="19.1171996" lon="72.8827469">
    <tag k="addr:district" v="Mumbai"/>
    <tag k="addr:full" v="Plot No.236, Twin Arcade,Military Road,Marol,Andheri (East)"/>
    <tag k="addr:postcode" v="400059"/>
    <tag k="addr:state" v="Maharashtra"/>
    <tag k="amenity" v="hospital"/>
    <tag k="name" v="Sugun Hospital Multispeciality Diagnostic, Icu"/>
    <tag k="source" v="OpenGovernmentData"/>
  </node>
  <node id="7051961242" lat="19.1763038" lon="72.9535586">
    <tag k="addr:district" v="Mumbai"/>
    <tag k="addr:full" v="545, Thawaroadas Bhavan, N. S. Road, Near Abhyudaya Bank"/>
    <tag k="addr:postcode" v="400080"/>
    <tag k="addr:state" v="Maharashtra"/>
    <tag k="amenity" v="hospital"/>
    <tag k="name" v="Dhanwantary Hospital and ICCU"/>
    <tag k="source" v="OpenGovernmentData"/>
  </node>
  <node id="7051973313" lat="19.1953626" lon="72.8319351">
    <tag k="addr:district" v="Mumbai"/>
    <tag k="addr:full" v="Sahadev, Vishal Nagar, Mith Chowki, Marve Road, Malad (W)"/>
    <tag k="addr:postcode" v="400064"/>
    <tag k="addr:state" v="Maharashtra"/>
    <tag k="amenity" v="hospital"/>
    <tag k="name" v="Dr Pagruts Fracture Orthopaedic and Surgical Hospital"/>
    <tag k="source" v="OpenGovernmentData"/>
  </node>
  <node id="7051992797" lat="19.1685629" lon="72.9594474">
    <tag k="addr:district" v="Mumbai"/>
    <tag k="addr:full" v="102, Samarth C.H.S Ltd., Lokmanya Tilak Road(Extn)"/>
    <tag k="addr:postcode" v="400080"/>
    <tag k="addr:state" v="Maharashtra"/>
    <tag k="amenity" v="hospital"/>
    <tag k="name" v="Samarth Maternity and Nursing Home"/>
    <tag k="source" v="OpenGovernmentData"/>
  </node>
  <node id="7051997345" lat="19.2185792" lon="72.8523032">
    <tag k="addr:district" v="Mumbai"/>
    <tag k="addr:full" v="Municipal Corporation Of Greater Mumbai,108-113,Lancelot,S.V.Road,Borivli(W)"/>
    <tag k="addr:postcode" v="400092"/>
    <tag k="addr:state" v="Maharashtra"/>
    <tag k="amenity" v="hospital"/>
    <tag k="name" v="Shri Bala Hanuman Maternity and Surgical Hospital"/>
    <tag k="source" v="OpenGovernmentData"/>
    <tag k="wheelchair" v="yes"/>
  </node>
  <node id="7052027524" lat="19.0279281" lon="72.8538381">
    <tag k="addr:district" v="Mumbai"/>
    <tag k="addr:full" v="Sanjay, Ground Floor, Plot 376, Telang Cross Road No.2, Near Matunga Circle"/>
    <tag k="addr:postcode" v="400019"/>
    <tag k="addr:state" v="Maharashtra"/>
    <tag k="amenity" v="hospital"/>
    <tag k="name" v="Jashem Eye Institute"/>
    <tag k="source" v="OpenGovernmentData"/>
  </node>
  <node id="7052058100" lat="19.0342874" lon="72.8591891">
    <tag k="addr:district" v="Mumbai"/>
    <tag k="addr:full" v="2/254, Alka Mansion, Dr Ambedkar Road, Sion West"/>
    <tag k="addr:postcode" v="400022"/>
    <tag k="addr:state" v="Maharashtra"/>
    <tag k="amenity" v="hospital"/>
    <tag k="check_date" v="2026-03-20"/>
    <tag k="name" v="Vyas' Surgery"/>
    <tag k="source" v="OpenGovernmentData"/>
  </node>
  <node id="7052124558" lat="19.1938770" lon="72.8474611">
    <tag k="addr:district" v="Mumbai"/>
    <tag k="addr:full" v="559/1, Pushpachandra Apartment, S V Road, Riddhi Vinayak Temple Lane, Malad West"/>
    <tag k="addr:postcode" v="400064"/>
    <tag k="addr:state" v="Maharashtra"/>
    <tag k="amenity" v="hospital"/>
    <tag k="name" v="Riddhivinayak Critical Care and Cardiac Centre"/>
    <tag k="operator:type" v="private"/>
    <tag k="source" v="OpenGovernmentData"/>
    <tag k="website" v="http://www.rvcc.co.in/"/>
  </node>
  <node id="7052136733" lat="19.2473080" lon="72.8534780">
    <tag k="addr:district" v="Mumbai"/>
    <tag k="addr:full" v="Grd Flr, Hare Krishna Apts, S. V .P. Road , Opposite Bhagwati Hospital, Borivali West"/>
    <tag k="addr:postcode" v="400103"/>
    <tag k="addr:state" v="Maharashtra"/>
    <tag k="amenity" v="hospital"/>
    <tag k="name" v="Sohum Eyecare Centre"/>
    <tag k="source" v="OpenGovernmentData"/>
  </node>
  <node id="7052181497" lat="19.0399657" lon="72.8546199">
    <tag k="addr:district" v="Mumbai"/>
    <tag k="addr:full" v="90 Feet Road, Ground, 1st, 2nd &amp; 3rd Road, At Masiha Islampura Co-operative Housing Society Ltd., Behind Sion Hospital, Near Dharavi Police Station"/>
    <tag k="addr:postcode" v="400017"/>
    <tag k="addr:state" v="Maharashtra"/>
    <tag k="amenity" v="hospital"/>
    <tag k="healthcare" v="hospital"/>
    <tag k="name" v="Sai Hospital"/>
    <tag k="source" v="OpenGovernmentData"/>
  </node>
  <node id="7052183599" lat="19.1745628" lon="72.9521015">
    <tag k="addr:district" v="Mumbai"/>
    <tag k="addr:full" v="1st Floor, Shri Siddhi Plaza, Above Hast Kala Showroom, R.R.T. Road, Mulund"/>
    <tag k="addr:postcode" v="400080"/>
    <tag k="addr:state" v="Maharashtra"/>
    <tag k="amenity" v="hospital"/>
    <tag k="name" v="Drishti Eye Care Centre"/>
    <tag k="source" v="OpenGovernmentData"/>
  </node>
  <node id="7052185493" lat="19.0744458" lon="72.8344122">
    <tag k="addr:district" v="Mumbai"/>
    <tag k="addr:full" v="1 Milton Tower, 290-291, Linking Road, Khar West"/>
    <tag k="addr:postcode" v="400052"/>
    <tag k="addr:state" v="Maharashtra"/>
    <tag k="amenity" v="hospital"/>
    <tag k="healthcare" v="hospital"/>
    <tag k="healthcare:speciality" v="pathology"/>
    <tag k="name" v="Khar Clinico-Pathology Laboratory"/>
    <tag k="source" v="OpenGovernmentData"/>
  </node>
  <node id="7052220015" lat="19.2017598" lon="72.8567670">
    <tag k="addr:district" v="Mumbai"/>
    <tag k="addr:full" v="A-101, Nagvekar Apartment, Akurli Road, Kandivali East"/>
    <tag k="addr:postcode" v="400101"/>
    <tag k="addr:state" v="Maharashtra"/>
    <tag k="amenity" v="hospital"/>
    <tag k="name" v="Saibaba Maternity and Nursing Home"/>
    <tag k="source" v="OpenGovernmentData"/>
  </node>
  <node id="7052285550" lat="19.1918378" lon="72.8437878">
    <tag k="addr:district" v="Mumbai"/>
    <tag k="addr:full" v="Ashwin B Ground Floor, Marve Road, Malad (West)"/>
    <tag k="addr:postcode" v="400064"/>
    <tag k="addr:state" v="Maharashtra"/>
    <tag k="amenity" v="hospital"/>
    <tag k="name" v="Shree Surgical and Maternity Nursing Home"/>
    <tag k="source" v="OpenGovernmentData"/>
  </node>
  <node id="7052294540" lat="19.0521558" lon="72.9092518">
    <tag k="addr:district" v="Mumbai"/>
    <tag k="addr:full" v="101, 102, 103, Ashirwad Hospital, Anurag Bussiness Center, Waman- Tukaram Patil Marg, Chembur"/>
    <tag k="addr:postcode" v="400071"/>
    <tag k="addr:state" v="Maharashtra"/>
    <tag k="amenity" v="hospital"/>
    <tag k="name" v="Ashirwad Hospital and Polyclinic"/>
    <tag k="source" v="OpenGovernmentData"/>
  </node>
  <node id="7052303296" lat="19.0799452" lon="72.8545234">
    <tag k="addr:district" v="Mumbai"/>
    <tag k="addr:full" v="Rizvi Park, S.V.Road, Santacruz(W)"/>
    <tag k="addr:postcode" v="400054"/>
    <tag k="addr:state" v="Maharashtra"/>
    <tag k="amenity" v="hospital"/>
    <tag k="check_date" v="2026-03-21"/>
    <tag k="emergency" v="yes"/>
    <tag k="healthcare" v="hospital"/>
    <tag k="healthcare:speciality" v="orthodontics"/>
    <tag k="name" v="Aseem Orthopaedic Hospital"/>
  </node>
  <node id="7052355305" lat="19.2337585" lon="72.8645320">
    <tag k="addr:district" v="Mumbai"/>
    <tag k="addr:full" v="Koyna, Shantivan Complex, Near National Park, Borivali East"/>
    <tag k="addr:postcode" v="400066"/>
    <tag k="addr:state" v="Maharashtra"/>
    <tag k="amenity" v="hospital"/>
    <tag k="name" v="Mohit Hospital"/>
    <tag k="source" v="OpenGovernmentData"/>
  </node>
  <node id="7052365607" lat="18.9568031" lon="72.8190404">
    <tag k="addr:district" v="Mumbai"/>
    <tag k="addr:full" v="9,Dr, D.D. Sathe Marg"/>
    <tag k="addr:postcode" v="400004"/>
    <tag k="addr:state" v="Maharashtra"/>
    <tag k="amenity" v="hospital"/>
    <tag k="healthcare" v="hospital"/>
    <tag k="healthcare:speciality" v="general;gynaecology"/>
    <tag k="name" v="Brahman Sabha, Mhaskar Gruh and General Nursing Home"/>
    <tag k="phone" v="+91 22 23871999"/>
    <tag k="source" v="OpenGovernmentData"/>
  </node>
  <node id="7052388277" lat="19.0049840" lon="72.8432125">
    <tag k="addr:district" v="Mumbai"/>
    <tag k="addr:full" v="Dr.E Borges Road, Parel"/>
    <tag k="addr:postcode" v="400012"/>
    <tag k="addr:state" v="Maharashtra"/>
    <tag k="amenity" v="hospital"/>
    <tag k="email" v="info@tmcmail.org; tmcit1@vsnl.com"/>
    <tag k="name" v="Tata Memorial Hospital"/>
    <tag k="operator:type" v="private"/>
    <tag k="source" v="OpenGovernmentData"/>
    <tag k="website" v="www.tmc.gov.in"/>
  </node>
  <node id="7052502073" lat="19.1845751" lon="72.8527451">
    <tag k="addr:district" v="Mumbai"/>
    <tag k="addr:full" v="Bhavani Chambers, Kedarmal Road, Malad East"/>
    <tag k="addr:postcode" v="400097"/>
    <tag k="addr:state" v="Maharashtra"/>
    <tag k="amenity" v="hospital"/>
    <tag k="name" v="Sanjeevani Surgical and General Hospital"/>
    <tag k="source" v="OpenGovernmentData"/>
  </node>
  <node id="7052502074" lat="19.1842065" lon="72.8510258">
    <tag k="addr:district" v="Mumbai"/>
    <tag k="addr:full" v="Ishwar Bhuvan, Pt.Solicitor Road, Off Rani Sati Marg, Malad East"/>
    <tag k="addr:postcode" v="400097"/>
    <tag k="addr:state" v="Maharashtra"/>
    <tag k="amenity" v="hospital"/>
    <tag k="name" v="Sanjeevani Chandrabhan Agrawal Charitable Trust Eye Hospital"/>
    <tag k="source" v="OpenGovernmentData"/>
  </node>
  <node id="7052525501" lat="19.1012531" lon="72.8853004">
    <tag k="addr:district" v="Mumbai"/>
    <tag k="addr:full" v="J.P House, Sakinaka,Andheri Kurla Road,Andheri East"/>
    <tag k="addr:postcode" v="400072"/>
    <tag k="addr:state" v="Maharashtra"/>
    <tag k="amenity" v="hospital"/>
    <tag k="name" v="J.P Hospital, Mumbai"/>
    <tag k="source" v="OpenGovernmentData"/>
  </node>
  <node id="7052744110" lat="19.1869158" lon="72.8405692">
    <tag k="addr:district" v="Mumbai"/>
    <tag k="addr:full" v="Chheda Apartment Liberty Garden Cross Road No-3, Below Malad Sahakar Bank Malad(W)"/>
    <tag k="addr:postcode" v="400064"/>
    <tag k="addr:state" v="Maharashtra"/>
    <tag k="amenity" v="hospital"/>
    <tag k="name" v="The Laser Vision Centre"/>
    <tag k="source" v="OpenGovernmentData"/>
  </node>
  <node id="7052767202" lat="19.1095801" lon="72.9264937">
    <tag k="addr:district" v="Mumbai"/>
    <tag k="addr:full" v="A- Kumar Apartments, Behind St.Joseph School,Vikhroli(W)"/>
    <tag k="addr:postcode" v="400079"/>
    <tag k="addr:state" v="Maharashtra"/>
    <tag k="amenity" v="hospital"/>
    <tag k="name" v="Samarth Hospital, Mumbai"/>
    <tag k="source" v="OpenGovernmentData"/>
  </node>
  <node id="7052779516" lat="19.2463736" lon="72.8606214">
    <tag k="addr:district" v="Mumbai"/>
    <tag k="addr:full" v="Manav Kalyan Kendra Chowk S V Road Dahisar East"/>
    <tag k="addr:postcode" v="400068"/>
    <tag k="addr:state" v="Maharashtra"/>
    <tag k="amenity" v="hospital"/>
    <tag k="name" v="Navneet Hi-Tech Hospital"/>
    <tag k="source" v="OpenGovernmentData"/>
  </node>
  <node id="7052811704" lat="19.0890115" lon="72.9070786">
    <tag k="addr:district" v="Mumbai"/>
    <tag k="addr:full" v="302/303, Trimurti Arcade, 3Road Flr, L.B.S. Road, Near Sarvodaya Hospital, Ghatkopar (W)"/>
    <tag k="addr:postcode" v="400086"/>
    <tag k="addr:state" v="Maharashtra"/>
    <tag k="amenity" v="hospital"/>
    <tag k="name" v="Navnirman Maternity and Surgical Hospital"/>
    <tag k="source" v="OpenGovernmentData"/>
  </node>
  <node id="7052813761" lat="19.1273593" lon="72.8315811">
    <tag k="addr:district" v="Mumbai"/>
    <tag k="addr:full" v="15/16, A-Wing, Doctors Corner, Sitladevi Chs,Opp Indian Oil Nagar, D.N.Nagar, Andheri Link Road"/>
    <tag k="addr:postcode" v="400058"/>
    <tag k="addr:state" v="Maharashtra"/>
    <tag k="amenity" v="hospital"/>
    <tag k="healthcare" v="hospital"/>
    <tag k="name" v="Dr. Vaidya Eye Hospital"/>
    <tag k="source" v="OpenGovernmentData"/>
  </node>
  <node id="7052833529" lat="19.2014609" lon="72.8587666">
    <tag k="addr:district" v="Mumbai"/>
    <tag k="addr:full" v="Shri Mira Co-Op Housing Societuy, Ankurli Road, Kandivali (E)"/>
    <tag k="addr:postcode" v="400101"/>
    <tag k="addr:state" v="Maharashtra"/>
    <tag k="amenity" v="hospital"/>
    <tag k="name" v="Sanchaiti Hospital"/>
    <tag k="source" v="OpenGovernmentData"/>
  </node>
  <node id="7052855546" lat="19.2056922" lon="72.8453777">
    <tag k="addr:district" v="Mumbai"/>
    <tag k="addr:full" v="Kalyan Apt., M.G. Road, Behind Swaminarayan Temple, Kandivali(W)"/>
    <tag k="addr:postcode" v="400067"/>
    <tag k="addr:state" v="Maharashtra"/>
    <tag k="amenity" v="hospital"/>
    <tag k="name" v="Paarth Hospital"/>
    <tag k="source" v="OpenGovernmentData"/>
  </node>
  <node id="7052877579" lat="19.1898379" lon="72.8465733">
    <tag k="addr:district" v="Mumbai"/>
    <tag k="addr:full" v="Khetan Appts., S.V.Road, Malad(W)"/>
    <tag k="addr:postcode" v="400064"/>
    <tag k="addr:state" v="Maharashtra"/>
    <tag k="amenity" v="hospital"/>
    <tag k="name" v="Saraogi Maternity and General Hospital"/>
    <tag k="source" v="OpenGovernmentData"/>
  </node>
  <node id="7052963441" lat="19.0146877" lon="72.8318681">
    <tag k="addr:district" v="Mumbai"/>
    <tag k="addr:full" v="Manoj Co-Op,Hsg,Society,Shankar Ghanekar Marg.Prabhedevi"/>
    <tag k="addr:postcode" v="400025"/>
    <tag k="addr:state" v="Maharashtra"/>
    <tag k="amenity" v="hospital"/>
    <tag k="healthcare" v="hospital"/>
    <tag k="healthcare:speciality" v="maternity;pathology"/>
    <tag k="name" v="Dr.Palep's Priyank Maternity Nursing Home"/>
    <tag k="source" v="OpenGovernmentData"/>
  </node>
  <node id="7053014921" lat="19.0881022" lon="72.9051983">
    <tag k="addr:district" v="Mumbai"/>
    <tag k="addr:full" v="A1, Harekrishna Building,First Floor,Near Telephone Exchange,L.B.S. Marg,Ghatkopar(West)"/>
    <tag k="addr:postcode" v="400086"/>
    <tag k="addr:state" v="Maharashtra"/>
    <tag k="amenity" v="hospital"/>
    <tag k="name" v="Nulife Hospital, Mumbai"/>
    <tag k="source" v="OpenGovernmentData"/>
  </node>
  <node id="7053026376" lat="19.0882556" lon="72.9053311">
    <tag k="addr:district" v="Mumbai"/>
    <tag k="addr:full" v="Jivdaya Lane, Dharmodaya B Wing, 1st Floor, Ghatkopar (W)"/>
    <tag k="addr:postcode" v="400086"/>
    <tag k="addr:state" v="Maharashtra"/>
    <tag k="amenity" v="hospital"/>
    <tag k="name" v="Jivdaya Hospital"/>
    <tag k="source" v="OpenGovernmentData"/>
  </node>
  <node id="7053034034" lat="19.0881504" lon="72.9051822">
    <tag k="addr:district" v="Mumbai"/>
    <tag k="addr:full" v="A/101,Chandradaya Bldg,Above Saibaba Temple,R.B. Kadam Marg, Lbs Road,Ghatkopar(W)"/>
    <tag k="addr:postcode" v="400086"/>
    <tag k="addr:state" v="Maharashtra"/>
    <tag k="amenity" v="hospital"/>
    <tag k="name" v="Shradha Heart Hospital"/>
    <tag k="source" v="OpenGovernmentData"/>
  </node>
  <node id="7053184769" lat="19.1293815" lon="72.8158540">
    <tag k="addr:district" v="Mumbai"/>
    <tag k="addr:full" v="Vishwashanti, Juhu - 7 Bungalows, Link Road, 7, Bungalows Garden"/>
    <tag k="addr:postcode" v="400061"/>
    <tag k="addr:state" v="Maharashtra"/>
    <tag k="amenity" v="hospital"/>
    <tag k="name" v="Mamta Maternity and Nursing Home"/>
    <tag k="source" v="OpenGovernmentData"/>
  </node>
  <node id="7053189597" lat="19.1035152" lon="72.8514978">
    <tag k="addr:district" v="Mumbai"/>
    <tag k="addr:full" v="Shop No - 1,Dunhill Castle,Opp 9 To 9 Super Market,Hanuman Road,Vileparle (East)"/>
    <tag k="addr:postcode" v="400057"/>
    <tag k="addr:state" v="Maharashtra"/>
    <tag k="amenity" v="hospital"/>
    <tag k="healthcare" v="hospital"/>
    <tag k="name" v="Dr.Satish G.Desai"/>
    <tag k="source" v="OpenGovernmentData"/>
  </node>
  <node id="7053245833" lat="19.0154396" lon="72.8335994">
    <tag k="addr:district" v="Mumbai"/>
    <tag k="addr:full" v="Shilpa Appts, 1st Floor, Shankar Ghanekar Marg, Off Gokhle Road (S)"/>
    <tag k="addr:postcode" v="400028"/>
    <tag k="addr:state" v="Maharashtra"/>
    <tag k="amenity" v="hospital"/>
    <tag k="healthcare" v="hospital"/>
    <tag k="healthcare:speciality" v="general"/>
    <tag k="name" v="Dev Nursing Home"/>
    <tag k="source" v="OpenGovernmentData"/>
  </node>
  <node id="7053265680" lat="19.0136391" lon="72.8451061">
    <tag k="addr:district" v="Mumbai"/>
    <tag k="addr:full" v="15, First Floor, Vincent Court, Near Fire Brigade, Opposite Chitra Cinema, Dr.B.Ambedkar Road, Dadar (East)"/>
    <tag k="addr:postcode" v="400014"/>
    <tag k="addr:state" v="Maharashtra"/>
    <tag k="amenity" v="hospital"/>
    <tag k="email" v="info@daycaresurgery.com"/>
    <tag k="name" v="Suprabha Surgicare"/>
    <tag k="operator:type" v="private"/>
    <tag k="source" v="OpenGovernmentData"/>
    <tag k="website" v="http://www.daycaresurgery.com/"/>
  </node>
  <node id="7053266063" lat="19.0418977" lon="72.8640935">
    <tag k="addr:district" v="Mumbai"/>
    <tag k="addr:full" v="6/206, Shiv Mahal Chs, Sion Main Road"/>
    <tag k="addr:postcode" v="400022"/>
    <tag k="addr:state" v="Maharashtra"/>
    <tag k="amenity" v="hospital"/>
    <tag k="check_date" v="2026-08-30"/>
    <tag k="name" v="Dr. Deosthaci's Eye Care Centre"/>
    <tag k="source" v="OpenGovernmentData"/>
  </node>
  <node id="7053273298" lat="19.0852950" lon="72.9062873">
    <tag k="addr:city" v="mumbai"/>
    <tag k="addr:district" v="Mumbai"/>
    <tag k="addr:full" v="Shradhanand Road, Ghatkopar (W)"/>
    <tag k="addr:housenumber" v="near ghatkopar station"/>
    <tag k="addr:postcode" v="400086"/>
    <tag k="addr:state" v="Maharashtra"/>
    <tag k="addr:street" v="Sanitorium Lane"/>
    <tag k="amenity" v="hospital"/>
    <tag k="healthcare:speciality" v="dentist;physiotherapy;general"/>
    <tag k="name" v="H.J. Doshi Ghatkopar Hindu Sabha Hospital"/>
    <tag k="source" v="OpenGovernmentData;osm notes"/>
  </node>
  <node id="7053277891" lat="19.0253227" lon="72.8520517">
    <tag k="addr:district" v="Mumbai"/>
    <tag k="addr:full" v="1/320, Shridhar Niwas,Sir Bhaichandra Road, Matunga"/>
    <tag k="addr:postcode" v="400019"/>
    <tag k="addr:state" v="Maharashtra"/>
    <tag k="amenity" v="hospital"/>
    <tag k="check_date" v="2026-03-20"/>
    <tag k="name" v="Dr.Chhatres Maternity and Surgical Nursing Home"/>
    <tag k="source" v="OpenGovernmentData"/>
  </node>
  <node id="7053355770" lat="19.0241779" lon="72.8380385">
    <tag k="addr:district" v="Mumbai"/>
    <tag k="addr:full" v="Udyam, Ranade Road Shivaji Park"/>
    <tag k="addr:postcode" v="400028"/>
    <tag k="addr:state" v="Maharashtra"/>
    <tag k="amenity" v="hospital"/>
    <tag k="healthcare" v="hospital"/>
    <tag k="name" v="Well Spring Dr Avinash Phadke Pathlab Clinic"/>
    <tag k="source" v="OpenGovernmentData"/>
  </node>
  <node id="7053517508" lat="19.1639918" lon="72.9469208">
    <tag k="addr:district" v="Mumbai"/>
    <tag k="addr:full" v="Sarvodaya Parshwanath Nagar Mulund W"/>
    <tag k="addr:postcode" v="400080"/>
    <tag k="addr:state" v="Maharashtra"/>
    <tag k="amenity" v="hospital"/>
    <tag k="name" v="Shree Sai Maternity and Surgical Nursing Home"/>
    <tag k="source" v="OpenGovernmentData"/>
  </node>
  <node id="7053711443" lat="19.1988025" lon="72.8383416">
    <tag k="addr:district" v="Mumbai"/>
    <tag k="addr:full" v="Tank Road, Next To Skywalk Tower, Near Orlem Church, End Of Shankar Lane Malad - West"/>
    <tag k="addr:postcode" v="400064"/>
    <tag k="addr:state" v="Maharashtra"/>
    <tag k="amenity" v="hospital"/>
    <tag k="name" v="Surana Hospital and Research Centre, Mumbai"/>
    <tag k="source" v="OpenGovernmentData"/>
  </node>
  <node id="7053870878" lat="19.1702287" lon="72.9322658">
    <tag k="addr:district" v="Mumbai"/>
    <tag k="addr:full" v="Buiding No. E/5 , Highland Park , Guru Gobind Singh Road , Jai Shastri Nagar , Mulund Colony , Mulund ( West )"/>
    <tag k="addr:postcode" v="400082"/>
    <tag k="addr:state" v="Maharashtra"/>
    <tag k="amenity" v="hospital"/>
    <tag k="name" v="Ashirwad Maternity and Nursing Home, Mulund"/>
    <tag k="source" v="OpenGovernmentData"/>
  </node>
  <node id="7054152139" lat="19.1152368" lon="72.9335748">
    <tag k="addr:district" v="Mumbai"/>
    <tag k="addr:full" v="No. 199/2952, Group No. 08/B,Opposite Old Tagore Nagar Post Office,Vikhroli East"/>
    <tag k="addr:postcode" v="400083"/>
    <tag k="addr:state" v="Maharashtra"/>
    <tag k="amenity" v="hospital"/>
    <tag k="name" v="Yashwant Hospital, Mumbai"/>
    <tag k="source" v="OpenGovernmentData"/>
  </node>
  <node id="7054166264" lat="19.1839215" lon="72.8498415">
    <tag k="addr:city" v="Mumbai"/>
    <tag k="addr:district" v="Mumbai"/>
    <tag k="addr:full" v="1st Floor, Ganga Jamuna Bldg., 16 Rani Sati Marg, Malad(E)"/>
    <tag k="addr:postcode" v="400097"/>
    <tag k="addr:state" v="Maharashtra"/>
    <tag k="addr:street" v="Poddar Road"/>
    <tag k="amenity" v="hospital"/>
    <tag k="emergency" v="yes"/>
    <tag k="healthcare" v="hospital"/>
    <tag k="healthcare:speciality" v="orthodontics;ophthalmology"/>
    <tag k="name" v="Krishna Eye Care Centre"/>
    <tag k="operator" v="private clinic"/>
    <tag k="operator:type" v="private"/>
    <tag k="source" v="local knowledge"/>
  </node>
  <node id="7054170594" lat="19.1473486" lon="72.9364809">
    <tag k="addr:district" v="Mumbai"/>
    <tag k="addr:full" v="100A, RR Realty, Lbs Marg, Bhandup (W)"/>
    <tag k="addr:postcode" v="400078"/>
    <tag k="addr:state" v="Maharashtra"/>
    <tag k="amenity" v="hospital"/>
    <tag k="name" v="Dr. Thakurs Ear Nose Throat Clinic and Hospital - Bhandup (W) Mumbai"/>
    <tag k="source" v="OpenGovernmentData"/>
  </node>
  <node id="7054209607" lat="19.2297146" lon="72.8544416">
    <tag k="addr:city" v="Mumbai"/>
    <tag k="addr:district" v="Mumbai Suburban"/>
    <tag k="addr:full" v="1 St Floor Arunoday Shopping Centre, Market Lane, Near Ajanta Talkies, Borivli ( West)"/>
    <tag k="addr:postcode" v="400092"/>
    <tag k="addr:state" v="Maharashtra"/>
    <tag k="addr:street" v="Borivali"/>
    <tag k="amenity" v="hospital"/>
    <tag k="healthcare" v="hospital"/>
    <tag k="name" v="Dr. Khatavs Mother and Child Hospital"/>
    <tag k="source" v="OpenGovernmentData"/>
  </node>
  <node id="7054423656" lat="18.9747946" lon="72.8128391">
    <tag k="addr:district" v="Mumbai"/>
    <tag k="addr:full" v="Between Cross Roads Shopping Centre And Tardeo A/C Market, 50, Tardeo Road"/>
    <tag k="addr:postcode" v="400034"/>
    <tag k="addr:state" v="Maharashtra"/>
    <tag k="amenity" v="hospital"/>
    <tag k="name" v="Shetty Nursing Home (Shetty Health Services Pvt. Ltd.)"/>
    <tag k="source" v="OpenGovernmentData"/>
  </node>
  <node id="7054447906" lat="18.9527132" lon="72.8337845">
    <tag k="addr:city" v="Mumbai"/>
    <tag k="addr:district" v="Mumbai"/>
    <tag k="addr:full" v="58,Mohammedali Road"/>
    <tag k="addr:postcode" v="400003"/>
    <tag k="addr:state" v="Maharashtra"/>
    <tag k="addr:street" v="Muhammad Ali Road"/>
    <tag k="amenity" v="hospital"/>
    <tag k="healthcare" v="hospital"/>
    <tag k="healthcare:speciality" v="gynaecology"/>
    <tag k="name" v="Dholkawalla Maternity Home"/>
    <tag k="source" v="OpenGovernmentData"/>
  </node>
  <node id="7054456795" lat="19.1169678" lon="72.8443725">
    <tag k="addr:district" v="Mumbai"/>
    <tag k="addr:full" v="Alka Building Opp M A High School S V Road Andheri W"/>
    <tag k="addr:postcode" v="400058"/>
    <tag k="addr:state" v="Maharashtra"/>
    <tag k="amenity" v="hospital"/>
    <tag k="healthcare" v="hospital"/>
    <tag k="name" v="Vibha Maternity and Surgical Nursing Home"/>
    <tag k="source" v="OpenGovernmentData"/>
  </node>
  <node id="7054513600" lat="19.2342561" lon="72.8585628">
    <tag k="addr:district" v="Mumbai"/>
    <tag k="addr:full" v="Daulat Nagar, Road No. 5 &amp; 7, Behind Punjab Bank, Borivali(E)"/>
    <tag k="addr:postcode" v="400066"/>
    <tag k="addr:state" v="Maharashtra"/>
    <tag k="amenity" v="hospital"/>
    <tag k="healthcare" v="hospital"/>
    <tag k="name" v="Shri K V O Jain Manav Seva Kendra Navneet Hospital"/>
    <tag k="source" v="OpenGovernmentData;local knowledge"/>
  </node>
  <node id="7054526793" lat="19.0307218" lon="72.8416521">
    <tag k="addr:district" v="Mumbai"/>
    <tag k="addr:full" v="1st Fl., Shayog Society, L.J. Road, Next To City Light Cinema, Mahim"/>
    <tag k="addr:postcode" v="400016"/>
    <tag k="addr:state" v="Maharashtra"/>
    <tag k="amenity" v="hospital"/>
    <tag k="healthcare" v="hospital"/>
    <tag k="name" v="Surlata Hospital"/>
    <tag k="source" v="OpenGovernmentData"/>
  </node>
  <node id="7054555638" lat="19.1809405" lon="72.8368664">
    <tag k="addr:district" v="Mumbai"/>
    <tag k="addr:full" v="Divya Smurti, Opposite Toyata Showroom, Near Ichhapuri Hanuman Temple, Link Road, Malad(W)"/>
    <tag k="addr:postcode" v="400064"/>
    <tag k="addr:state" v="Maharashtra"/>
    <tag k="amenity" v="hospital"/>
    <tag k="name" v="Saraswati Hospital, Mumbai"/>
    <tag k="source" v="OpenGovernmentData"/>
  </node>
  <node id="7054594721" lat="19.2006415" lon="72.8485534">
    <tag k="addr:district" v="Mumbai"/>
    <tag k="addr:full" v="Shri Mangubhai Dattani Bhavan, S V Road, S M Road Kandivali(W)"/>
    <tag k="addr:postcode" v="400067"/>
    <tag k="addr:state" v="Maharashtra"/>
    <tag k="amenity" v="hospital"/>
    <tag k="name" v="Khm Medical Centre Shree Kandivli Hitwardhak Mandal Kandivali"/>
    <tag k="source" v="OpenGovernmentData"/>
  </node>
  <node id="7054625890" lat="19.1361449" lon="72.8503498">
    <tag k="addr:district" v="Mumbai"/>
    <tag k="addr:full" v="B3/4, Satellite Classic Caves Road, Near Jogeshwari Railway Station, Jogeshwari (East)"/>
    <tag k="addr:postcode" v="400060"/>
    <tag k="addr:state" v="Maharashtra"/>
    <tag k="amenity" v="hospital"/>
    <tag k="check_date" v="2026-03-12"/>
    <tag k="healthcare" v="hospital"/>
    <tag k="name" v="Dr. Kamat's Hospital"/>
    <tag k="source" v="OpenGovernmentData"/>
  </node>
  <node id="7054682098" lat="19.0559270" lon="72.8368556">
    <tag k="addr:district" v="Mumbai"/>
    <tag k="addr:full" v="Opp,Lake.S.V Road,Bandra(West)"/>
    <tag k="addr:postcode" v="400050"/>
    <tag k="addr:state" v="Maharashtra"/>
    <tag k="amenity" v="hospital"/>
    <tag k="healthcare" v="hospital"/>
    <tag k="name" v="Mahatma Gandhi Seva Mandir"/>
    <tag k="source" v="OpenGovernmentData"/>
  </node>
  <node id="7054692538" lat="19.2294557" lon="72.8543866">
    <tag k="addr:district" v="Mumbai"/>
    <tag k="addr:full" v="Kahan Bhavan, Ground Floor, L.T. Road, Behind Diamond Cinema, Borivali West"/>
    <tag k="addr:postcode" v="400092"/>
    <tag k="addr:state" v="Maharashtra"/>
    <tag k="amenity" v="hospital"/>
    <tag k="email" v="mppurohit@yahoo.co.in"/>
    <tag k="healthcare" v="hospital"/>
    <tag k="name" v="Purohit Hospital"/>
    <tag k="source" v="OpenGovernmentData"/>
    <tag k="website" v="http://www.purohithospital.com/"/>
  </node>
  <node id="7054725462" lat="19.1070774" lon="72.8673752">
    <tag k="addr:district" v="Mumbai"/>
    <tag k="addr:full" v="F/2, 3, Ajit Nagar, J.B.Nagar, Andheri East"/>
    <tag k="addr:postcode" v="400059"/>
    <tag k="addr:state" v="Maharashtra"/>
    <tag k="amenity" v="hospital"/>
    <tag k="healthcare" v="hospital"/>
    <tag k="name" v="Ameya Surgical and General Nursing Home"/>
    <tag k="source" v="OpenGovernmentData"/>
  </node>
  <node id="7054746894" lat="19.0804497" lon="72.8562031">
    <tag k="addr:district" v="Mumbai"/>
    <tag k="addr:full" v="Karlton Apts, Vakola Village Road, Vakola Santacruz (E)"/>
    <tag k="addr:postcode" v="400055"/>
    <tag k="addr:state" v="Maharashtra"/>
    <tag k="amenity" v="hospital"/>
    <tag k="check_date" v="2026-03-21"/>
    <tag k="healthcare" v="hospital"/>
    <tag k="name" v="Dr. Raut's Maternity and Surgical Nursing Home"/>
    <tag k="source" v="OpenGovernmentData"/>
  </node>
  <node id="7054759108" lat="19.0512684" lon="72.9018161">
    <tag k="addr:district" v="Mumbai"/>
    <tag k="addr:full" v="Near Diamond Garden, Sion-Trombay Road, Near Fairlawn So., Chembur"/>
    <tag k="addr:postcode" v="400071"/>
    <tag k="addr:state" v="Maharashtra"/>
    <tag k="amenity" v="hospital"/>
    <tag k="name" v="Oma Hospital"/>
    <tag k="source" v="OpenGovernmentData"/>
  </node>
  <node id="7054797503" lat="19.1359498" lon="72.8520081">
    <tag k="addr:district" v="Mumbai"/>
    <tag k="addr:full" v="Kesar Plaza, Caves Road, Station Road, Jogeshwari (E)"/>
    <tag k="addr:postcode" v="400014"/>
    <tag k="addr:state" v="Maharashtra"/>
    <tag k="amenity" v="hospital"/>
    <tag k="healthcare" v="hospital"/>
    <tag k="name" v="Dr Kulkarni Hospital"/>
    <tag k="source" v="OpenGovernmentData"/>
  </node>
  <node id="7054810984" lat="19.2352710" lon="72.8664377">
    <tag k="addr:district" v="Mumbai"/>
    <tag k="addr:full" v="Plot No-161, Shree Krishna Nagar, Shantivan, Near Post Office, Kajupada Road,Near National Park, Borivali"/>
    <tag k="addr:postcode" v="400066"/>
    <tag k="addr:state" v="Maharashtra"/>
    <tag k="amenity" v="hospital"/>
    <tag k="name" v="Shree Krishna Hospital, Mumbai"/>
    <tag k="source" v="OpenGovernmentData"/>
  </node>
  <node id="7054831098" lat="19.1852661" lon="72.8471252">
    <tag k="addr:district" v="Mumbai"/>
    <tag k="addr:full" v="Kashi Kunj(Sahajanand), 1st Flr, Next To Malad Shopping Centre, 62, S.V.Road, Malad(W)"/>
    <tag k="addr:postcode" v="400064"/>
    <tag k="addr:state" v="Maharashtra"/>
    <tag k="amenity" v="hospital"/>
    <tag k="name" v="Kumta Eye and Retina Clinic and Laser Center"/>
    <tag k="source" v="OpenGovernmentData"/>
  </node>
  <node id="7054852418" lat="19.0444281" lon="72.8651664">
    <tag k="addr:district" v="Mumbai"/>
    <tag k="addr:full" v="# 102, Maryland Corner, Plot No.39, Next To Hp Petrol Pump,Sion(E)"/>
    <tag k="addr:postcode" v="400022"/>
    <tag k="addr:state" v="Maharashtra"/>
    <tag k="amenity" v="hospital"/>
    <tag k="name" v="Krishna Eye Centre"/>
    <tag k="source" v="OpenGovernmentData"/>
  </node>
  <node id="7054913128" lat="19.1506818" lon="72.9374432">
    <tag k="addr:district" v="Mumbai"/>
    <tag k="addr:full" v="Neha Annexe, Khot Road, Bhandup (W)"/>
    <tag k="addr:postcode" v="400078"/>
    <tag k="addr:state" v="Maharashtra"/>
    <tag k="amenity" v="hospital"/>
    <tag k="name" v="Nadkarni Eye Care Centre"/>
    <tag k="source" v="OpenGovernmentData"/>
  </node>
  <node id="7054939253" lat="19.1699994" lon="72.9592790">
    <tag k="addr:district" v="Mumbai"/>
    <tag k="addr:full" v="1st Flr Sitamai Apartmets Hanuman Chowk L.T. Road, Mulund (East)"/>
    <tag k="addr:postcode" v="400081"/>
    <tag k="addr:state" v="Maharashtra"/>
    <tag k="amenity" v="hospital"/>
    <tag k="name" v="Omkar Surgical and Maternity Home"/>
    <tag k="source" v="OpenGovernmentData"/>
  </node>
  <node id="7054965709" lat="19.2078566" lon="72.8266338">
    <tag k="addr:district" v="Mumbai"/>
    <tag k="addr:full" v="1st Floor, Kesar Plaza, Charkop Market Above Noble Medical Store, Kandivali(W)"/>
    <tag k="addr:postcode" v="400067"/>
    <tag k="addr:state" v="Maharashtra"/>
    <tag k="amenity" v="hospital"/>
    <tag k="name" v="Matushree Maternity, Surgical and General Nursing Home"/>
    <tag k="source" v="OpenGovernmentData"/>
  </node>
  <node id="7055036505" lat="19.1291496" lon="72.8251760">
    <tag k="addr:district" v="Mumbai"/>
    <tag k="addr:full" v="003, Yashodhan Building II, JP Road, Four Bungalows, Andheri West"/>
    <tag k="addr:postcode" v="400053"/>
    <tag k="addr:state" v="Maharashtra"/>
    <tag k="amenity" v="hospital"/>
    <tag k="check_date" v="2025-10-18"/>
    <tag k="healthcare" v="hospital"/>
    <tag k="name" v="Sehgal Path Lab"/>
    <tag k="source" v="OpenGovernmentData"/>
    <tag k="website" v="https://sehgalpathlab.com/"/>
  </node>
  <node id="7055036574" lat="19.0594446" lon="72.9000807">
    <tag k="addr:district" v="Mumbai"/>
    <tag k="addr:full" v="18th Road, Near Ambedkar Garden, Chembur"/>
    <tag k="addr:postcode" v="400071"/>
    <tag k="addr:state" v="Maharashtra"/>
    <tag k="amenity" v="hospital"/>
    <tag k="email" v="info@rushabheyehospital.com"/>
    <tag k="name" v="Rushabh Eye Hospital and Laser Centre"/>
    <tag k="operator:type" v="private"/>
    <tag k="source" v="OpenGovernmentData"/>
    <tag k="website" v="https://rushabheyehospital.com/"/>
  </node>
  <node id="7055113661" lat="19.1473346" lon="72.9361148">
    <tag k="addr:district" v="Mumbai"/>
    <tag k="addr:full" v="111,R R Realty 1st Floor Junction Of L B S Road &amp;, Tank Road Bhandup West, Above Axis Bank"/>
    <tag k="addr:postcode" v="400078"/>
    <tag k="addr:state" v="Maharashtra"/>
    <tag k="amenity" v="hospital"/>
    <tag k="name" v="Srushti Orthotech Hospital"/>
    <tag k="source" v="OpenGovernmentData"/>
  </node>
  <node id="7055144633" lat="19.0880933" lon="72.8363293">
    <tag k="addr:district" v="Mumbai"/>
    <tag k="addr:full" v="B-9/G-2 &amp; 3, Ground Floor, Khira Nagar, S V Road, Santacruz West"/>
    <tag k="addr:postcode" v="400054"/>
    <tag k="addr:state" v="Maharashtra"/>
    <tag k="amenity" v="hospital"/>
    <tag k="healthcare" v="hospital"/>
    <tag k="name" v="Malhaar Maternity and Nursing Home"/>
    <tag k="source" v="OpenGovernmentData"/>
  </node>
  <node id="7055153115" lat="19.0883050" lon="72.9069599">
    <tag k="addr:district" v="Mumbai"/>
    <tag k="addr:full" v="B103-104, Lal Bahadur Chs, Opposite Sarvodaya Hospital, L B S Road Ghatkopar"/>
    <tag k="addr:postcode" v="400086"/>
    <tag k="addr:state" v="Maharashtra"/>
    <tag k="amenity" v="hospital"/>
    <tag k="name" v="Medico Surgical Clinic and Hospital"/>
    <tag k="source" v="OpenGovernmentData"/>
  </node>
  <node id="7055223581" lat="19.1456572" lon="72.9292417">
    <tag k="addr:district" v="Mumbai"/>
    <tag k="addr:full" v="A 102/103, Wing Arunoday Tower,1st Floor,Kokan Nagar ,J.M.Road"/>
    <tag k="addr:postcode" v="400065"/>
    <tag k="addr:state" v="Maharashtra"/>
    <tag k="amenity" v="hospital"/>
    <tag k="name" v="Shaha Children Hospital"/>
    <tag k="source" v="OpenGovernmentData"/>
  </node>
  <node id="7055262419" lat="19.0399822" lon="72.8511733">
    <tag k="addr:district" v="Mumbai"/>
    <tag k="addr:full" v="103, Jai Ganesh Co-Op Soc, Plot No 206, Opp Sion Hosp-Sion East"/>
    <tag k="addr:postcode" v="400022"/>
    <tag k="addr:state" v="Maharashtra"/>
    <tag k="amenity" v="hospital"/>
    <tag k="name" v="Dr Savlas Child Care Centre"/>
    <tag k="source" v="OpenGovernmentData"/>
  </node>
  <node id="7055276698" lat="19.1148073" lon="72.8432044">
    <tag k="addr:district" v="Mumbai"/>
    <tag k="addr:full" v="Viral Apartments, I Floor, Shoppers Shop,S.V.Road, Andheri (W)"/>
    <tag k="addr:postcode" v="400058"/>
    <tag k="addr:state" v="Maharashtra"/>
    <tag k="amenity" v="hospital"/>
    <tag k="name" v="Doctor Eye Hospital"/>
    <tag k="source" v="OpenGovernmentData"/>
  </node>
  <node id="7055279023" lat="19.0308961" lon="72.8600594">
    <tag k="addr:district" v="Mumbai"/>
    <tag k="addr:full" v="4Th Floor, (Tower Block), Jasubhai R K Shah Medical Centre 292,Comrade Harbansial Marg, Sion East"/>
    <tag k="addr:postcode" v="400022"/>
    <tag k="addr:state" v="Maharashtra"/>
    <tag k="amenity" v="hospital"/>
    <tag k="name" v="Shanmukhananda Aditya Jyot Eye Institute"/>
    <tag k="source" v="OpenGovernmentData"/>
  </node>
  <node id="7055330884" lat="19.1386865" lon="72.8321403">
    <tag k="addr:district" v="Mumbai"/>
    <tag k="addr:full" v="Spenta Mansion, S.V.Road, Andheri(W)"/>
    <tag k="addr:postcode" v="400058"/>
    <tag k="addr:state" v="Maharashtra"/>
    <tag k="amenity" v="hospital"/>
    <tag k="healthcare" v="hospital"/>
    <tag k="name" v="Dr Eye Institute Pvt Ltd"/>
    <tag k="source" v="OpenGovernmentData"/>
  </node>
  <node id="7055419121" lat="19.0800884" lon="72.9043441">
    <tag k="addr:district" v="Mumbai"/>
    <tag k="addr:full" v="Ambika Darshan, M. G. Road, Ghatkopar (E), Ghatkopar (E)"/>
    <tag k="addr:postcode" v="400077"/>
    <tag k="addr:state" v="Maharashtra"/>
    <tag k="amenity" v="hospital"/>
    <tag k="name" v="Ashwini Maternity and Surgical Hospital,Ghatkopar(E)"/>
    <tag k="source" v="OpenGovernmentData"/>
  </node>
  <node id="7055428168" lat="18.9573440" lon="72.8248367">
    <tag k="addr:district" v="Mumbai"/>
    <tag k="addr:full" v="Mahaprabhu Krupa, 1st Floor, Room No.5, Near Alankar Cinema, Girgaum -Charni Road"/>
    <tag k="addr:postcode" v="400004"/>
    <tag k="addr:state" v="Maharashtra"/>
    <tag k="amenity" v="hospital"/>
    <tag k="name" v="Yogeshwar Surgical Clinic and Nursing Home - Mumbai"/>
    <tag k="source" v="OpenGovernmentData"/>
  </node>
  <node id="7055441837" lat="19.0704500" lon="72.8370246">
    <tag k="addr:district" v="Mumbai"/>
    <tag k="addr:full" v="Naseeb Plot No.115,1st Floor, S.V.Road, Khar (West)"/>
    <tag k="addr:postcode" v="400052"/>
    <tag k="addr:state" v="Maharashtra"/>
    <tag k="amenity" v="hospital"/>
    <tag k="healthcare" v="hospital"/>
    <tag k="name" v="G.M.Medical Centre - Khar"/>
    <tag k="source" v="OpenGovernmentData"/>
  </node>
  <node id="7055460057" lat="19.0660316" lon="72.8319771">
    <tag k="addr:district" v="Mumbai"/>
    <tag k="addr:full" v="Shyamkripa Bldg,Ground Floor 15Th Road, Khar (W)"/>
    <tag k="addr:postcode" v="400052"/>
    <tag k="addr:state" v="Maharashtra"/>
    <tag k="amenity" v="hospital"/>
    <tag k="healthcare" v="hospital"/>
    <tag k="name" v="Tulip Womens Healthcare Centre - Khar (W)"/>
    <tag k="source" v="OpenGovernmentData"/>
  </node>
  <node id="7055476546" lat="19.1309793" lon="72.8468147">
    <tag k="addr:district" v="Mumbai"/>
    <tag k="addr:full" v="Gokul Apt. Kevanipada, Next To Farooq High School, S. V Road Jogeshwari (W)"/>
    <tag k="addr:postcode" v="400102"/>
    <tag k="addr:state" v="Maharashtra"/>
    <tag k="amenity" v="hospital"/>
    <tag k="healthcare" v="hospital"/>
    <tag k="name" v="Mother Care Maternity and Surgical Nursing Home - Mumbai"/>
    <tag k="source" v="OpenGovernmentData"/>
  </node>
  <node id="7055590161" lat="19.0554536" lon="72.8356392">
    <tag k="addr:district" v="Mumbai"/>
    <tag k="addr:full" v="1st Floor , Diamond Palace , 15 - A , Hill Road , Opposite Bandra , Police Station , Bandra (West )"/>
    <tag k="addr:postcode" v="400050"/>
    <tag k="addr:state" v="Maharashtra"/>
    <tag k="amenity" v="hospital"/>
    <tag k="healthcare" v="hospital"/>
    <tag k="name" v="Parekh Eye Hospital"/>
    <tag k="source" v="OpenGovernmentData"/>
  </node>
  <node id="7055739367" lat="19.1453506" lon="72.8230691">
    <tag k="addr:district" v="Mumbai"/>
    <tag k="addr:full" v="33 Nebula 4Th Cross Road Lokhandwala Complex Andheri W"/>
    <tag k="addr:postcode" v="400053"/>
    <tag k="addr:state" v="Maharashtra"/>
    <tag k="amenity" v="hospital"/>
    <tag k="check_date" v="2026-02-22"/>
    <tag k="name" v="Pushpa Maternity Home"/>
    <tag k="source" v="OpenGovernmentData"/>
  </node>
  <node id="7055749046" lat="19.1339758" lon="72.8654212">
    <tag k="addr:district" v="Mumbai"/>
    <tag k="addr:full" v="Aareshwar Bldg., Opp Dhiraj Darshan, Kokan Nagar, Jogeshwari East"/>
    <tag k="addr:postcode" v="400060"/>
    <tag k="addr:state" v="Maharashtra"/>
    <tag k="amenity" v="hospital"/>
    <tag k="healthcare" v="hospital"/>
    <tag k="name" v="Kokan Hospital"/>
    <tag k="source" v="OpenGovernmentData"/>
  </node>
  <node id="7055759633" lat="18.9925482" lon="72.8243351">
    <tag k="addr:district" v="Mumbai"/>
    <tag k="addr:full" v="Mumbai"/>
    <tag k="addr:postcode" v="400008"/>
    <tag k="addr:state" v="Maharashtra"/>
    <tag k="amenity" v="hospital"/>
    <tag k="check_date" v="2026-03-20"/>
    <tag k="healthcare" v="hospital"/>
    <tag k="name" v="Ipc Heart Care"/>
    <tag k="source" v="OpenGovernmentData"/>
  </node>
  <node id="7059172358" lat="19.1681778" lon="72.9388078">
    <tag k="addr:district" v="Mumbai"/>
    <tag k="addr:full" v="117-O, Hallmark, Vasant Oscar, Opp- Greenworld, Near Nirmal Life Style, Mulund"/>
    <tag k="addr:postcode" v="400080"/>
    <tag k="addr:state" v="Maharashtra"/>
    <tag k="amenity" v="hospital"/>
    <tag k="name" v="Anil Cancer Clinic"/>
    <tag k="source" v="OpenGovernmentData"/>
  </node>
  <node id="7059172378" lat="19.0796436" lon="72.9043186">
    <tag k="addr:district" v="Mumbai"/>
    <tag k="addr:full" v="301, Sapphire Arcade, Above Sejal Jewellery, M.G. Road, Near Rajawadi Signal, Ghatkopar(E)"/>
    <tag k="addr:postcode" v="400077"/>
    <tag k="addr:state" v="Maharashtra"/>
    <tag k="amenity" v="hospital"/>
    <tag k="name" v="Jain Eye Clinic"/>
    <tag k="source" v="OpenGovernmentData"/>
  </node>
  <node id="7059192085" lat="19.0741124" lon="72.9057200">
    <tag k="addr:district" v="Mumbai"/>
    <tag k="addr:full" v="48 Swastic Park Chembur"/>
    <tag k="addr:postcode" v="400071"/>
    <tag k="addr:state" v="Maharashtra"/>
    <tag k="amenity" v="hospital"/>
    <tag k="name" v="Mandakini Nuclear Imaging Centre"/>
    <tag k="source" v="OpenGovernmentData"/>
  </node>
  <node id="7059192086" lat="18.9595979" lon="72.8331207">
    <tag k="addr:district" v="Mumbai"/>
    <tag k="addr:full" v="Imamwada Road, Opposite Mughal Masjid"/>
    <tag k="addr:postcode" v="400009"/>
    <tag k="addr:state" v="Maharashtra"/>
    <tag k="amenity" v="hospital"/>
    <tag k="emergency" v="yes"/>
    <tag k="healthcare" v="hospital"/>
    <tag k="healthcare:speciality" v="gynaecology;general"/>
    <tag k="name" v="M.H. Saboo Siddique Maternity and General Hospital - Masjid"/>
    <tag k="source" v="OpenGovernmentData"/>
  </node>
  <node id="7062228611" lat="19.0713778" lon="72.8377193">
    <tag k="addr:district" v="Mumbai"/>
    <tag k="addr:full" v="Mumbai"/>
    <tag k="addr:postcode" v="400052"/>
    <tag k="addr:state" v="Maharashtra"/>
    <tag k="amenity" v="hospital"/>
    <tag k="name" v="I Sight Eyecare and Surgery"/>
    <tag k="source" v="OpenGovernmentData"/>
  </node>
  <node id="7062490980" lat="19.1467015" lon="72.9348570">
    <tag k="addr:district" v="Mumbai"/>
    <tag k="addr:full" v="Vakratunda Palace, Tank Road, Lodha Imperia, Bhandup (W)"/>
    <tag k="addr:postcode" v="400018"/>
    <tag k="addr:state" v="Maharashtra"/>
    <tag k="amenity" v="hospital"/>
    <tag k="name" v="Saarthi Hospital, Mumbai"/>
    <tag k="source" v="OpenGovernmentData"/>
  </node>
  <node id="7062490982" lat="19.2064788" lon="72.8384505">
    <tag k="addr:district" v="Mumbai"/>
    <tag k="addr:full" v="Atlanta, 1277/C, M. G. Road, Kandivali (W)"/>
    <tag k="addr:postcode" v="400067"/>
    <tag k="addr:state" v="Maharashtra"/>
    <tag k="amenity" v="hospital"/>
    <tag k="healthcare" v="hospital"/>
    <tag k="name" v="Grace Maternity and Nursing Home - Kandivli (W)"/>
    <tag k="source" v="OpenGovernmentData"/>
  </node>
  <node id="7062497091" lat="19.1828494" lon="72.9541553">
    <tag k="addr:district" v="Mumbai"/>
    <tag k="addr:full" v="The Color Scape Shopping Mall, G-103, D D Upadhayay Marg, Near Mulund Check Naka, Mulund West"/>
    <tag k="addr:postcode" v="400080"/>
    <tag k="addr:state" v="Maharashtra"/>
    <tag k="amenity" v="hospital"/>
    <tag k="check_date" v="2026-05-20"/>
    <tag k="contact:phone" v="9987229960"/>
    <tag k="email" v="info@platinumhospitals.in"/>
    <tag k="name" v="Platinum Hospitals"/>
    <tag k="operator:type" v="private"/>
    <tag k="source" v="OpenGovernmentData"/>
    <tag k="website" v="https://www.platinumhospitals.in/"/>
  </node>
  <node id="7062539947" lat="19.1161551" lon="72.9306163">
    <tag k="addr:district" v="Mumbai"/>
    <tag k="addr:full" v="2/252/3369, Tagore Nagar, Vikhroli"/>
    <tag k="addr:postcode" v="400089"/>
    <tag k="addr:state" v="Maharashtra"/>
    <tag k="amenity" v="hospital"/>
    <tag k="name" v="Priya Maternity Home"/>
    <tag k="source" v="OpenGovernmentData"/>
  </node>
  <node id="7062712061" lat="19.2176029" lon="72.8478874">
    <tag k="addr:city" v="Mumbai"/>
    <tag k="addr:district" v="Mumbai"/>
    <tag k="addr:full" v="1st Floor,Trupti Building,Near Sai Temple,Sai Baba Nagar,Borivali(W)"/>
    <tag k="addr:housenumber" v="Haridas nagar road"/>
    <tag k="addr:postcode" v="400092"/>
    <tag k="addr:state" v="Maharashtra"/>
    <tag k="addr:street" v="Saibaba nagar"/>
    <tag k="amenity" v="hospital"/>
    <tag k="emergency" v="yes"/>
    <tag k="name" v="Sai Sparsh Maternity and Nursing Home"/>
    <tag k="source" v="OpenGovernmentData"/>
    <tag k="wheelchair" v="yes"/>
  </node>
  <node id="7062712062" lat="19.0995270" lon="72.8493437">
    <tag k="addr:district" v="Mumbai"/>
    <tag k="addr:full" v="261 Sumat Bhavan, Malvia Road, Above Jain Sthanak, Vile Parle East"/>
    <tag k="addr:postcode" v="400057"/>
    <tag k="addr:state" v="Maharashtra"/>
    <tag k="amenity" v="hospital"/>
    <tag k="healthcare" v="hospital"/>
    <tag k="name" v="Smt. Laxmiben Dharamsi Karsan Gala Eye Hospital"/>
    <tag k="source" v="OpenGovernmentData"/>
  </node>
  <node id="7063077054" lat="19.1864928" lon="72.8460878">
    <tag k="addr:district" v="Mumbai"/>
    <tag k="addr:full" v="Param Ratan,1st Floor,OppositeNew Post Office,Jakaria Road,Malad(W)"/>
    <tag k="addr:postcode" v="400097"/>
    <tag k="addr:state" v="Maharashtra"/>
    <tag k="amenity" v="hospital"/>
    <tag k="name" v="Aditi Hospital, Mumbai"/>
    <tag k="source" v="OpenGovernmentData"/>
  </node>
  <node id="7063077062" lat="19.1292206" lon="72.8601158">
    <tag k="addr:district" v="Mumbai"/>
    <tag k="addr:full" v="A-Nirman Vihar, Rajmata Jijabai Road, Near Pump House, Andheri (E)"/>
    <tag k="addr:postcode" v="400093"/>
    <tag k="addr:state" v="Maharashtra"/>
    <tag k="amenity" v="hospital"/>
    <tag k="name" v="Sunita Hospital, Mumbai"/>
    <tag k="source" v="OpenGovernmentData"/>
  </node>
  <node id="7063077063" lat="19.0373922" lon="72.8397457">
    <tag k="addr:district" v="Mumbai"/>
    <tag k="addr:full" v="Above Prabhat Bazar, 26, Kapad Bazar, Mahim"/>
    <tag k="addr:postcode" v="400016"/>
    <tag k="addr:state" v="Maharashtra"/>
    <tag k="amenity" v="hospital"/>
    <tag k="healthcare" v="hospital"/>
    <tag k="name" v="Dr Haresh Shah Prabhat Maternity and Surgical Nursing Home"/>
    <tag k="source" v="OpenGovernmentData"/>
  </node>
  <node id="7063077077" lat="19.0831721" lon="72.9047189">
    <tag k="addr:district" v="Mumbai"/>
    <tag k="addr:full" v="Amrut Kunj Anjaria Wadi , Near Rly Stn M G Road Ghatkopar East"/>
    <tag k="addr:postcode" v="400001"/>
    <tag k="addr:state" v="Maharashtra"/>
    <tag k="amenity" v="hospital"/>
    <tag k="name" v="Doshi Nursing Home"/>
    <tag k="opening_hours" v="Mo-Su 09:00-21:00"/>
    <tag k="source" v="OpenGovernmentData"/>
  </node>
  <node id="7063805504" lat="19.2483703" lon="72.8649987">
    <tag k="addr:district" v="Mumbai"/>
    <tag k="addr:full" v="17-Baharbldg, No-3Shantinagar, Near canarabank, Svroad, Dahisar(E)"/>
    <tag k="addr:postcode" v="400068"/>
    <tag k="addr:state" v="Maharashtra"/>
    <tag k="amenity" v="hospital"/>
    <tag k="name" v="Sanghavi Eye and Diabetes Care Center"/>
    <tag k="source" v="OpenGovernmentData"/>
  </node>
  <node id="7063805509" lat="19.2375230" lon="72.8559704">
    <tag k="addr:district" v="Mumbai"/>
    <tag k="addr:full" v="B-104, Gomati Appartments,Above Mandpeshwar Hospital,Near Sudhir Phadke Flyover,S.V.P. Road, Borivali(W)"/>
    <tag k="addr:postcode" v="400092"/>
    <tag k="addr:state" v="Maharashtra"/>
    <tag k="amenity" v="hospital"/>
    <tag k="name" v="Arihant Eye Care Centre, Borivali"/>
    <tag k="source" v="OpenGovernmentData"/>
  </node>
  <node id="7063805560" lat="19.1190712" lon="72.9344156">
    <tag k="addr:district" v="Mumbai"/>
    <tag k="addr:full" v="139/2447, Group Vii, Tagore Nagar, Vikhroli (E)"/>
    <tag k="addr:postcode" v="400083"/>
    <tag k="addr:state" v="Maharashtra"/>
    <tag k="amenity" v="hospital"/>
    <tag k="name" v="Atul - Lok Hospital"/>
    <tag k="source" v="OpenGovernmentData"/>
  </node>
  <node id="7063805583" lat="19.1950719" lon="72.8342687">
    <tag k="addr:district" v="Mumbai"/>
    <tag k="addr:full" v="Parth Business Plaza, Mith Chowky, Malad West"/>
    <tag k="addr:postcode" v="400064"/>
    <tag k="addr:state" v="Maharashtra"/>
    <tag k="amenity" v="hospital"/>
    <tag k="email" v="info@zenithhospital.com"/>
    <tag k="name" v="Zenith Hospital, Malad West"/>
    <tag k="operator:type" v="private"/>
    <tag k="source" v="OpenGovernmentData"/>
    <tag k="website" v="https://zenithhospital.com/"/>
  </node>
  <node id="7063808889" lat="19.0254153" lon="72.8535792">
    <tag k="addr:district" v="Mumbai"/>
    <tag k="addr:full" v="Matunga"/>
    <tag k="addr:postcode" v="400019"/>
    <tag k="addr:state" v="Maharashtra"/>
    <tag k="amenity" v="hospital"/>
    <tag k="check_date" v="2026-03-20"/>
    <tag k="name" v="Lions Club Of East Bombay"/>
    <tag k="source" v="OpenGovernmentData"/>
  </node>
  <node id="7063808926" lat="19.2182323" lon="72.8682885">
    <tag k="addr:district" v="Mumbai"/>
    <tag k="addr:full" v="Shops No 7 8 9 Link Road Malad West"/>
    <tag k="addr:postcode" v="400064"/>
    <tag k="addr:state" v="Maharashtra"/>
    <tag k="amenity" v="hospital"/>
    <tag k="name" v="Navkar Child Care Centre and Nursing Home"/>
    <tag k="source" v="OpenGovernmentData"/>
  </node>
  <node id="7064087335" lat="19.2203132" lon="72.8293919">
    <tag k="addr:district" v="Mumbai"/>
    <tag k="addr:full" v="Sushila Sadan, Near Charkop Bus Depot &amp; Mtnl, Kandivali(W)"/>
    <tag k="addr:postcode" v="400067"/>
    <tag k="addr:state" v="Maharashtra"/>
    <tag k="amenity" v="hospital"/>
    <tag k="name" v="Saraswati Hospital(Kandivali)"/>
    <tag k="source" v="OpenGovernmentData"/>
  </node>
  <node id="7064364272" lat="19.0128124" lon="72.8225863">
    <tag k="addr:district" v="Mumbai"/>
    <tag k="addr:full" v="Pupala Sadan"/>
    <tag k="addr:postcode" v="400030"/>
    <tag k="addr:state" v="Maharashtra"/>
    <tag k="amenity" v="hospital"/>
    <tag k="name" v="Worli Hospital For Women"/>
    <tag k="source" v="OpenGovernmentData"/>
  </node>
  <node id="7064405838" lat="19.0716269" lon="72.8376590">
    <tag k="addr:district" v="Mumbai"/>
    <tag k="addr:full" v="No. 81, Swami Vivekanand Road, Above State Bank Of India, Khar West"/>
    <tag k="addr:postcode" v="400052"/>
    <tag k="addr:state" v="Maharashtra"/>
    <tag k="amenity" v="hospital"/>
    <tag k="name" v="Dr Gupte Lying-In Surgical Hospital"/>
    <tag k="source" v="OpenGovernmentData"/>
  </node>
  <node id="7064683480" lat="19.1976487" lon="72.8388378">
    <tag k="addr:district" v="Mumbai"/>
    <tag k="addr:full" v="Ronda Apartments,Shankar Lane &amp; Tank Lane Junction"/>
    <tag k="addr:postcode" v="400001"/>
    <tag k="addr:state" v="Maharashtra"/>
    <tag k="amenity" v="hospital"/>
    <tag k="name" v="Dr.Apte Maternity and Nursing Home"/>
    <tag k="source" v="OpenGovernmentData"/>
  </node>
  <node id="7064716703" lat="19.1277787" lon="72.8625767">
    <tag k="addr:district" v="Mumbai"/>
    <tag k="addr:full" v="182 Shere Punjab Colony Mahakali Caves Road Andheri (East)"/>
    <tag k="addr:postcode" v="400069"/>
    <tag k="addr:state" v="Maharashtra"/>
    <tag k="amenity" v="hospital"/>
    <tag k="name" v="Shakuntala Memorial Surgical Childerns and General Hospital"/>
    <tag k="source" v="OpenGovernmentData"/>
  </node>
  <node id="7064867148" lat="19.1432944" lon="72.9253297">
    <tag k="addr:district" v="Mumbai"/>
    <tag k="addr:full" v="2nd Floor,Jamil Nagar,J.M.Road,Near Maratha Mitra Mandal"/>
    <tag k="addr:postcode" v="400078"/>
    <tag k="addr:state" v="Maharashtra"/>
    <tag k="amenity" v="hospital"/>
    <tag k="name" v="Sai Sparsh Hospital and Iccu"/>
    <tag k="source" v="OpenGovernmentData"/>
  </node>
  <node id="7064867159" lat="19.0030769" lon="72.8402299">
    <tag k="addr:district" v="Mumbai"/>
    <tag k="addr:full" v="58-60 Jehangir Merwanji Street Parel"/>
    <tag k="addr:postcode" v="400012"/>
    <tag k="addr:state" v="Maharashtra"/>
    <tag k="amenity" v="hospital"/>
    <tag k="name" v="K B Haji Bachooali Charitable Ophthalmic and E N T H"/>
    <tag k="source" v="OpenGovernmentData"/>
  </node>
  <node id="7064921237" lat="19.2229393" lon="72.8534102">
    <tag k="addr:district" v="Mumbai"/>
    <tag k="addr:full" v="Ratan Apartment S V Road Opp Shimpoli Roadbetween Flyover Bridge And Dattapada Phatak Borivili"/>
    <tag k="addr:postcode" v="400092"/>
    <tag k="addr:state" v="Maharashtra"/>
    <tag k="amenity" v="hospital"/>
    <tag k="name" v="Fracture Care Hospital and Diagnostic Centre"/>
    <tag k="source" v="OpenGovernmentData"/>
  </node>
  <node id="7065561525" lat="19.0699633" lon="72.9047685">
    <tag k="addr:city" v="chembur"/>
    <tag k="addr:district" v="Mumbai"/>
    <tag k="addr:full" v="No:4, Pestom Sugar Road Opp: Pestom Pollice Station"/>
    <tag k="addr:housenumber" v="pestam sagar"/>
    <tag k="addr:postcode" v="400089"/>
    <tag k="addr:state" v="Maharashtra"/>
    <tag k="addr:street" v="Road No. 4 near shopper stop"/>
    <tag k="amenity" v="hospital"/>
    <tag k="contact:facebook" v="dcshospiyal"/>
    <tag k="description" v="At Sanjeevani Hospital we are proud to offer world class service in:&#10;Bullet  Maternity Care and Delive&#10;Bullet  Gynecology&#10;Bullet  Advanced Surgery&#10;Bullet  Advanced Orthopedics&#10;Bullet  Endoscopy&#10;Bullet  Trauma Care&#10;Bullet  X-Ra&#10;Bullet  Sonography"/>
    <tag k="email" v="dcshospital@gmail.com"/>
    <tag k="emergency" v="yes"/>
    <tag k="healthcare" v="hospital"/>
    <tag k="healthcare:speciality" v="ayurveda"/>
    <tag k="image" v="https://images.app.goo.gl/V73R7yn4mNvnax9b7"/>
    <tag k="name" v="Dr Chauhans Sanjeevani Hospital"/>
    <tag k="operator" v="dr. vikram chauhan"/>
    <tag k="operator:type" v="public"/>
    <tag k="source" v="OpenGovernmentData"/>
  </node>
  <node id="7065572990" lat="19.1126049" lon="72.8425607">
    <tag k="addr:district" v="Mumbai"/>
    <tag k="addr:full" v="Andheri"/>
    <tag k="addr:postcode" v="400053"/>
    <tag k="addr:state" v="Maharashtra"/>
    <tag k="amenity" v="hospital"/>
    <tag k="name" v="Dr. Joshi Surgical and Maternity Hospital"/>
    <tag k="source" v="OpenGovernmentData"/>
  </node>
  <node id="7065817369" lat="19.0806727" lon="72.9039069">
    <tag k="addr:district" v="Mumbai"/>
    <tag k="addr:full" v="27-D, Navnit Nagar, Gandhi Mkt. Bldg, M.G.Road, Ghatkopar (E)"/>
    <tag k="addr:postcode" v="400077"/>
    <tag k="addr:state" v="Maharashtra"/>
    <tag k="amenity" v="hospital"/>
    <tag k="name" v="Ami Drashti Eye Care Centre"/>
    <tag k="source" v="OpenGovernmentData"/>
  </node>
  <node id="7066371677" lat="19.0056262" lon="72.8449465">
    <tag k="addr:district" v="Mumbai"/>
    <tag k="addr:full" v="96/97, Jerbai Wadia Road, Near Tata Hospital, Opp Vicco House, Bhoiwada, Parel"/>
    <tag k="addr:postcode" v="400012"/>
    <tag k="addr:state" v="Maharashtra"/>
    <tag k="amenity" v="hospital"/>
    <tag k="name" v="Parel Institute Of Orthopaedic Specialities"/>
    <tag k="source" v="OpenGovernmentData"/>
  </node>
  <node id="7066374601" lat="19.0494367" lon="72.9063436">
    <tag k="addr:district" v="Mumbai"/>
    <tag k="addr:full" v="Shop No.7, Waman Appartments, Behind Maitri Park St.Bus Stand, Ghatla Road, Chembur"/>
    <tag k="addr:postcode" v="400071"/>
    <tag k="addr:state" v="Maharashtra"/>
    <tag k="amenity" v="hospital"/>
    <tag k="name" v="Narurkar Ent Hospital"/>
    <tag k="source" v="OpenGovernmentData"/>
  </node>
  <node id="7066374648" lat="19.2394286" lon="72.8645870">
    <tag k="addr:district" v="Mumbai"/>
    <tag k="addr:full" v="Adinath Tower, D Wing, Nancy Colony"/>
    <tag k="addr:postcode" v="400066"/>
    <tag k="addr:state" v="Maharashtra"/>
    <tag k="amenity" v="hospital"/>
    <tag k="name" v="Elite Hospital - Mumbai - Borivali (W)"/>
    <tag k="source" v="OpenGovernmentData"/>
  </node>
  <node id="7066374709" lat="19.0536110" lon="72.8246194">
    <tag k="addr:district" v="Mumbai"/>
    <tag k="addr:full" v="13, Hill Road, Bandra (W)"/>
    <tag k="addr:postcode" v="400050"/>
    <tag k="addr:state" v="Maharashtra"/>
    <tag k="amenity" v="hospital"/>
    <tag k="name" v="Sushama Patkar Maternity ( and Surgical) Home - Bandra"/>
    <tag k="source" v="OpenGovernmentData"/>
  </node>
  <node id="7066374795" lat="19.2374856" lon="72.8561220">
    <tag k="addr:city" v="Mumbai"/>
    <tag k="addr:district" v="Mumbai"/>
    <tag k="addr:full" v="Gomti Apts, Near Punjab Nationl Bank, Mandpeshwar Oad, Borivali West"/>
    <tag k="addr:housenumber" v="1"/>
    <tag k="addr:postcode" v="400092"/>
    <tag k="addr:state" v="Maharashtra"/>
    <tag k="addr:street" v="Rokadia Lane"/>
    <tag k="amenity" v="hospital"/>
    <tag k="healthcare:speciality" v="general;eye_care_center"/>
    <tag k="name" v="Mandapeshwar Hospital and Clinics"/>
    <tag k="opening_hours" v="24/7"/>
    <tag k="source" v="OpenGovernmentData"/>
  </node>
  <node id="7066374806" lat="19.1684046" lon="72.9390344">
    <tag k="addr:district" v="Mumbai"/>
    <tag k="addr:full" v="1st Flr, B Wing Hallmark Commercial Complex Vasant Oscar Layout Near Duncan Co, Mulud"/>
    <tag k="addr:postcode" v="400080"/>
    <tag k="addr:state" v="Maharashtra"/>
    <tag k="amenity" v="hospital"/>
    <tag k="name" v="Shivaani Mother and Child Care Hospital"/>
    <tag k="source" v="OpenGovernmentData"/>
  </node>
  <node id="7066374807" lat="19.2366619" lon="72.8607662">
    <tag k="addr:district" v="Mumbai"/>
    <tag k="addr:full" v="Road No- 8, Daulat Nagar ,Borivali(E)"/>
    <tag k="addr:postcode" v="400066"/>
    <tag k="addr:state" v="Maharashtra"/>
    <tag k="amenity" v="hospital"/>
    <tag k="name" v="Purnima Hospital"/>
    <tag k="source" v="OpenGovernmentData"/>
  </node>
  <node id="7066374828" lat="19.1496936" lon="72.9423738">
    <tag k="addr:district" v="Mumbai"/>
    <tag k="addr:full" v="D-301, New Ushanagar Co Op Hos Society, Village Road, Bhandup (W)"/>
    <tag k="addr:postcode" v="400078"/>
    <tag k="addr:state" v="Maharashtra"/>
    <tag k="amenity" v="hospital"/>
    <tag k="name" v="Diamond Maternity and General Hospital"/>
    <tag k="source" v="OpenGovernmentData"/>
  </node>
  <node id="7066497775" lat="19.1946888" lon="72.8332024">
    <tag k="addr:district" v="Mumbai"/>
    <tag k="addr:full" v="A-1, Vikas Park, Linking Road, Opposite Uncle's Kitchen, Malad(W)"/>
    <tag k="addr:postcode" v="400064"/>
    <tag k="addr:state" v="Maharashtra"/>
    <tag k="amenity" v="hospital"/>
    <tag k="name" v="Vinayak Maternity and General Hospital"/>
    <tag k="source" v="OpenGovernmentData"/>
  </node>
  <node id="7066497782" lat="19.1322818" lon="72.8496706">
    <tag k="addr:district" v="Mumbai"/>
    <tag k="addr:full" v="Plot No-13 , Gr. Floor, &amp; 1st Floor, Ushahkal Hindu Friends Society Road, Jogeshwari(E)"/>
    <tag k="addr:postcode" v="400060"/>
    <tag k="addr:state" v="Maharashtra"/>
    <tag k="amenity" v="hospital"/>
    <tag k="healthcare" v="hospital"/>
    <tag k="name" v="Parulekar Maternity and Surgical Nursing Home - Mumbai"/>
    <tag k="source" v="OpenGovernmentData"/>
  </node>
  <node id="7066505685" lat="19.0782709" lon="72.9058555">
    <tag k="addr:district" v="Mumbai"/>
    <tag k="addr:full" v="1 , 2 , 3 Gautam Building , Opposite Balaji Temple , Tilak Road , Ghatkopar ( East )"/>
    <tag k="addr:postcode" v="400077"/>
    <tag k="addr:state" v="Maharashtra"/>
    <tag k="amenity" v="hospital"/>
    <tag k="name" v="Dr. Trivedi's Maternity Nursing Home &amp; Aakar IVF Test Tube Baby Centre"/>
    <tag k="source" v="OpenGovernmentData"/>
  </node>
  <node id="7066505689" lat="19.2317755" lon="72.8496417">
    <tag k="addr:district" v="Mumbai"/>
    <tag k="addr:full" v="A-Wing, Vaishali Heights,Near Standard Chartered Bank,Chandavarkar Road,Borivali(W)"/>
    <tag k="addr:postcode" v="400092"/>
    <tag k="addr:state" v="Maharashtra"/>
    <tag k="amenity" v="hospital"/>
    <tag k="email" v="ha@apexhospitals.in"/>
    <tag k="name" v="Apex Hospital"/>
    <tag k="operator:type" v="private"/>
    <tag k="source" v="OpenGovernmentData"/>
    <tag k="website" v="https://www.apexhospitals.in/"/>
    <tag k="wheelchair" v="yes"/>
  </node>
  <node id="7066505690" lat="19.0202665" lon="72.8339642">
    <tag k="addr:district" v="Mumbai"/>
    <tag k="addr:full" v="104, Ramgiri Heights, Mtnl Marg, Dadari (W)"/>
    <tag k="addr:postcode" v="400028"/>
    <tag k="addr:state" v="Maharashtra"/>
    <tag k="amenity" v="hospital"/>
    <tag k="healthcare" v="hospital"/>
    <tag k="name" v="Ashtavinayak Maternity Surgical and Eye Hospital"/>
    <tag k="source" v="OpenGovernmentData"/>
  </node>
  <node id="7066505700" lat="18.9580372" lon="72.8095293">
    <tag k="addr:district" v="Mumbai"/>
    <tag k="addr:full" v="Apex centre, 5 Babulnath Road, OppositeBabulnath Temple, Grant Road"/>
    <tag k="addr:postcode" v="400007"/>
    <tag k="addr:state" v="Maharashtra"/>
    <tag k="amenity" v="hospital"/>
    <tag k="email" v="Contact@EyeCareForAll.in"/>
    <tag k="name" v="Bombay City Eye Institute and Research Centre"/>
    <tag k="operator:type" v="private"/>
    <tag k="source" v="OpenGovernmentData"/>
    <tag k="website" v="http://www.eyecareforall.in/eyecareforall/index.html"/>
  </node>
  <node id="7066505741" lat="19.2534474" lon="72.8640988">
    <tag k="addr:district" v="Mumbai"/>
    <tag k="addr:full" v="A1, A2, A3, Ranjan Ritika S V Road Next To Dahisar Polic Station Dahisar (E)"/>
    <tag k="addr:postcode" v="400088"/>
    <tag k="addr:state" v="Maharashtra"/>
    <tag k="amenity" v="hospital"/>
    <tag k="name" v="Shraddha Hospital, Mumbai"/>
    <tag k="source" v="OpenGovernmentData"/>
  </node>
  <node id="7066505743" lat="19.0051336" lon="72.8485903">
    <tag k="addr:district" v="Mumbai"/>
    <tag k="addr:full" v="Savitri Sadan, 168-A, Dr. Ambedkar Road"/>
    <tag k="addr:postcode" v="400014"/>
    <tag k="addr:state" v="Maharashtra"/>
    <tag k="amenity" v="hospital"/>
    <tag k="name" v="Asmi Arthroscopy and Sports Medicine Institute"/>
    <tag k="source" v="OpenGovernmentData"/>
  </node>
  <node id="7066505750" lat="19.2069967" lon="72.8352108">
    <tag k="addr:district" v="Mumbai"/>
    <tag k="addr:full" v="First Floor, Om Shivechha Chs Ltd Jun Of Link Road And M G Road Dahanukarwadi Kandivali West"/>
    <tag k="addr:postcode" v="400067"/>
    <tag k="addr:state" v="Maharashtra"/>
    <tag k="amenity" v="hospital"/>
    <tag k="healthcare" v="hospital"/>
    <tag k="name" v="Arya Womens Health Care Centre Surgical and Maternity Home"/>
    <tag k="source" v="OpenGovernmentData"/>
  </node>
  <node id="7066505804" lat="18.9547128" lon="72.8182693">
    <tag k="addr:district" v="Mumbai"/>
    <tag k="addr:full" v="266 , Patel Bldg Opposite Central Cinema Girgaum"/>
    <tag k="addr:postcode" v="400004"/>
    <tag k="addr:state" v="Maharashtra"/>
    <tag k="amenity" v="hospital"/>
    <tag k="healthcare" v="hospital"/>
    <tag k="name" v="Beramjis Hospital"/>
    <tag k="source" v="OpenGovernmentData"/>
  </node>
  <node id="7066505805" lat="19.0875674" lon="72.9045278">
    <tag k="addr:district" v="Mumbai"/>
    <tag k="addr:full" v="Shiva Plaza, Lbs Road, Opp Ghatkopar Tel Exchange, Ghatkopar (W)"/>
    <tag k="addr:postcode" v="400086"/>
    <tag k="addr:state" v="Maharashtra"/>
    <tag k="amenity" v="hospital"/>
    <tag k="name" v="Dr Sonagra Medical and Surgical Centre"/>
    <tag k="source" v="OpenGovernmentData"/>
  </node>
  <node id="7066695543" lat="19.0156120" lon="72.8451866">
    <tag k="addr:district" v="Mumbai"/>
    <tag k="addr:full" v="Shilpa Apartment Dasturwadi Dadar E Mumbai"/>
    <tag k="addr:postcode" v="400014"/>
    <tag k="addr:state" v="Maharashtra"/>
    <tag k="amenity" v="hospital"/>
    <tag k="check_date" v="2026-03-20"/>
    <tag k="healthcare" v="hospital"/>
    <tag k="name" v="G S B S Medical Trust"/>
    <tag k="source" v="OpenGovernmentData"/>
  </node>
  <node id="7066865609" lat="19.0346836" lon="72.8401695">
    <tag k="addr:district" v="Mumbai"/>
    <tag k="addr:full" v="Rajdeep, 143, Lt. Dilip Gupte Road, Mahim"/>
    <tag k="addr:postcode" v="400016"/>
    <tag k="addr:state" v="Maharashtra"/>
    <tag k="amenity" v="hospital"/>
    <tag k="healthcare" v="hospital"/>
    <tag k="name" v="Gupte Maternity and Surgical Home"/>
    <tag k="source" v="OpenGovernmentData"/>
  </node>
  <node id="7067050967" lat="19.2407100" lon="72.8547446">
    <tag k="addr:district" v="Mumbai"/>
    <tag k="addr:full" v="B-101, Kaustubh Park,Beside Bhagwati Hospital, S.V.P. Road, Borivali West"/>
    <tag k="addr:postcode" v="400103"/>
    <tag k="addr:state" v="Maharashtra"/>
    <tag k="amenity" v="hospital"/>
    <tag k="email" v="drwelingprashant@gmail.com"/>
    <tag k="name" v="Ameya Orthopaedic Centre"/>
    <tag k="source" v="OpenGovernmentData"/>
    <tag k="website" v="http://www.drprashantweling.com/"/>
  </node>
  <node id="7067050974" lat="19.0853723" lon="72.9067473">
    <tag k="addr:city" v="mumbai"/>
    <tag k="addr:district" v="Mumbai"/>
    <tag k="addr:full" v="Opposite Ghatkopar Railway Station, Ghatkopar West"/>
    <tag k="addr:postcode" v="400086"/>
    <tag k="addr:state" v="Maharashtra"/>
    <tag k="addr:street" v="Shraddhanand Road"/>
    <tag k="amenity" v="hospital"/>
    <tag k="name" v="Jeevan ram Hospital"/>
    <tag k="opening_hours" v="24/7"/>
    <tag k="operator" v="vimish"/>
    <tag k="operator:type" v="private"/>
    <tag k="source" v="OpenGovernmentData"/>
  </node>
  <node id="7067050981" lat="19.1022549" lon="72.8486849">
    <tag k="addr:district" v="Mumbai"/>
    <tag k="addr:full" v="Silver Apartment 29, Mahant Road, Vile Parle East"/>
    <tag k="addr:postcode" v="400057"/>
    <tag k="addr:state" v="Maharashtra"/>
    <tag k="amenity" v="hospital"/>
    <tag k="healthcare" v="hospital"/>
    <tag k="name" v="Vivek Pathology Laboratory"/>
    <tag k="source" v="OpenGovernmentData"/>
  </node>
  <node id="7067070262" lat="19.0880578" lon="72.9052141">
    <tag k="addr:district" v="Mumbai"/>
    <tag k="addr:full" v="1A, Ashoka Road , 15 S.V. Road, Santacruz(W)"/>
    <tag k="addr:postcode" v="400065"/>
    <tag k="addr:state" v="Maharashtra"/>
    <tag k="amenity" v="hospital"/>
    <tag k="name" v="Clear Vision Eye Center"/>
    <tag k="source" v="OpenGovernmentData"/>
  </node>
  <node id="7067113516" lat="19.1849348" lon="72.8450726">
    <tag k="addr:district" v="Mumbai"/>
    <tag k="addr:full" v="Shree Dutt Apartment, Amarshi Road, Malad West"/>
    <tag k="addr:postcode" v="400064"/>
    <tag k="addr:state" v="Maharashtra"/>
    <tag k="amenity" v="hospital"/>
    <tag k="name" v="Jay Polyclinic Maternity Surgical Nursing Home and Eye Hospital"/>
    <tag k="source" v="OpenGovernmentData"/>
  </node>
  <node id="7067113558" lat="19.1096181" lon="72.8489169">
    <tag k="addr:district" v="Mumbai"/>
    <tag k="addr:full" v="101, Homai Mahal, M G Road, Vile Parle East"/>
    <tag k="addr:postcode" v="400057"/>
    <tag k="addr:state" v="Maharashtra"/>
    <tag k="amenity" v="hospital"/>
    <tag k="healthcare" v="hospital"/>
    <tag k="name" v="Saurabh Clinic Dr.Sanjanwalas Maternity and Gynacologist"/>
    <tag k="source" v="OpenGovernmentData"/>
  </node>
  <node id="7067113594" lat="19.2287770" lon="72.8406778">
    <tag k="addr:district" v="Mumbai"/>
    <tag k="addr:full" v="2nd Floor, Arunoday Shopping Centre, Next To Ajanta Theater, Market Lane, Borivali"/>
    <tag k="addr:postcode" v="400092"/>
    <tag k="addr:state" v="Maharashtra"/>
    <tag k="amenity" v="hospital"/>
    <tag k="name" v="Neoplus Criticare Children Hospital"/>
    <tag k="source" v="OpenGovernmentData"/>
  </node>
  <node id="7067138434" lat="19.0821873" lon="72.8507012">
    <tag k="addr:district" v="Mumbai"/>
    <tag k="addr:full" v="Opposite Bandhutva Chs Datta Mandir Road Vakola Bridge Santacruz (E)"/>
    <tag k="addr:postcode" v="400055"/>
    <tag k="addr:state" v="Maharashtra"/>
    <tag k="healthcare" v="hospital"/>
    <tag k="healthcare:speciality" v="surgery;blood_check;vaccination"/>
    <tag k="name" v="Dattatreya Nursing Home"/>
    <tag k="opening_hours" v="24/7"/>
    <tag k="source" v="OpenGovernmentData;local knowledge"/>
    <tag k="wheelchair" v="yes"/>
  </node>
  <node id="7067231946" lat="19.0754851" lon="72.9085484">
    <tag k="addr:district" v="Mumbai"/>
    <tag k="addr:full" v="3, Milan, Ground Floor, 169-Garodia Nagar,90Ft Road, Opposite Lavender Baugh"/>
    <tag k="addr:postcode" v="400077"/>
    <tag k="addr:state" v="Maharashtra"/>
    <tag k="amenity" v="hospital"/>
    <tag k="name" v="Eye Essential Hospital"/>
    <tag k="source" v="OpenGovernmentData"/>
  </node>
  <node id="7067373861" lat="19.0704407" lon="72.8751061">
    <tag k="addr:full" v="Town Hall"/>
    <tag k="amenity" v="hospital"/>
    <tag k="healthcare" v="hospital"/>
    <tag k="name" v="Despande Nursing Home"/>
    <tag k="source" v="OpenGovernmentData"/>
    <tag k="wheelchair" v="no"/>
  </node>
  <node id="7067434808" lat="19.1476634" lon="72.9284638">
    <tag k="addr:district" v="Mumbai"/>
    <tag k="addr:full" v="Bhandup"/>
    <tag k="addr:postcode" v="400078"/>
    <tag k="addr:state" v="Maharashtra"/>
    <tag k="amenity" v="hospital"/>
    <tag k="name" v="Shanti Maternity Clinic"/>
    <tag k="source" v="OpenGovernmentData"/>
  </node>
  <node id="7067540680" lat="19.1213660" lon="72.8794867">
    <tag k="addr:district" v="mumbai"/>
    <tag k="addr:full" v="marol"/>
    <tag k="addr:postcode" v="400059"/>
    <tag k="addr:state" v="Maharashtra"/>
    <tag k="addr:street" v="Maroshi Village Road vijay nagar LT complex"/>
    <tag k="amenity" v="hospital"/>
    <tag k="healthcare" v="hospital"/>
    <tag k="name" v="Gokul Maternity &amp; Surgical Home"/>
    <tag k="source" v="OpenGovernmentData"/>
  </node>
  <node id="7067961276" lat="19.1455128" lon="72.8291899">
    <tag k="addr:district" v="Mumbai"/>
    <tag k="addr:full" v="Bldg.No.15, Flat No.102,Mhada Complex,New Link Road,Near Oshiwara Police Station, Andheri (West)"/>
    <tag k="addr:housename" v="MHADA Complex"/>
    <tag k="addr:housenumber" v="15"/>
    <tag k="addr:parentstreet" v="New Link Road"/>
    <tag k="addr:postcode" v="400053"/>
    <tag k="addr:state" v="Maharashtra"/>
    <tag k="addr:subdistrict" v="Andheri West"/>
    <tag k="addr:unit" v="102"/>
    <tag k="amenity" v="hospital"/>
    <tag k="healthcare" v="hospital"/>
    <tag k="name" v="Doctor M.I. Doongerwala"/>
    <tag k="source" v="OpenGovernmentData"/>
  </node>
  <node id="7068096871" lat="19.0606684" lon="72.8996381">
    <tag k="addr:district" v="Mumbai"/>
    <tag k="addr:full" v="Road No 1, Opp M Ward Muncipal Office,Chembur"/>
    <tag k="addr:postcode" v="400071"/>
    <tag k="addr:state" v="Maharashtra"/>
    <tag k="amenity" v="hospital"/>
    <tag k="name" v="Sai Kripa Childrens Hospital"/>
    <tag k="source" v="OpenGovernmentData"/>
  </node>
  <node id="7068099987" lat="19.1352922" lon="72.8542954">
    <tag k="addr:district" v="Mumbai"/>
    <tag k="addr:full" v="4/5/6-C Janakdeep, J.P.Road, 7 Bunglows, Andherw)"/>
    <tag k="addr:postcode" v="400061"/>
    <tag k="addr:state" v="Maharashtra"/>
    <tag k="amenity" v="hospital"/>
    <tag k="healthcare" v="hospital"/>
    <tag k="name" v="Piyush Hospital"/>
    <tag k="source" v="OpenGovernmentData"/>
  </node>
  <node id="7068194959" lat="19.1278610" lon="72.8624144">
    <tag k="addr:district" v="Mumbai"/>
    <tag k="addr:full" v="183,Kalpana, Sher-E-Punjab Society, Mahakali Road,Andheri (E)"/>
    <tag k="addr:postcode" v="400093"/>
    <tag k="addr:state" v="Maharashtra"/>
    <tag k="amenity" v="hospital"/>
    <tag k="name" v="Indu Maternity and Surgical Nursing Home"/>
    <tag k="source" v="OpenGovernmentData"/>
  </node>
  <node id="7068194983" lat="18.9231410" lon="72.8275739">
    <tag k="addr:district" v="Mumbai"/>
    <tag k="addr:full" v="81-84 Lady R.T.Med.&amp;Reserch Cntre"/>
    <tag k="addr:postcode" v="400049"/>
    <tag k="addr:state" v="Maharashtra"/>
    <tag k="amenity" v="hospital"/>
    <tag k="name" v="Spectrum Health Care"/>
    <tag k="source" v="OpenGovernmentData"/>
  </node>
  <node id="7068429399" lat="19.1193310" lon="72.8450190">
    <tag k="addr:district" v="Mumbai"/>
    <tag k="addr:full" v="S.V Road, Opp Railway Station, Andheri West"/>
    <tag k="addr:postcode" v="400058"/>
    <tag k="addr:state" v="Maharashtra"/>
    <tag k="amenity" v="hospital"/>
    <tag k="check_date" v="2026-03-12"/>
    <tag k="healthcare" v="hospital"/>
    <tag k="name" v="Bses Mg Hospital (Managed By)Brahma Kumari Global Hospital and Res Center"/>
    <tag k="source" v="OpenGovernmentData"/>
  </node>
  <node id="7069569114" lat="19.1309450" lon="72.9363066">
    <tag k="addr:district" v="Mumbai"/>
    <tag k="addr:full" v="Shree Vijay Kunj, Cooperative Housing Society"/>
    <tag k="addr:postcode" v="400042"/>
    <tag k="addr:state" v="Maharashtra"/>
    <tag k="amenity" v="hospital"/>
    <tag k="name" v="Ankur Maternity and Surgical Nursing Home"/>
    <tag k="source" v="OpenGovernmentData"/>
  </node>
  <node id="7069632819" lat="19.1881001" lon="72.8498322">
    <tag k="addr:district" v="Mumbai"/>
    <tag k="addr:full" v="74, Raj Chambers, Manchhubhai Road, Off Daftary Road, Near Station, Malad (East)"/>
    <tag k="addr:postcode" v="400097"/>
    <tag k="addr:state" v="Maharashtra"/>
    <tag k="amenity" v="hospital"/>
    <tag k="name" v="Devangi Hospital"/>
    <tag k="source" v="OpenGovernmentData"/>
  </node>
  <node id="7069814001" lat="18.9685072" lon="72.8286038">
    <tag k="addr:city" v="Mumbai"/>
    <tag k="addr:district" v="Mumbai"/>
    <tag k="addr:full" v="245-A, Maulana Azad Road , Nagpada"/>
    <tag k="addr:housenumber" v="247"/>
    <tag k="addr:postcode" v="400008"/>
    <tag k="addr:state" v="Maharashtra"/>
    <tag k="addr:street" v="Maulana Azad Road North"/>
    <tag k="amenity" v="hospital"/>
    <tag k="healthcare" v="hospital"/>
    <tag k="name" v="Nagori Clinic and Nursing Home"/>
    <tag k="source" v="OpenGovernmentData"/>
  </node>
  <node id="7069814015" lat="19.0605379" lon="72.8456949">
    <tag k="addr:district" v="Mumbai"/>
    <tag k="addr:full" v="Bldg.No.3,Kher Nagar Kala Co-Op Hsg Soc., Ram Mandir Road, Bandra (E)"/>
    <tag k="addr:postcode" v="400051"/>
    <tag k="addr:state" v="Maharashtra"/>
    <tag k="amenity" v="hospital"/>
    <tag k="healthcare" v="hospital"/>
    <tag k="name" v="Nandini Eye Care Centre"/>
    <tag k="source" v="OpenGovernmentData"/>
  </node>
  <node id="7069814052" lat="18.9634974" lon="72.8087763">
    <tag k="addr:district" v="Mumbai"/>
    <tag k="addr:full" v="93/95, August Kranti Marg, August Kranti Maidan"/>
    <tag k="addr:postcode" v="400036"/>
    <tag k="addr:state" v="Maharashtra"/>
    <tag k="amenity" v="hospital"/>
    <tag k="email" v="support@cumbalahillhospital.com"/>
    <tag k="healthcare" v="hospital"/>
    <tag k="name" v="Cumbala Hill Hospital and Heart Institute"/>
    <tag k="operator:type" v="private"/>
    <tag k="source" v="OpenGovernmentData"/>
    <tag k="website" v="www.chh.co.in/"/>
  </node>
  <node id="7070050990" lat="19.1274049" lon="72.8313719">
    <tag k="addr:district" v="Mumbai"/>
    <tag k="addr:full" v="Docors Comer, Sitladevi C.H.S.,D.N.Nagar, New Link Road, Andheri (W)"/>
    <tag k="addr:postcode" v="400053"/>
    <tag k="addr:state" v="Maharashtra"/>
    <tag k="amenity" v="hospital"/>
    <tag k="healthcare" v="hospital"/>
    <tag k="name" v="Eva Medicare Center - andheri"/>
    <tag k="source" v="OpenGovernmentData"/>
  </node>
  <node id="7070050992" lat="19.1113200" lon="72.8671995">
    <tag k="addr:district" v="Mumbai"/>
    <tag k="addr:full" v="B-1 Greenland Apt J.B Ngr Andheri(E)"/>
    <tag k="addr:postcode" v="400059"/>
    <tag k="addr:state" v="Maharashtra"/>
    <tag k="amenity" v="hospital"/>
    <tag k="healthcare" v="hospital"/>
    <tag k="name" v="Spectacles and Contact Lens Clinic"/>
    <tag k="source" v="OpenGovernmentData"/>
  </node>
  <node id="7070054643" lat="18.9772251" lon="72.8485957">
    <tag k="addr:district" v="Mumbai"/>
    <tag k="addr:full" v="Queystreet, OppositeSaibabamandir, Reayroad(E)"/>
    <tag k="addr:postcode" v="400010"/>
    <tag k="addr:state" v="Maharashtra"/>
    <tag k="amenity" v="hospital"/>
    <tag k="name" v="Sai Raj Hospital"/>
    <tag k="source" v="OpenGovernmentData"/>
  </node>
  <node id="7070054648" lat="19.0353486" lon="72.8960936">
    <tag k="addr:district" v="Mumbai"/>
    <tag k="addr:full" v="Sita Estate, Near Ashish Cinema, Aziz Baug, Mahul Road, Chembur"/>
    <tag k="addr:postcode" v="400074"/>
    <tag k="addr:state" v="Maharashtra"/>
    <tag k="amenity" v="hospital"/>
    <tag k="name" v="Sai Baba Hospital, Mumbai"/>
    <tag k="source" v="OpenGovernmentData"/>
  </node>
  <node id="7070157912" lat="19.2312690" lon="72.8610344">
    <tag k="addr:district" v="Mumbai"/>
    <tag k="addr:full" v="204, B Wing, 2nd Floor, Shivam Apartment, Above Bank Of India, Opposite S.T. Depot, Mahatma Gandhi Road, Borivali East"/>
    <tag k="addr:postcode" v="400066"/>
    <tag k="addr:state" v="Maharashtra"/>
    <tag k="amenity" v="hospital"/>
    <tag k="name" v="Shivam Eye Care Centre"/>
    <tag k="source" v="OpenGovernmentData"/>
  </node>
  <node id="7070354910" lat="19.0791429" lon="72.9038519">
    <tag k="addr:district" v="Mumbai"/>
    <tag k="addr:full" v="Jayant Arcade,4Th Floor, Rajawadi,M.G.Road,Ghatkopar(E)"/>
    <tag k="addr:postcode" v="400077"/>
    <tag k="addr:state" v="Maharashtra"/>
    <tag k="amenity" v="hospital"/>
    <tag k="name" v="Bakul Parekh Children Hospital"/>
    <tag k="source" v="OpenGovernmentData"/>
  </node>
  <node id="7070711758" lat="19.0196086" lon="72.8337321">
    <tag k="addr:district" v="Mumbai"/>
    <tag k="addr:full" v="Anil Apartment Ist Floor College Street Behind Prabhadevi Teleophone Exchange Agar Bazar Dadar"/>
    <tag k="addr:postcode" v="400028"/>
    <tag k="addr:state" v="Maharashtra"/>
    <tag k="amenity" v="hospital"/>
    <tag k="healthcare" v="hospital"/>
    <tag k="name" v="Shreedhar Hospital"/>
    <tag k="source" v="OpenGovernmentData"/>
  </node>
  <node id="7070737920" lat="19.1846986" lon="72.8470279">
    <tag k="addr:district" v="Mumbai"/>
    <tag k="addr:full" v="33,Dattani Chembers,S.V.Road,OppositeBank Of Baroda,Near New Era Cinema,Malad(W)"/>
    <tag k="addr:postcode" v="400064"/>
    <tag k="addr:state" v="Maharashtra"/>
    <tag k="amenity" v="hospital"/>
    <tag k="name" v="Elite Maternity Home and Polyclinic"/>
    <tag k="source" v="OpenGovernmentData"/>
  </node>
  <node id="7070857458" lat="19.0895432" lon="72.8379983">
    <tag k="addr:district" v="Mumbai"/>
    <tag k="addr:full" v="C-Wing 1st Floor Rizvi Park,At Milan Subway Signal S V Road Santacruz(W)"/>
    <tag k="addr:postcode" v="400054"/>
    <tag k="addr:state" v="Maharashtra"/>
    <tag k="amenity" v="hospital"/>
    <tag k="name" v="Life Line Hospital and Diagnostics Pvt Ltd"/>
    <tag k="source" v="OpenGovernmentData"/>
  </node>
  <node id="7070857459" lat="18.9661811" lon="72.8195715">
    <tag k="addr:district" v="Mumbai"/>
    <tag k="addr:full" v="Bldg. No.2, 1st Floor, R.No. 4, 5 &amp; 10, Navjivan Society, Lamington Road"/>
    <tag k="addr:postcode" v="400008"/>
    <tag k="addr:state" v="Maharashtra"/>
    <tag k="amenity" v="hospital"/>
    <tag k="check_date" v="2026-03-20"/>
    <tag k="healthcare" v="hospital"/>
    <tag k="name" v="Sadhu-Kamal Eye Hospital"/>
    <tag k="source" v="OpenGovernmentData"/>
  </node>
  <node id="7070857468" lat="19.0565342" lon="72.8895275">
    <tag k="addr:district" v="Mumbai"/>
    <tag k="addr:full" v="Sushrut Hospital. 365, Swastik Park Chembur"/>
    <tag k="addr:postcode" v="400071"/>
    <tag k="addr:state" v="Maharashtra"/>
    <tag k="amenity" v="hospital"/>
    <tag k="name" v="Daycare Angels"/>
    <tag k="source" v="OpenGovernmentData"/>
  </node>
  <node id="7070857483" lat="19.1439215" lon="72.8430556">
    <tag k="addr:district" v="Mumbai"/>
    <tag k="addr:full" v="Hafizi House, S.V. Road, Oshiwara Jogeshwari(W)"/>
    <tag k="addr:postcode" v="400102"/>
    <tag k="addr:state" v="Maharashtra"/>
    <tag k="amenity" v="hospital"/>
    <tag k="healthcare" v="hospital"/>
    <tag k="name" v="Shivam Netram Eye Hospital"/>
    <tag k="source" v="OpenGovernmentData"/>
  </node>
  <node id="7070859091" lat="19.1074601" lon="72.8484213">
    <tag k="addr:district" v="Mumbai"/>
    <tag k="addr:full" v="A - 103, 104, Saurabh Apartment, Shahaji Raje Marg Next To Bhuta High School"/>
    <tag k="addr:postcode" v="400057"/>
    <tag k="addr:state" v="Maharashtra"/>
    <tag k="amenity" v="hospital"/>
    <tag k="healthcare" v="hospital"/>
    <tag k="name" v="Nityanand Iccu and Nursing Home"/>
    <tag k="source" v="OpenGovernmentData"/>
  </node>
  <node id="7070859097" lat="19.1031325" lon="72.8392227">
    <tag k="addr:district" v="Mumbai"/>
    <tag k="addr:full" v="D-31, Navmangal Chs, 1st Floor,Above Venilal Saree Shop, S. V. Road"/>
    <tag k="addr:postcode" v="400056"/>
    <tag k="addr:state" v="Maharashtra"/>
    <tag k="amenity" v="hospital"/>
    <tag k="name" v="Khandwala Eye Hospital and Polyclinic"/>
    <tag k="source" v="OpenGovernmentData"/>
  </node>
  <node id="7070859101" lat="19.2079921" lon="72.8365418">
    <tag k="addr:district" v="Mumbai"/>
    <tag k="addr:full" v="Yashwant Hosp.Bldg., Datta Mandir Road, Off.M.G.Road, Dahanukar Wadi, Kandivli (West)"/>
    <tag k="addr:postcode" v="400067"/>
    <tag k="addr:state" v="Maharashtra"/>
    <tag k="amenity" v="hospital"/>
    <tag k="healthcare" v="hospital"/>
    <tag k="name" v="Parvatibai Chavan Charitable Trust"/>
    <tag k="source" v="OpenGovernmentData"/>
  </node>
  <node id="7070859122" lat="19.1871007" lon="72.8503847">
    <tag k="addr:district" v="Mumbai"/>
    <tag k="addr:full" v="22-23, Gr Floor, Diamond Plaza, Laxminarayan Shopping Centre, Opp Railway Station, Malad"/>
    <tag k="addr:postcode" v="400064"/>
    <tag k="addr:state" v="Maharashtra"/>
    <tag k="amenity" v="hospital"/>
    <tag k="name" v="Royal Health Care Pvt Ltd"/>
    <tag k="source" v="OpenGovernmentData"/>
  </node>
  <node id="7070859138" lat="19.1095535" lon="72.8376684">
    <tag k="addr:district" v="Mumbai"/>
    <tag k="addr:full" v="2nd Floor , Shri Mumbadevi Homeopathic Hospital , Natakkar Ram , Ganesh Gadkari Road , Irla , Vile Parle ( West )"/>
    <tag k="addr:postcode" v="400056"/>
    <tag k="addr:state" v="Maharashtra"/>
    <tag k="amenity" v="hospital"/>
    <tag k="healthcare" v="hospital"/>
    <tag k="name" v="Life Care Iccu , Medical and Surgical Emergencies"/>
    <tag k="source" v="OpenGovernmentData"/>
  </node>
  <node id="7072535182" lat="19.0924974" lon="72.9124309">
    <tag k="addr:district" v="Mumbai"/>
    <tag k="addr:full" v="Bhaveshwar Plaza, C Wing, 2nd Floor, Lal Bahadur Shastri Road, Ghatkoper West"/>
    <tag k="addr:postcode" v="400086"/>
    <tag k="addr:state" v="Maharashtra"/>
    <tag k="amenity" v="hospital"/>
    <tag k="name" v="Satyam Hospital"/>
    <tag k="source" v="OpenGovernmentData"/>
  </node>
  <node id="7072544607" lat="19.2311682" lon="72.8615263">
    <tag k="addr:district" v="Mumbai"/>
    <tag k="addr:full" v="Matru Ashish Building, 1st Floor, Next To Madhav Hall, Opposite Station Bus Depot, Mahatma Gandhi Road, Borivali East"/>
    <tag k="addr:postcode" v="400066"/>
    <tag k="addr:state" v="Maharashtra"/>
    <tag k="amenity" v="hospital"/>
    <tag k="name" v="National Hospital"/>
    <tag k="source" v="OpenGovernmentData"/>
  </node>
  <node id="7072544642" lat="19.2204968" lon="72.8584112">
    <tag k="addr:district" v="Mumbai"/>
    <tag k="addr:full" v="17/120, Swagat Cooperative Housing Society Limited, Mhada Colony, F.C.I Road, Near Railway Flyover, Rajendra Nagar, Borivali East"/>
    <tag k="addr:postcode" v="400066"/>
    <tag k="addr:state" v="Maharashtra"/>
    <tag k="amenity" v="hospital"/>
    <tag k="name" v="Navjivan Global Heart Centre"/>
    <tag k="source" v="OpenGovernmentData"/>
  </node>
  <node id="7072544668" lat="18.9415002" lon="72.8278414">
    <tag k="addr:district" v="Mumbai"/>
    <tag k="addr:full" v="3-D, Kakad House, 11, 3rd Floor, Opposite Liberty Cinema, Vithaldas Thackersey Marg, New Marine Lines"/>
    <tag k="addr:postcode" v="400020"/>
    <tag k="addr:state" v="Maharashtra"/>
    <tag k="amenity" v="hospital"/>
    <tag k="healthcare" v="hospital"/>
    <tag k="name" v="Zain Eye Care"/>
    <tag k="source" v="OpenGovernmentData"/>
    <tag k="website" v="http://zaineyecare.net/"/>
  </node>
  <node id="7072801164" lat="19.0857328" lon="72.8367229">
    <tag k="addr:district" v="Mumbai"/>
    <tag k="addr:full" v="5-D, Dattaray Road, Santacruz (West)"/>
    <tag k="addr:postcode" v="400054"/>
    <tag k="addr:state" v="Maharashtra"/>
    <tag k="amenity" v="hospital"/>
    <tag k="name" v="Sarla Hospital and Icu"/>
    <tag k="source" v="OpenGovernmentData"/>
  </node>
  <node id="7072826463" lat="19.1864066" lon="72.9470327">
    <tag k="addr:district" v="Mumbai"/>
    <tag k="addr:full" v="101 / 102, Manisha Heights,Balrajeshwar Road"/>
    <tag k="addr:postcode" v="400080"/>
    <tag k="addr:state" v="Maharashtra"/>
    <tag k="amenity" v="hospital"/>
    <tag k="name" v="Anmmol Orthovision"/>
    <tag k="source" v="OpenGovernmentData"/>
  </node>
  <node id="7072837154" lat="19.0679055" lon="72.8353534">
    <tag k="addr:district" v="Mumbai"/>
    <tag k="addr:full" v="724, 11Th Road , Khar West-Bhandara"/>
    <tag k="addr:postcode" v="400052"/>
    <tag k="addr:state" v="Maharashtra"/>
    <tag k="amenity" v="hospital"/>
    <tag k="healthcare" v="hospital"/>
    <tag k="name" v="Hinduja Healthcare"/>
    <tag k="source" v="OpenGovernmentData"/>
  </node>
  <node id="7073099556" lat="19.1396440" lon="72.8435008">
    <tag k="addr:district" v="Mumbai"/>
    <tag k="addr:full" v="105, First Floor , Markaz View, Opposite Excel Industries , S.V Road, Jogeshwari(W)"/>
    <tag k="addr:postcode" v="400059"/>
    <tag k="addr:state" v="Maharashtra"/>
    <tag k="amenity" v="hospital"/>
    <tag k="healthcare" v="hospital"/>
    <tag k="name" v="Diamond Hospital"/>
    <tag k="source" v="OpenGovernmentData"/>
  </node>
  <node id="7073438341" lat="19.2063698" lon="72.8392328">
    <tag k="addr:district" v="Mumbai"/>
    <tag k="addr:full" v="Assumption View,Opp St.Joseph School, Off. M G Road,Kandivali Village,Kandivali West"/>
    <tag k="addr:postcode" v="400101"/>
    <tag k="addr:state" v="Maharashtra"/>
    <tag k="amenity" v="hospital"/>
    <tag k="name" v="Noble Hospital, Mumbai"/>
    <tag k="source" v="OpenGovernmentData"/>
  </node>
  <node id="7073537693" lat="19.1820019" lon="72.9467753">
    <tag k="addr:district" v="Mumbai"/>
    <tag k="addr:full" v="A-10,Apurva Apartment,Govardhan Nagar,L.B.S.Marg,Mulund(W)"/>
    <tag k="addr:postcode" v="400080"/>
    <tag k="addr:state" v="Maharashtra"/>
    <tag k="amenity" v="hospital"/>
    <tag k="name" v="Dr.Redkar's Maternity and Nursing Home"/>
    <tag k="source" v="OpenGovernmentData"/>
  </node>
  <node id="7073537755" lat="19.0889539" lon="72.9070102">
    <tag k="addr:district" v="Mumbai"/>
    <tag k="addr:full" v="(Previously Known As The Metropolitan Heart Institute And Research Centre) Trimurti Arcade, L B S Marg, Near Sarvoday Hospital, Ghatkopar, (West)"/>
    <tag k="addr:postcode" v="400086"/>
    <tag k="addr:state" v="Maharashtra"/>
    <tag k="amenity" v="hospital"/>
    <tag k="name" v="The Metropolitan Heart Institute and Research Centre"/>
    <tag k="source" v="OpenGovernmentData"/>
  </node>
  <node id="7073537767" lat="19.1668553" lon="72.8518874">
    <tag k="addr:district" v="Mumbai"/>
    <tag k="addr:full" v="Naikwadi, Opposite Heritage Hotel ,Aarey Road,Goregaon (E)"/>
    <tag k="addr:postcode" v="400063"/>
    <tag k="addr:state" v="Maharashtra"/>
    <tag k="amenity" v="hospital"/>
    <tag k="name" v="Vishwa Kripa Hospital"/>
    <tag k="source" v="OpenGovernmentData"/>
  </node>
  <node id="7073537782" lat="19.0528644" lon="72.8978303">
    <tag k="addr:district" v="Mumbai"/>
    <tag k="addr:full" v="201-202, Sunny Estate, Sion Trombay Road"/>
    <tag k="addr:postcode" v="400071"/>
    <tag k="addr:state" v="Maharashtra"/>
    <tag k="amenity" v="hospital"/>
    <tag k="name" v="Sunny Childrens Hospital"/>
    <tag k="source" v="OpenGovernmentData"/>
  </node>
  <node id="7073651578" lat="19.1366428" lon="72.8364225">
    <tag k="addr:district" v="Mumbai"/>
    <tag k="addr:full" v="C Wing, Dhananjay Apt Behind Balaji Studio, Opp Veera Desai Road Andheri"/>
    <tag k="addr:postcode" v="400059"/>
    <tag k="addr:state" v="Maharashtra"/>
    <tag k="amenity" v="hospital"/>
    <tag k="healthcare" v="hospital"/>
    <tag k="name" v="Rg Stone Urology and Laparoscopy Hospital, Mumbai"/>
    <tag k="source" v="OpenGovernmentData"/>
  </node>
  <node id="7073672865" lat="18.9571912" lon="72.8229122">
    <tag k="addr:district" v="Mumbai"/>
    <tag k="addr:full" v="V.P.Road"/>
    <tag k="addr:postcode" v="400004"/>
    <tag k="addr:state" v="Maharashtra"/>
    <tag k="amenity" v="hospital"/>
    <tag k="name" v="Dr.Pai Dhungat Maternity and Nursing Home"/>
    <tag k="source" v="OpenGovernmentData"/>
  </node>
  <node id="7073765630" lat="19.0625970" lon="72.8358504">
    <tag k="addr:district" v="Mumbai"/>
    <tag k="addr:full" v="Renuka, Gr Flr 269-D, Nr National College , Linking Road Bandra W)"/>
    <tag k="addr:postcode" v="400050"/>
    <tag k="addr:state" v="Maharashtra"/>
    <tag k="amenity" v="hospital"/>
    <tag k="healthcare" v="hospital"/>
    <tag k="name" v="Dr A K Chandiramani Hospital"/>
    <tag k="source" v="OpenGovernmentData"/>
  </node>
  <node id="7073765631" lat="19.2299407" lon="72.8620175">
    <tag k="addr:district" v="Mumbai"/>
    <tag k="addr:full" v="63/C, Amita Apartment, 5Th Kastruba Road, Boravili East"/>
    <tag k="addr:postcode" v="400066"/>
    <tag k="addr:state" v="Maharashtra"/>
    <tag k="amenity" v="hospital"/>
    <tag k="name" v="Parmar Hospital"/>
    <tag k="source" v="OpenGovernmentData"/>
  </node>
  <node id="7073888629" lat="19.1755267" lon="72.9460879">
    <tag k="addr:district" v="Mumbai"/>
    <tag k="addr:full" v="1st Floor, Bps Plaza, Bps Estates, Devidayal Road, Near Best Bus Depot"/>
    <tag k="addr:postcode" v="400080"/>
    <tag k="addr:state" v="Maharashtra"/>
    <tag k="amenity" v="hospital"/>
    <tag k="name" v="Anjali Maternity and Surgical Hospital - Mulund"/>
    <tag k="source" v="OpenGovernmentData"/>
  </node>
  <node id="7073895614" lat="19.1285722" lon="72.8269772">
    <tag k="addr:city" v="Mumbai"/>
    <tag k="addr:district" v="Mumbai"/>
    <tag k="addr:full" v="#6, Manish Tower , Manish Nagar,J.R. Road ,Near Manish Shopping Centre"/>
    <tag k="addr:housenumber" v="four bungalows"/>
    <tag k="addr:postcode" v="400053"/>
    <tag k="addr:state" v="Maharashtra"/>
    <tag k="addr:street" v="jp road"/>
    <tag k="amenity" v="hospital"/>
    <tag k="emergency" v="no"/>
    <tag k="healthcare" v="hospital"/>
    <tag k="healthcare:speciality" v="gynaecology"/>
    <tag k="name" v="Akanksha Maternity and Surgical Hospital"/>
    <tag k="opening_hours" v="24/7"/>
    <tag k="source" v="OpenGovernmentData;gps"/>
  </node>
  <node id="7073944671" lat="18.9498421" lon="72.8201012">
    <tag k="addr:district" v="Mumbai"/>
    <tag k="addr:full" v="Netaji Subash Road"/>
    <tag k="addr:postcode" v="400002"/>
    <tag k="addr:state" v="Maharashtra"/>
    <tag k="amenity" v="hospital"/>
    <tag k="healthcare" v="hospital"/>
    <tag k="name" v="Smt. Kamladevi Gauridutt Mittal Ayurvedic Hospital"/>
    <tag k="source" v="OpenGovernmentData"/>
  </node>
  <node id="7073944677" lat="19.1482633" lon="72.9287884">
    <tag k="addr:district" v="Mumbai"/>
    <tag k="addr:full" v="Sharda Appt.-B, Ashok Kedare Chowk, Bhandup (W)"/>
    <tag k="addr:postcode" v="400078"/>
    <tag k="addr:state" v="Maharashtra"/>
    <tag k="amenity" v="hospital"/>
    <tag k="name" v="Maauli Hospital"/>
    <tag k="source" v="OpenGovernmentData"/>
  </node>
  <node id="7073949849" lat="18.9563909" lon="72.8133488">
    <tag k="addr:district" v="Mumbai"/>
    <tag k="addr:full" v="202-A, Sukh Sagar,2nd Floor, N S Patkar Marg"/>
    <tag k="addr:postcode" v="400007"/>
    <tag k="addr:state" v="Maharashtra"/>
    <tag k="amenity" v="hospital"/>
    <tag k="healthcare" v="hospital"/>
    <tag k="name" v="Samyak Drishti Eye Centre"/>
    <tag k="source" v="OpenGovernmentData"/>
  </node>
  <node id="7073949850" lat="19.2520161" lon="72.8731580">
    <tag k="addr:district" v="Mumbai"/>
    <tag k="addr:full" v="Shivdham Apt, Flat No 01, 02, N Wing, Grd Floor, S P Road, Vaishali Nagar Dahisar East"/>
    <tag k="addr:postcode" v="400068"/>
    <tag k="addr:state" v="Maharashtra"/>
    <tag k="amenity" v="hospital"/>
    <tag k="name" v="Jai Ambe Poly Clinic Nursing Home and Maternity Hospital"/>
    <tag k="source" v="OpenGovernmentData"/>
  </node>
  <node id="7073949862" lat="19.2025146" lon="72.8553495">
    <tag k="addr:district" v="Mumbai"/>
    <tag k="addr:full" v="2nd Flr, Shubh Bldg, Opp, Esis Hospital Akurli Road, Kandivali"/>
    <tag k="addr:postcode" v="400101"/>
    <tag k="addr:state" v="Maharashtra"/>
    <tag k="amenity" v="hospital"/>
    <tag k="name" v="Dhiraj Hospital"/>
    <tag k="source" v="OpenGovernmentData"/>
  </node>
  <node id="7073949883" lat="19.1038168" lon="72.8868990">
    <tag k="addr:district" v="Mumbai"/>
    <tag k="addr:full" v="1st &amp; 2nd Floor Laxmi Commarcial Premises Saki Naka Junction Andheri ( E)"/>
    <tag k="addr:postcode" v="400059"/>
    <tag k="addr:state" v="Maharashtra"/>
    <tag k="amenity" v="hospital"/>
    <tag k="healthcare" v="hospital"/>
    <tag k="name" v="Paramount General Hospital and ICU"/>
    <tag k="name:en" v="Paramount General Hospital and ICU"/>
    <tag k="source" v="OpenGovernmentData"/>
    <tag k="website" v="https://paramountgeneralhospital.com/"/>
  </node>
  <node id="7073949902" lat="19.1878962" lon="72.8365955">
    <tag k="addr:district" v="Thane"/>
    <tag k="addr:full" v="101, Eden Rose Shopping Complex,Opposite Cinemax Multiplex,Beverly Park, Mira Road(E)"/>
    <tag k="addr:postcode" v="400601"/>
    <tag k="addr:state" v="Maharashtra"/>
    <tag k="amenity" v="hospital"/>
    <tag k="name" v="Apex Kidney Care Pvt. Ltd (Mira Road)"/>
    <tag k="source" v="OpenGovernmentData"/>
  </node>
  <node id="7073949916" lat="19.2149992" lon="72.8475013">
    <tag k="addr:district" v="Mumbai"/>
    <tag k="addr:full" v="A-2/B-3, Gaurav Dhruv, Behind Bhatia School, Off Saibaba Nagar Road, Borivali West"/>
    <tag k="addr:postcode" v="400092"/>
    <tag k="addr:state" v="Maharashtra"/>
    <tag k="amenity" v="hospital"/>
    <tag k="healthcare" v="hospital"/>
    <tag k="name" v="Shreeji Kripa Surgical Center Icu and Nursing Home"/>
    <tag k="source" v="OpenGovernmentData"/>
  </node>
  <node id="7073961725" lat="19.1036140" lon="72.8870398">
    <tag k="addr:district" v="Mumbai"/>
    <tag k="addr:full" v="Laxmi Commercial Premises, Near Sakinaka Junction, Andheri Kurla Road, Andheri East"/>
    <tag k="addr:postcode" v="400072"/>
    <tag k="addr:state" v="Maharashtra"/>
    <tag k="amenity" v="hospital"/>
    <tag k="email" v="clinics2hospitals@gmail.com"/>
    <tag k="name" v="Paramount General Hospital and ICCU"/>
    <tag k="operator:type" v="private"/>
    <tag k="source" v="OpenGovernmentData"/>
    <tag k="website" v="https://parakhhospital.com/"/>
  </node>
  <node id="7074541583" lat="18.9893399" lon="72.8313598">
    <tag k="addr:district" v="Mumbai"/>
    <tag k="addr:full" v="Yashashree Society N M Joshi Marg Opp Zee News Bldg Lower Parel"/>
    <tag k="addr:postcode" v="400011"/>
    <tag k="addr:state" v="Maharashtra"/>
    <tag k="amenity" v="hospital"/>
    <tag k="name" v="Sankalp Eye Care Centre"/>
    <tag k="source" v="OpenGovernmentData"/>
  </node>
  <node id="7074541584" lat="19.2420427" lon="72.8549686">
    <tag k="addr:district" v="Mumbai"/>
    <tag k="addr:full" v="Madona Colony Road, Near Bhawati Hsp, Off Mandapeshwar Road, Borivali (W) Borivali"/>
    <tag k="addr:postcode" v="400103"/>
    <tag k="addr:state" v="Maharashtra"/>
    <tag k="amenity" v="hospital"/>
    <tag k="name" v="Netra Mandir"/>
    <tag k="source" v="OpenGovernmentData"/>
  </node>
  <node id="7074576485" lat="19.1366510" lon="72.8501849">
    <tag k="addr:district" v="Mumbai"/>
    <tag k="addr:full" v="004/C-2, Satellite Classic, Caves Road, Opposite, Jogeshwari Railway Station, Jogeshwari (E)"/>
    <tag k="addr:postcode" v="400060"/>
    <tag k="addr:state" v="Maharashtra"/>
    <tag k="amenity" v="hospital"/>
    <tag k="healthcare" v="hospital"/>
    <tag k="name" v="Dr. Shindes Childrens Hospital and Nicu"/>
    <tag k="source" v="OpenGovernmentData"/>
  </node>
  <node id="7076367516" lat="19.1998183" lon="72.8460167">
    <tag k="addr:district" v="Mumbai"/>
    <tag k="addr:full" v="1,2 &amp; 3, Shiv Kripa C.H.S., S.V.P. Lane, Opposite Municipal Garden, Kandivali (W)"/>
    <tag k="addr:postcode" v="400067"/>
    <tag k="addr:state" v="Maharashtra"/>
    <tag k="amenity" v="hospital"/>
    <tag k="name" v="Shree Krishna Hospital"/>
    <tag k="source" v="OpenGovernmentData"/>
  </node>
  <node id="7076379914" lat="19.1176805" lon="72.8736167">
    <tag k="addr:district" v="Mumbai"/>
    <tag k="addr:full" v="PLOT No, 88, Rd Number 15, Marol MIDC Industry Estate, Andheri East"/>
    <tag k="addr:postcode" v="400058"/>
    <tag k="addr:state" v="Maharashtra"/>
    <tag k="amenity" v="hospital"/>
    <tag k="name" v="SRL Diagnostics Andheri (MIDC)"/>
    <tag k="source" v="OpenGovernmentData"/>
  </node>
  <node id="7076379938" lat="19.2304503" lon="72.8629918">
    <tag k="addr:district" v="Mumbai"/>
    <tag k="addr:full" v="Seeta Mahal, Kasturba Road No. 5, Borivili (E)"/>
    <tag k="addr:postcode" v="400066"/>
    <tag k="addr:state" v="Maharashtra"/>
    <tag k="amenity" v="hospital"/>
    <tag k="name" v="Narendra Hospital, Mumbai"/>
    <tag k="source" v="OpenGovernmentData"/>
  </node>
  <node id="7076529384" lat="19.2018573" lon="72.8546427">
    <tag k="addr:district" v="Mumbai"/>
    <tag k="addr:full" v="Pragnya Apartment, 1st Floor, Akurli Road, Kandivli"/>
    <tag k="addr:postcode" v="400101"/>
    <tag k="addr:state" v="Maharashtra"/>
    <tag k="amenity" v="hospital"/>
    <tag k="name" v="Laxmi Clinic - Kandivli - (Mumbai)"/>
    <tag k="source" v="OpenGovernmentData"/>
  </node>
  <node id="7076557583" lat="19.2330886" lon="72.8530790">
    <tag k="addr:district" v="Mumbai"/>
    <tag k="addr:full" v="Opposite Dr.S.S.Panya Chowk, Sodawala Lane, Borivli (W)"/>
    <tag k="addr:postcode" v="400092"/>
    <tag k="addr:state" v="Maharashtra"/>
    <tag k="amenity" v="hospital"/>
    <tag k="name" v="Pandya Surgical and Maternity Hospital"/>
    <tag k="source" v="OpenGovernmentData"/>
    <tag k="wheelchair" v="limited"/>
  </node>
  <node id="7076609444" lat="19.1743050" lon="72.8443739">
    <tag k="addr:district" v="Mumbai"/>
    <tag k="addr:full" v="A-1,Gagan Chembers - 5,Near Gokuldham,Medicare Centre,Goregaon (E)"/>
    <tag k="addr:postcode" v="400063"/>
    <tag k="addr:state" v="Maharashtra"/>
    <tag k="amenity" v="hospital"/>
    <tag k="name" v="Life Line Medicare Hospital Pvt Ltd"/>
    <tag k="source" v="OpenGovernmentData"/>
  </node>
  <node id="7079392099" lat="19.0942526" lon="72.8497410">
    <tag k="addr:district" v="Mumbai"/>
    <tag k="addr:full" v="Nanda Patkar Road, Vileparle East"/>
    <tag k="addr:postcode" v="400057"/>
    <tag k="addr:state" v="Maharashtra"/>
    <tag k="amenity" v="hospital"/>
    <tag k="name" v="Dr. Rane hospital maternity &amp; surgical"/>
    <tag k="source" v="OpenGovernmentData"/>
  </node>
  <node id="7079392136" lat="19.2105098" lon="72.8651141">
    <tag k="addr:district" v="Mumbai"/>
    <tag k="addr:full" v="Videocon Tower,Thakur Complex,Kandivali(E)"/>
    <tag k="addr:postcode" v="400010"/>
    <tag k="addr:state" v="Maharashtra"/>
    <tag k="amenity" v="hospital"/>
    <tag k="name" v="Gokul Hospital, Mumbai"/>
    <tag k="source" v="OpenGovernmentData"/>
  </node>
  <node id="7079411415" lat="19.2442338" lon="72.8676447">
    <tag k="addr:district" v="Mumbai"/>
    <tag k="addr:full" v="Rajsatyam Building, Shiv Vallabh Road, Ashokvan ,Dahisar (E)"/>
    <tag k="addr:postcode" v="400068"/>
    <tag k="addr:state" v="Maharashtra"/>
    <tag k="amenity" v="hospital"/>
    <tag k="name" v="Vishwanath Hospital, Mumbai"/>
    <tag k="source" v="OpenGovernmentData"/>
  </node>
  <node id="7079665691" lat="19.0120922" lon="72.8549686">
    <tag k="addr:district" v="Mumbai"/>
    <tag k="addr:full" v="17/1, Vijay Niwas, R.A.K Road Wadala (W)"/>
    <tag k="addr:postcode" v="400031"/>
    <tag k="addr:state" v="Maharashtra"/>
    <tag k="amenity" v="hospital"/>
    <tag k="name" v="Shobha Maternity and Surgical Home"/>
    <tag k="source" v="OpenGovernmentData"/>
  </node>
  <node id="7079665692" lat="19.1107257" lon="72.8483811">
    <tag k="addr:district" v="Mumbai"/>
    <tag k="addr:full" v="Jeevan Vikas Kendra Marg , Off S. Nityanand Marg Andheri (East)"/>
    <tag k="addr:postcode" v="400069"/>
    <tag k="addr:state" v="Maharashtra"/>
    <tag k="amenity" v="hospital"/>
    <tag k="healthcare" v="hospital"/>
    <tag k="name" v="Sadanand Danait Hospital"/>
    <tag k="source" v="OpenGovernmentData"/>
  </node>
  <node id="7079665770" lat="19.0880071" lon="72.8367417">
    <tag k="addr:district" v="Mumbai"/>
    <tag k="addr:full" v="103, Parasurampuria Apt, 2 Tps 6 2nd Road , Santacruz West"/>
    <tag k="addr:postcode" v="400054"/>
    <tag k="addr:state" v="Maharashtra"/>
    <tag k="amenity" v="hospital"/>
    <tag k="name" v="Netrapuja Research Centre"/>
    <tag k="source" v="OpenGovernmentData"/>
  </node>
  <node id="7080141268" lat="19.0921146" lon="72.9123692">
    <tag k="addr:district" v="Mumbai"/>
    <tag k="addr:full" v="A Wing,Bhaveshwar Plaza Lbs Marg Ghatkopar - West"/>
    <tag k="addr:postcode" v="400086"/>
    <tag k="addr:state" v="Maharashtra"/>
    <tag k="amenity" v="hospital"/>
    <tag k="name" v="Sapna Health Care Centre Pvt Ltd"/>
    <tag k="source" v="OpenGovernmentData"/>
  </node>
  <node id="7080141269" lat="18.9592421" lon="72.8383537">
    <tag k="addr:district" v="Latur"/>
    <tag k="addr:full" v="122, Dr Maheshwari Rd, Dongri, Umerkhadi"/>
    <tag k="addr:postcode" v="400009"/>
    <tag k="addr:state" v="Maharashtra"/>
    <tag k="amenity" v="hospital"/>
    <tag k="name" v="Smt.Laxmiben Dhanji Devshi Health Centre"/>
    <tag k="source" v="OpenGovernmentData"/>
  </node>
  <node id="7080205211" lat="19.0814154" lon="72.9057965">
    <tag k="addr:district" v="Mumbai"/>
    <tag k="addr:full" v="Samaj Bhavan, 5Th Floor, Joshi Lane, M G Road, Ghatkopar"/>
    <tag k="addr:postcode" v="400077"/>
    <tag k="addr:state" v="Maharashtra"/>
    <tag k="amenity" v="hospital"/>
    <tag k="name" v="Cg Eye Foundaton and Shree Ghatkopar Brahman Samaj"/>
    <tag k="source" v="OpenGovernmentData"/>
  </node>
  <node id="7080205222" lat="18.9639954" lon="72.8078722">
    <tag k="addr:district" v="Mumbai"/>
    <tag k="addr:full" v="Mumbai"/>
    <tag k="addr:postcode" v="400026"/>
    <tag k="addr:state" v="Maharashtra"/>
    <tag k="amenity" v="hospital"/>
    <tag k="healthcare" v="hospital"/>
    <tag k="name" v="Gynaecworld"/>
    <tag k="source" v="OpenGovernmentData"/>
  </node>
  <node id="7080205226" lat="19.1953512" lon="72.8331435">
    <tag k="addr:district" v="Mumbai"/>
    <tag k="addr:full" v="Shweta Bldg, Khandelwal Layout, Link Road Malad West"/>
    <tag k="addr:postcode" v="400064"/>
    <tag k="addr:state" v="Maharashtra"/>
    <tag k="amenity" v="hospital"/>
    <tag k="name" v="Dr.Ronak Prakash Bhandari"/>
    <tag k="source" v="OpenGovernmentData"/>
  </node>
  <node id="7080205265" lat="19.1373264" lon="72.8485105">
    <tag k="addr:district" v="Mumbai"/>
    <tag k="addr:full" v="C wing, 1st floor, Opposite Jogeshwari station west"/>
    <tag k="addr:postcode" v="400102"/>
    <tag k="addr:state" v="Maharashtra"/>
    <tag k="amenity" v="hospital"/>
    <tag k="healthcare" v="hospital"/>
    <tag k="name" v="Dr Shah Hospital"/>
    <tag k="source" v="OpenGovernmentData"/>
  </node>
  <node id="7080269652" lat="19.0363697" lon="72.8427344">
    <tag k="addr:district" v="Mumbai"/>
    <tag k="addr:full" v="Ganesh Apt. Ground Floor, L. J. Road, Opposite Sitladevi Temple, Mahim"/>
    <tag k="addr:postcode" v="400014"/>
    <tag k="addr:state" v="Maharashtra"/>
    <tag k="amenity" v="hospital"/>
    <tag k="healthcare" v="hospital"/>
    <tag k="name" v="Ashwini Accident Hospital and Poly Clinic"/>
    <tag k="source" v="OpenGovernmentData"/>
  </node>
  <node id="7080269989" lat="19.0970597" lon="72.8473860">
    <tag k="addr:district" v="Mumbai"/>
    <tag k="addr:full" v="199, Dixit Cross Road, Near Chetan School, Vile Parle (East)"/>
    <tag k="addr:postcode" v="400057"/>
    <tag k="addr:state" v="Maharashtra"/>
    <tag k="amenity" v="hospital"/>
    <tag k="healthcare" v="hospital"/>
    <tag k="name" v="Ashish Maternity and Nursing Home - Vile Parle (E)"/>
    <tag k="source" v="OpenGovernmentData"/>
  </node>
  <node id="7080413752" lat="19.0597001" lon="72.8996768">
    <tag k="addr:district" v="Mumbai"/>
    <tag k="addr:full" v="Gagangiri Complex, 1st And 4Th Floor, 18Th Road, Near Dr. Ambedkar Garden Chembur"/>
    <tag k="addr:postcode" v="400071"/>
    <tag k="addr:state" v="Maharashtra"/>
    <tag k="amenity" v="hospital"/>
    <tag k="healthcare" v="hospital"/>
    <tag k="name" v="Tandon Hospital"/>
    <tag k="source" v="OpenGovernmentData"/>
  </node>
  <node id="7080878125" lat="19.0828996" lon="72.8376549">
    <tag k="addr:district" v="Mumbai"/>
    <tag k="addr:full" v="Santacruz (W)"/>
    <tag k="addr:postcode" v="400054"/>
    <tag k="addr:state" v="Maharashtra"/>
    <tag k="amenity" v="hospital"/>
    <tag k="name" v="Radiance Laser Vision Centre"/>
    <tag k="source" v="OpenGovernmentData"/>
  </node>
  <node id="7081965757" lat="19.0520436" lon="72.8238114">
    <tag k="addr:district" v="Mumbai"/>
    <tag k="addr:full" v="Opp Mehboob Sutdio, Hill Road , Bandra West"/>
    <tag k="addr:postcode" v="400050"/>
    <tag k="addr:state" v="Maharashtra"/>
    <tag k="amenity" v="hospital"/>
    <tag k="name" v="Vision Laser Surgery Centre"/>
    <tag k="source" v="OpenGovernmentData"/>
  </node>
  <node id="7082370226" lat="19.1069165" lon="72.8356406">
    <tag k="addr:district" v="Mumbai"/>
    <tag k="addr:full" v="Flat 1, Ridhhi, E W Road 2, 41, Vallabhnagar Society, Opposite Cooper Casualy, Jvpd Scheme"/>
    <tag k="addr:postcode" v="400056"/>
    <tag k="addr:state" v="Maharashtra"/>
    <tag k="amenity" v="hospital"/>
    <tag k="healthcare" v="hospital"/>
    <tag k="name" v="Dr Sanjay Soni Dental Clinic"/>
    <tag k="source" v="OpenGovernmentData"/>
  </node>
  <node id="7082370250" lat="19.1284059" lon="72.8322530">
    <tag k="addr:district" v="Mumbai"/>
    <tag k="addr:full" v="Eversun Soc., Sahakar Nagar, Jp Road, Andheri West"/>
    <tag k="addr:postcode" v="400053"/>
    <tag k="addr:state" v="Maharashtra"/>
    <tag k="amenity" v="hospital"/>
    <tag k="healthcare" v="hospital"/>
    <tag k="name" v="Parijat Surgical and General Hospital"/>
    <tag k="source" v="OpenGovernmentData"/>
  </node>
  <node id="7082499112" lat="19.2246868" lon="72.8575087">
    <tag k="addr:district" v="Mumbai"/>
    <tag k="addr:full" v="Sheel Palace Near State Bank , Dattapada Borivali East"/>
    <tag k="addr:postcode" v="400066"/>
    <tag k="addr:state" v="Maharashtra"/>
    <tag k="amenity" v="hospital"/>
    <tag k="name" v="Crystal Hospitals"/>
    <tag k="source" v="OpenGovernmentData"/>
  </node>
  <node id="7082499146" lat="19.0918193" lon="72.8436054">
    <tag k="addr:district" v="Mumbai"/>
    <tag k="addr:full" v="Veer Makrand Ghanekar Marg, Navpada, Vile Parle East, Vile Parle"/>
    <tag k="addr:postcode" v="400057"/>
    <tag k="addr:state" v="Maharashtra"/>
    <tag k="amenity" v="hospital"/>
    <tag k="healthcare" v="hospital"/>
    <tag k="name" v="Shree Ramnath Eye Care"/>
    <tag k="source" v="OpenGovernmentData"/>
  </node>
  <node id="7082518991" lat="19.1352453" lon="72.8381807">
    <tag k="addr:district" v="Mumbai"/>
    <tag k="addr:full" v="Andheri"/>
    <tag k="addr:postcode" v="400102"/>
    <tag k="addr:state" v="Maharashtra"/>
    <tag k="amenity" v="hospital"/>
    <tag k="healthcare" v="hospital"/>
    <tag k="name" v="Society Of The Helpers Of Mary Shraddha Vihar Hospital"/>
    <tag k="source" v="OpenGovernmentData"/>
  </node>
  <node id="7082579559" lat="19.1748655" lon="72.9422598">
    <tag k="addr:district" v="Mumbai"/>
    <tag k="addr:full" v="C-1, Shivkrishna Dham, Lal Bahadur Shastri Marg, Mulund West"/>
    <tag k="addr:postcode" v="400080"/>
    <tag k="addr:state" v="Maharashtra"/>
    <tag k="amenity" v="hospital"/>
    <tag k="name" v="Veena Nagar Health Care Center and Hospital"/>
    <tag k="source" v="OpenGovernmentData"/>
  </node>
  <node id="7082623483" lat="19.1921424" lon="72.8449076">
    <tag k="addr:district" v="Mumbai"/>
    <tag k="addr:full" v="techKNEEque, Flat 7, Nilanjana CHS, Next to Nutan Vidyamandir, Marve Road, Malad West\"/>
    <tag k="addr:postcode" v="400064"/>
    <tag k="addr:state" v="Maharashtra"/>
    <tag k="amenity" v="hospital"/>
    <tag k="name" v="Shah Fracture-Orthopaedic Hospital"/>
    <tag k="source" v="OpenGovernmentData"/>
  </node>
  <node id="7082733154" lat="19.0887333" lon="72.9050951">
    <tag k="addr:district" v="Mumbai"/>
    <tag k="addr:full" v="B/6-7, 1st Floor, Dharmodaya Building, Near Telephone Exchange, Jivdaya Lane, Ghatkopar West"/>
    <tag k="addr:postcode" v="400086"/>
    <tag k="addr:state" v="Maharashtra"/>
    <tag k="amenity" v="hospital"/>
    <tag k="name" v="Nachiketa Health Care Center"/>
    <tag k="source" v="OpenGovernmentData"/>
  </node>
  <node id="7082733171" lat="19.1455229" lon="72.8230771">
    <tag k="addr:district" v="Mumbai"/>
    <tag k="addr:full" v="Nebula Apartment, Lokhandwala, Andheri West"/>
    <tag k="addr:housename" v="Nebula Apartment"/>
    <tag k="addr:place" v="Lokhandwala"/>
    <tag k="addr:postcode" v="400053"/>
    <tag k="addr:state" v="Maharashtra"/>
    <tag k="addr:suburb" v="Andheri West"/>
    <tag k="amenity" v="hospital"/>
    <tag k="name" v="Sanghvi Clinic"/>
    <tag k="name:hi" v="सांघवी क्लिनिक"/>
    <tag k="source" v="OpenGovernmentData"/>
  </node>
  <node id="7082733172" lat="18.9734559" lon="72.8145584">
    <tag k="addr:district" v="Mumbai"/>
    <tag k="addr:full" v="47-A, Walchand Terraces, Opp Tardeo A/C Market, Tardeo"/>
    <tag k="addr:postcode" v="400034"/>
    <tag k="addr:state" v="Maharashtra"/>
    <tag k="amenity" v="hospital"/>
    <tag k="name" v="Anudhiti Care"/>
    <tag k="source" v="OpenGovernmentData"/>
  </node>
  <node id="7082738898" lat="19.0887777" lon="72.9074769">
    <tag k="addr:district" v="Mumbai"/>
    <tag k="addr:full" v="207, Jyoti Chambers, Khot Lane, Above New Bata Showroom,Ghatkopar(W)"/>
    <tag k="addr:postcode" v="400086"/>
    <tag k="addr:state" v="Maharashtra"/>
    <tag k="amenity" v="hospital"/>
    <tag k="name" v="Amar Jyot Eye Care Centre"/>
    <tag k="source" v="OpenGovernmentData"/>
  </node>
  <node id="7082738921" lat="19.1473676" lon="72.9321921">
    <tag k="addr:district" v="Mumbai"/>
    <tag k="addr:full" v="10/ A &amp; B, Miniland,Tank Road,Near Shivaji Talao, Bhandup(W)"/>
    <tag k="addr:postcode" v="400078"/>
    <tag k="addr:state" v="Maharashtra"/>
    <tag k="amenity" v="hospital"/>
    <tag k="name" v="M.S.Maternity and General Hospital"/>
    <tag k="source" v="OpenGovernmentData"/>
  </node>
  <node id="7083190122" lat="18.9230674" lon="72.8275497">
    <tag k="addr:district" v="Mumbai"/>
    <tag k="addr:full" v="74/78/Lady Ratan Tata M R C Karve Road, Cooperage"/>
    <tag k="addr:postcode" v="400021"/>
    <tag k="addr:state" v="Maharashtra"/>
    <tag k="amenity" v="hospital"/>
    <tag k="name" v="Abhishek Day Care Institute and Medical Research Centre"/>
    <tag k="source" v="OpenGovernmentData"/>
  </node>
  <node id="7083324261" lat="19.1297337" lon="72.8702196">
    <tag k="addr:district" v="Mumbai"/>
    <tag k="addr:full" v="B6/7,Bilquis Apt. - Iii,Mayrose Chs,Mahakali Caves Road,Andheri (East)"/>
    <tag k="addr:postcode" v="400093"/>
    <tag k="addr:state" v="Maharashtra"/>
    <tag k="amenity" v="hospital"/>
    <tag k="name" v="Uma Maternity Nursing Home"/>
    <tag k="source" v="OpenGovernmentData"/>
  </node>
  <node id="7085422788" lat="19.1166953" lon="72.9370737">
    <tag k="addr:district" v="Mumbai"/>
    <tag k="addr:full" v="Sambhaji Maidan Circle,Sai Prasad Shopping Centre"/>
    <tag k="addr:postcode" v="400083"/>
    <tag k="addr:state" v="Maharashtra"/>
    <tag k="amenity" v="hospital"/>
    <tag k="name" v="Sai Hospital, Mumbai"/>
    <tag k="source" v="OpenGovernmentData"/>
  </node>
  <node id="7085422809" lat="19.0611444" lon="72.8948718">
    <tag k="addr:district" v="Mumbai"/>
    <tag k="addr:full" v="C/0. Sushrut Hosptial, 2nd Floor, Swastik Park, Near Kach Gujar Hall, Chembur (E)"/>
    <tag k="addr:postcode" v="400001"/>
    <tag k="addr:state" v="Maharashtra"/>
    <tag k="amenity" v="hospital"/>
    <tag k="name" v="Apex Kidney Care Pvt. Ltd."/>
    <tag k="source" v="OpenGovernmentData"/>
  </node>
  <node id="7085731347" lat="19.0881256" lon="72.9051980">
    <tag k="addr:district" v="Mumbai"/>
    <tag k="addr:full" v="No. A/102, Chandrodaya Building,Jivdaya Lane,Between Sarvodaya Hospital &amp; Telephone Exchange,Ghatkopar (W)"/>
    <tag k="addr:postcode" v="400086"/>
    <tag k="addr:state" v="Maharashtra"/>
    <tag k="amenity" v="hospital"/>
    <tag k="name" v="Jeevandeep Children Hospital, Mumbai"/>
    <tag k="source" v="OpenGovernmentData"/>
  </node>
  <node id="7085742085" lat="19.0721453" lon="72.8343692">
    <tag k="addr:district" v="Mumbai"/>
    <tag k="addr:full" v="No. 7, Rajsarovar Nikethan, No. 315. A Working Road, Above Punjab Sindhi Bank, Khar West"/>
    <tag k="addr:postcode" v="400054"/>
    <tag k="addr:state" v="Maharashtra"/>
    <tag k="amenity" v="hospital"/>
    <tag k="name" v="Zen Eye Center"/>
    <tag k="source" v="OpenGovernmentData"/>
  </node>
  <node id="7085742097" lat="19.1691361" lon="72.9594333">
    <tag k="addr:district" v="Mumbai"/>
    <tag k="addr:full" v="Maruti Darshan, C Wing, 2nd Floor, Mulund East"/>
    <tag k="addr:postcode" v="400081"/>
    <tag k="addr:state" v="Maharashtra"/>
    <tag k="amenity" v="hospital"/>
    <tag k="name" v="Aaditya Netralaya"/>
    <tag k="source" v="OpenGovernmentData"/>
  </node>
  <node id="7085742119" lat="19.1907321" lon="72.8558276">
    <tag k="addr:district" v="Mumbai"/>
    <tag k="addr:full" v="Vasant Vijay Mahal, Pushpa Park, Road No.2, Malad (E)"/>
    <tag k="addr:postcode" v="400097"/>
    <tag k="addr:state" v="Maharashtra"/>
    <tag k="amenity" v="hospital"/>
    <tag k="name" v="Shraddha Orthopedic and Surgical Hospital"/>
    <tag k="source" v="OpenGovernmentData"/>
  </node>
  <node id="7085742120" lat="19.1069728" lon="72.8358773">
    <tag k="addr:district" v="Mumbai"/>
    <tag k="addr:full" v="Heena Smruti, Road No 2, Juhu Scheme, Opposite Cooper Hospital Casualty, Vile Parle(W)"/>
    <tag k="addr:postcode" v="400056"/>
    <tag k="addr:state" v="Maharashtra"/>
    <tag k="amenity" v="hospital"/>
    <tag k="healthcare" v="hospital"/>
    <tag k="name" v="Iris Eye Center"/>
    <tag k="source" v="OpenGovernmentData"/>
  </node>
  <node id="7085988144" lat="19.2345359" lon="72.8650416">
    <tag k="addr:district" v="Mumbai"/>
    <tag k="addr:full" v="B/102, 1st Floor, Goyal Trade Centre, Sona Talkies Building, Shantivan Colony"/>
    <tag k="addr:postcode" v="400066"/>
    <tag k="addr:state" v="Maharashtra"/>
    <tag k="amenity" v="hospital"/>
    <tag k="name" v="Ashtavinayak Hospital &amp; Swami Samarth Health Clinic"/>
    <tag k="source" v="OpenGovernmentData"/>
  </node>
  <node id="7085988157" lat="19.1936338" lon="72.8466564">
    <tag k="addr:district" v="Mumbai"/>
    <tag k="addr:full" v="Vishal Complex, S.V.Road, Malad (West)"/>
    <tag k="addr:postcode" v="400064"/>
    <tag k="addr:state" v="Maharashtra"/>
    <tag k="amenity" v="hospital"/>
    <tag k="contact:phone" v="8080221110"/>
    <tag k="email" v="info@lifelinehospitalmumbai.in"/>
    <tag k="name" v="Lifeline Hospital, Mumbai"/>
    <tag k="operator:type" v="private"/>
    <tag k="source" v="OpenGovernmentData"/>
    <tag k="website" v="http://www.lifelinehospitalmumbai.in/"/>
  </node>
  <node id="7085988158" lat="19.1901083" lon="72.8479251">
    <tag k="addr:district" v="Mumbai"/>
    <tag k="addr:full" v="SV Rd, Malad, Mahavir Nagar, Malad West"/>
    <tag k="addr:postcode" v="400064"/>
    <tag k="addr:state" v="Maharashtra"/>
    <tag k="amenity" v="hospital"/>
    <tag k="contact:phone" v="8080221110"/>
    <tag k="email" v="info@lifelinehospitalmumbai.in"/>
    <tag k="name" v="Lifeline Hospital, Mumbai"/>
    <tag k="operator:type" v="private"/>
    <tag k="source" v="OpenGovernmentData"/>
    <tag k="website" v="http://www.lifelinehospitalmumbai.in/"/>
  </node>
  <node id="7086092351" lat="19.1737818" lon="72.9537423">
    <tag k="addr:district" v="Mumbai"/>
    <tag k="addr:full" v="Mulund"/>
    <tag k="addr:postcode" v="400080"/>
    <tag k="addr:state" v="Maharashtra"/>
    <tag k="amenity" v="hospital"/>
    <tag k="name" v="Apex Kidney Care (Dialysisnetworks)"/>
    <tag k="source" v="OpenGovernmentData"/>
  </node>
  <node id="7086283489" lat="19.1326050" lon="72.8696693">
    <tag k="addr:district" v="Mumbai"/>
    <tag k="addr:full" v="9-B, Vallabhai Patel Rd, New Mhada Colony, Indira Nagar, Jogeshwari East"/>
    <tag k="addr:postcode" v="400093"/>
    <tag k="addr:state" v="Maharashtra"/>
    <tag k="amenity" v="hospital"/>
    <tag k="healthcare" v="hospital"/>
    <tag k="name" v="Dr Phadkes Maternity and Surgical Hospital"/>
    <tag k="source" v="OpenGovernmentData"/>
  </node>
  <node id="7086283490" lat="19.0146877" lon="72.8274786">
    <tag k="addr:district" v="Mumbai"/>
    <tag k="addr:full" v="14,Ground Floor Muljee House,Veer Savarkar Marg,Prabhadevi"/>
    <tag k="addr:postcode" v="400025"/>
    <tag k="addr:state" v="Maharashtra"/>
    <tag k="amenity" v="hospital"/>
    <tag k="healthcare" v="hospital"/>
    <tag k="name" v="Varad Medical Centre"/>
    <tag k="source" v="OpenGovernmentData"/>
  </node>
  <node id="7086409774" lat="19.0230349" lon="72.8498315">
    <tag k="addr:district" v="Mumbai"/>
    <tag k="addr:full" v="153-B Dongre Building Hindu Colony Opp Ruia College Matunga (Cr)"/>
    <tag k="addr:postcode" v="400019"/>
    <tag k="addr:state" v="Maharashtra"/>
    <tag k="amenity" v="hospital"/>
    <tag k="check_date" v="2026-03-20"/>
    <tag k="name" v="Icon The Eye Consultants Eye and Laser Centre"/>
    <tag k="source" v="OpenGovernmentData"/>
  </node>
  <node id="7086409775" lat="19.1809728" lon="72.9425508">
    <tag k="addr:district" v="Mumbai"/>
    <tag k="addr:full" v="Veena Nagar Phase Ii, Near Swapna Nagari Tulsi Pipe Line Road, Mulund(W)"/>
    <tag k="addr:postcode" v="400080"/>
    <tag k="addr:state" v="Maharashtra"/>
    <tag k="amenity" v="hospital"/>
    <tag k="name" v="Vertex Hospital"/>
    <tag k="source" v="OpenGovernmentData"/>
  </node>
  <node id="7086516380" lat="19.2422117" lon="72.8648673">
    <tag k="addr:district" v="Mumbai"/>
    <tag k="addr:full" v="Umang Co-Op-Hsg Soc , C-3/4 Rukhason Nagar Sant Dnyneshwar Road Dahisar"/>
    <tag k="addr:postcode" v="400001"/>
    <tag k="addr:state" v="Maharashtra"/>
    <tag k="amenity" v="hospital"/>
    <tag k="name" v="Mauli Hospital, Mumbai"/>
    <tag k="source" v="OpenGovernmentData"/>
  </node>
  <node id="7086532343" lat="19.1836916" lon="72.8464680">
    <tag k="addr:district" v="Mumbai"/>
    <tag k="addr:full" v="Sriniwas Apartment, 78, S.V. Road, Opposite New Era Talkies, Malad"/>
    <tag k="addr:postcode" v="400064"/>
    <tag k="addr:state" v="Maharashtra"/>
    <tag k="amenity" v="hospital"/>
    <tag k="name" v="AR Hospital Orthopaedic &amp; ICU"/>
    <tag k="source" v="OpenGovernmentData"/>
  </node>
  <node id="7086532370" lat="19.1100591" lon="72.8642115">
    <tag k="addr:district" v="Mumbai"/>
    <tag k="addr:full" v="Goel Apartments, J B Nagar, Near Kalgidhar High School, Wireless Street, Andheri East"/>
    <tag k="addr:postcode" v="400059"/>
    <tag k="addr:state" v="Maharashtra"/>
    <tag k="amenity" v="hospital"/>
    <tag k="healthcare" v="hospital"/>
    <tag k="name" v="Goel Hospital"/>
    <tag k="source" v="OpenGovernmentData"/>
  </node>
  <node id="7086734179" lat="18.9654379" lon="72.8116241">
    <tag k="addr:district" v="Mumbai"/>
    <tag k="addr:full" v="6,Jaymahal,French Bridge,Opera House, Next To Patidar Samaj Hall"/>
    <tag k="addr:postcode" v="400007"/>
    <tag k="addr:state" v="Maharashtra"/>
    <tag k="amenity" v="hospital"/>
    <tag k="name" v="Infiniti Eye Hospital"/>
    <tag k="source" v="OpenGovernmentData"/>
  </node>
  <node id="7086758044" lat="19.0466757" lon="72.8574979">
    <tag k="addr:district" v="Mumbai"/>
    <tag k="addr:full" v="Priyadarshini Co-Op. Hsg.Soc.,Room No.102,G-Wing, 1st Floor,OppositeNew Ongc Tower, Sion-Bandra Link Road, Dharavi"/>
    <tag k="addr:postcode" v="400017"/>
    <tag k="addr:state" v="Maharashtra"/>
    <tag k="amenity" v="hospital"/>
    <tag k="name" v="Lifecare Hospital"/>
    <tag k="source" v="OpenGovernmentData"/>
  </node>
  <node id="7087131445" lat="19.0824839" lon="72.9049838">
    <tag k="addr:district" v="Mumbai"/>
    <tag k="addr:full" v="206, Gayatri Dham, Jn. Of M.G Road , &amp; Derasar Lane , Ghatkopar (East)"/>
    <tag k="addr:postcode" v="400077"/>
    <tag k="addr:state" v="Maharashtra"/>
    <tag k="amenity" v="hospital"/>
    <tag k="name" v="Dr. Dipak Desai's Ear Nose and Throat Hospital"/>
    <tag k="source" v="OpenGovernmentData"/>
  </node>
  <node id="7087131468" lat="19.0626503" lon="72.8816150">
    <tag k="addr:district" v="Mumbai"/>
    <tag k="addr:full" v="Opp-Building No-101 Nehru Nagar, Kurla (E)"/>
    <tag k="addr:postcode" v="400024"/>
    <tag k="addr:state" v="Maharashtra"/>
    <tag k="amenity" v="hospital"/>
    <tag k="name" v="Prarushi Healthcare Pvt Ltd / Kusumesh Chandra Maternity Hospital"/>
    <tag k="source" v="OpenGovernmentData"/>
  </node>
  <node id="7087131476" lat="19.2375647" lon="72.8598100">
    <tag k="addr:district" v="Mumbai"/>
    <tag k="addr:full" v="Laxmi Nivas, OppositeAmba Mandir, Carter Road-3, Borivli(E)"/>
    <tag k="addr:postcode" v="400066"/>
    <tag k="addr:state" v="Maharashtra"/>
    <tag k="amenity" v="hospital"/>
    <tag k="name" v="Dr. Mehta's Maternity Home"/>
    <tag k="source" v="OpenGovernmentData"/>
  </node>
  <node id="7087491721" lat="19.1631829" lon="72.8351136">
    <tag k="addr:district" v="Mumbai"/>
    <tag k="addr:full" v="1st Floor, M.G.Road Junction,Motilal Nagar"/>
    <tag k="addr:postcode" v="400104"/>
    <tag k="addr:state" v="Maharashtra"/>
    <tag k="amenity" v="hospital"/>
    <tag k="name" v="Prarthana Hospital And ICU"/>
    <tag k="source" v="OpenGovernmentData"/>
  </node>
  <node id="7087636852" lat="19.2150866" lon="72.8287527">
    <tag k="addr:district" v="Mumbai"/>
    <tag k="addr:full" v="105-108. 1st Floor, Kesar Plaza, A-Wing, Sector 3, Charkop"/>
    <tag k="addr:postcode" v="400067"/>
    <tag k="addr:state" v="Maharashtra"/>
    <tag k="amenity" v="hospital"/>
    <tag k="name" v="Shree Nagesh Childrens Hospital"/>
    <tag k="source" v="OpenGovernmentData"/>
  </node>
  <node id="7206288300" lat="18.9666435" lon="72.8289157">
    <tag k="addr:city" v="Mumbai"/>
    <tag k="addr:district" v="Mumbai"/>
    <tag k="addr:housenumber" v="21/22"/>
    <tag k="addr:postcode" v="400008"/>
    <tag k="addr:street" v="Memni Buidling, Dimtimakar Road"/>
    <tag k="amenity" v="hospital"/>
    <tag k="emergency" v="yes"/>
    <tag k="healthcare" v="hospital"/>
    <tag k="healthcare:speciality" v="gynaecology;surgery;paediatrics;orthopaedics;general"/>
    <tag k="name" v="Dawood Multispeciality Nursing Home"/>
    <tag k="opening_hours" v="09:30-22:30, We off"/>
    <tag k="operator" v="sabusiddique"/>
    <tag k="operator:type" v="public"/>
    <tag k="phone" v="+91 22 23091413, +91 22 23051797"/>
  </node>
  <node id="7207893889" lat="18.9666750" lon="72.8284384">
    <tag k="addr:city" v="Mumbai"/>
    <tag k="addr:postcode" v="400008"/>
    <tag k="addr:street" v="Duncan Road, Dalal Estate, Kamathipura"/>
    <tag k="amenity" v="hospital"/>
    <tag k="facility:unani" v="yes"/>
    <tag k="healthcare" v="clinic"/>
    <tag k="healthcare:speciality" v="general"/>
    <tag k="name" v="Tibbia Hospital"/>
  </node>
  <node id="7207893890" lat="18.9538884" lon="72.8334612">
    <tag k="addr:city" v="Mumbai"/>
    <tag k="addr:full" v="49, Mohammed Ali Road near Masjid Bunder, Pydhonie, Mumbai 400003"/>
    <tag k="addr:housenumber" v="49"/>
    <tag k="addr:postcode" v="400003"/>
    <tag k="addr:street" v="Mohammed Ali Road"/>
    <tag k="amenity" v="hospital"/>
    <tag k="healthcare" v="hospital"/>
    <tag k="healthcare:speciality" v="general;gynaecology"/>
    <tag k="name" v="Noor Hospital"/>
  </node>
  <node id="7207893891" lat="18.9456103" lon="72.8345389">
    <tag k="addr:city" v="Mumbai"/>
    <tag k="addr:full" v="1st Floor, Greenstone Heritage, Commercial premises, C-Wing, Chhatrapati Shivaji Terminus Area, Mumbai 400001"/>
    <tag k="addr:postcode" v="400001"/>
    <tag k="amenity" v="hospital"/>
    <tag k="emergency" v="no"/>
    <tag k="healthcare" v="laboratory"/>
    <tag k="healthcare:speciality" v="blood_check"/>
    <tag k="phone" v="+91 22 2344 8024"/>
  </node>
  <node id="7210907978" lat="19.1941028" lon="72.8213186">
    <tag k="addr:district" v="Mumbai"/>
    <tag k="addr:full" v="Rose Apts Near Fire Brigade, Malvani Rd, BMC Colony, Malad West"/>
    <tag k="addr:postcode" v="400095"/>
    <tag k="addr:state" v="Maharashtra"/>
    <tag k="amenity" v="hospital"/>
    <tag k="name" v="Mangalmurti Hospital"/>
    <tag k="source" v="OpenGovernmentData"/>
  </node>
  <node id="7225067112" lat="19.0780040" lon="72.8630200">
    <tag k="addr:district" v="Mumbai"/>
    <tag k="addr:full" v="Kalina Health Post, Near Geeta Vihar Market, Santacruz East"/>
    <tag k="addr:postcode" v="400029"/>
    <tag k="addr:state" v="Maharashtra"/>
    <tag k="amenity" v="hospital"/>
    <tag k="check_date" v="2026-03-21"/>
    <tag k="name" v="Kalina Hospital"/>
    <tag k="source" v="OpenGovernmentData"/>
  </node>
  <node id="7225067144" lat="18.9841900" lon="72.8300350">
    <tag k="addr:district" v="Mumbai"/>
    <tag k="addr:full" v="Near Nirmal Park Railway Quarters, Chinchpokli"/>
    <tag k="addr:postcode" v="400011"/>
    <tag k="addr:state" v="Maharashtra"/>
    <tag k="amenity" v="hospital"/>
    <tag k="check_date" v="2026-03-20"/>
    <tag k="description" v="Civil Hospital/General Hospital"/>
    <tag k="name" v="Kasturba Hospital"/>
    <tag k="source" v="OpenGovernmentData"/>
  </node>
  <node id="7225067148" lat="19.0786832" lon="72.9013145">
    <tag k="addr:district" v="Mumbai"/>
    <tag k="addr:full" v="RN Gandhi Road, Near Somaiya College, Ghatkopar East, Mumbai"/>
    <tag k="addr:postcode" v="400077"/>
    <tag k="addr:state" v="Maharashtra"/>
    <tag k="amenity" v="hospital"/>
    <tag k="description" v="Sub District Hospital"/>
    <tag k="source" v="OpenGovernmentData"/>
  </node>
  <node id="7225067153" lat="19.0017314" lon="72.8169030">
    <tag k="addr:district" v="Mumbai"/>
    <tag k="addr:full" v="BDD Chawls Worli, behind Poddar Hospital"/>
    <tag k="addr:postcode" v="400018"/>
    <tag k="addr:state" v="Maharashtra"/>
    <tag k="amenity" v="hospital"/>
    <tag k="name" v="ESIS Hospital WORLI"/>
    <tag k="source" v="OpenGovernmentData"/>
  </node>
  <node id="7225067156" lat="19.1720375" lon="72.8517554">
    <tag k="addr:district" v="Mumbai"/>
    <tag k="addr:full" v="Road Number 4, C-WING, Subhash Nagar, Goregaon"/>
    <tag k="addr:postcode" v="400063"/>
    <tag k="addr:state" v="Maharashtra"/>
    <tag k="amenity" v="hospital"/>
    <tag k="name" v="Pandurangawadi Health Post"/>
    <tag k="source" v="OpenGovernmentData"/>
  </node>
  <node id="7225067170" lat="19.1108771" lon="72.8781592">
    <tag k="addr:district" v="Mumbai"/>
    <tag k="addr:full" v="Marol Village Road, Near Miljul Housing Society, Marol"/>
    <tag k="addr:postcode" v="400059"/>
    <tag k="addr:state" v="Maharashtra"/>
    <tag k="amenity" v="hospital"/>
    <tag k="name" v="Marol Maternity Home"/>
    <tag k="source" v="OpenGovernmentData"/>
  </node>
  <node id="7225067179" lat="19.0562030" lon="72.8947630">
    <tag k="addr:district" v="Mumbai"/>
    <tag k="addr:full" v="Ramakrishna Chemburkar Marg, Near BMC Office, Chembur"/>
    <tag k="addr:postcode" v="400071"/>
    <tag k="addr:state" v="Maharashtra"/>
    <tag k="amenity" v="hospital"/>
    <tag k="name" v="Matoshri Ramabai Ambedkar Maternity Hospital"/>
    <tag k="name:etymology:wikidata" v="Q19812241"/>
    <tag k="source" v="OpenGovernmentData"/>
  </node>
  <node id="7225067192" lat="19.0022803" lon="72.8162624">
    <tag k="addr:district" v="Mumbai"/>
    <tag k="addr:full" v="Dr Annie Besant Road, B Wing, BDD Chawls Worli"/>
    <tag k="addr:postcode" v="400018"/>
    <tag k="addr:state" v="Maharashtra"/>
    <tag k="amenity" v="hospital"/>
    <tag k="name" v="Poddar Hospital"/>
    <tag k="source" v="OpenGovernmentData"/>
  </node>
  <node id="7225067194" lat="19.1784330" lon="72.8511050">
    <tag k="addr:district" v="Mumbai"/>
    <tag k="addr:full" v="Govind Nagar Road, Near Mahindra Academy, Malad"/>
    <tag k="addr:postcode" v="400097"/>
    <tag k="addr:state" v="Maharashtra"/>
    <tag k="amenity" v="hospital"/>
    <tag k="name" v="M.W. Desai Municipal General Hospital"/>
    <tag k="source" v="OpenGovernmentData"/>
  </node>
  <node id="7225067197" lat="19.1054569" lon="72.8518587">
    <tag k="addr:district" v="Mumbai"/>
    <tag k="addr:full" v="Dr. V.N.Shirodkar Municipal Maternity Home, Vileparle (E)"/>
    <tag k="addr:postcode" v="400057"/>
    <tag k="addr:state" v="Maharashtra"/>
    <tag k="amenity" v="hospital"/>
    <tag k="healthcare" v="hospital"/>
    <tag k="name" v="V N Shirodkar Hospital"/>
    <tag k="source" v="OpenGovernmentData"/>
  </node>
  <node id="7225067213" lat="18.9711940" lon="72.8209680">
    <tag k="addr:district" v="Mumbai"/>
    <tag k="addr:full" v="55, Dr Anandrao Nair Marg, Near Mumbai Central Railway Station, Mumbai"/>
    <tag k="addr:postcode" v="400008"/>
    <tag k="addr:state" v="Maharashtra"/>
    <tag k="amenity" v="hospital"/>
    <tag k="description" v="Medical Colleges Hospital"/>
    <tag k="healthcare" v="hospital"/>
    <tag k="name" v="Nair Hospital Dental College"/>
    <tag k="source" v="OpenGovernmentData"/>
  </node>
  <node id="7225067227" lat="19.1761724" lon="72.8494708">
    <tag k="addr:district" v="Mumbai"/>
    <tag k="addr:full" v="Chinchowali Colony, Near Railway Station, Malad"/>
    <tag k="addr:postcode" v="400097"/>
    <tag k="addr:state" v="Maharashtra"/>
    <tag k="amenity" v="hospital"/>
    <tag k="name" v="Pahadi Health Post"/>
    <tag k="source" v="OpenGovernmentData"/>
  </node>
  <node id="7225067256" lat="19.2197564" lon="72.8708165">
    <tag k="addr:district" v="Mumbai"/>
    <tag k="addr:full" v="BMC General Hospital, Kasturba Cross Road No.2, Boriwali (E)"/>
    <tag k="addr:postcode" v="400066"/>
    <tag k="addr:state" v="Maharashtra"/>
    <tag k="amenity" v="hospital"/>
    <tag k="name" v="BMC Maternity Hospital"/>
    <tag k="source" v="OpenGovernmentData"/>
  </node>
  <node id="7225067258" lat="19.1753236" lon="72.9510961">
    <tag k="addr:district" v="Mumbai"/>
    <tag k="addr:full" v="Mahakavi Kalidas Road, Near B.M.C.T. Ward Office, Mulund"/>
    <tag k="addr:postcode" v="400080"/>
    <tag k="addr:state" v="Maharashtra"/>
    <tag k="amenity" v="hospital"/>
    <tag k="name" v="M.T. Agrawal Hospital"/>
    <tag k="source" v="OpenGovernmentData"/>
  </node>
  <node id="7225067267" lat="19.0984853" lon="72.9041470">
    <tag k="addr:district" v="Mumbai"/>
    <tag k="addr:full" v="Sant Muktabai Mun. Gen. Hospital, Barve Nagar, Ghatkopar (W)"/>
    <tag k="addr:postcode" v="400086"/>
    <tag k="addr:state" v="Maharashtra"/>
    <tag k="amenity" v="hospital"/>
    <tag k="name" v="Sant Muktabai Hospital"/>
    <tag k="source" v="OpenGovernmentData"/>
  </node>
  <node id="7225067271" lat="19.0369195" lon="72.8582046">
    <tag k="addr:district" v="Mumbai"/>
    <tag k="addr:full" v="Dr Babasaheb Ambedkar Road, Sion West, Sion"/>
    <tag k="addr:postcode" v="400022"/>
    <tag k="addr:state" v="Maharashtra"/>
    <tag k="amenity" v="hospital"/>
    <tag k="check_date" v="2026-03-20"/>
    <tag k="description" v="Medical Colleges Hospital"/>
    <tag k="healthcare" v="hospital"/>
    <tag k="name" v="L.T.Muncipal Medical College and Sion Hospital"/>
    <tag k="source" v="OpenGovernmentData"/>
  </node>
  <node id="7225067275" lat="19.1180038" lon="72.9394753">
    <tag k="addr:district" v="Mumbai"/>
    <tag k="addr:full" v="Krantiveer Mahatma Jyotiba Phule Hospital, Vikas College Road, Kannamwar Nagar - 2"/>
    <tag k="addr:postcode" v="400083"/>
    <tag k="addr:state" v="Maharashtra"/>
    <tag k="amenity" v="hospital"/>
    <tag k="description" v="Sub District Hospital"/>
    <tag k="name" v="Krantiveer Mahatma Jyotiba Phule Hospital, Vikhroli"/>
    <tag k="source" v="OpenGovernmentData"/>
  </node>
  <node id="7225067284" lat="18.9742153" lon="72.8219188">
    <tag k="addr:district" v="Mumbai"/>
    <tag k="addr:full" v="Dr. A. L. Nair Road, Mumbai"/>
    <tag k="addr:postcode" v="400008"/>
    <tag k="addr:state" v="Maharashtra"/>
    <tag k="amenity" v="hospital"/>
    <tag k="check_date" v="2026-03-20"/>
    <tag k="description" v="Medical Colleges Hospital"/>
    <tag k="healthcare" v="hospital"/>
    <tag k="name" v="BYL Nair hospital"/>
    <tag k="source" v="OpenGovernmentData"/>
  </node>
  <node id="7226727393" lat="18.9516800" lon="72.8388270">
    <tag k="addr:district" v="Mumbai"/>
    <tag k="addr:full" v="Janabai Madhavrao Rokade Municipal School Ground Floor, Masjid Bunder Katha Bazzar, Mumbai"/>
    <tag k="addr:postcode" v="400009"/>
    <tag k="addr:state" v="Maharashtra"/>
    <tag k="amenity" v="hospital"/>
    <tag k="emergency" v="yes"/>
    <tag k="healthcare" v="hospital"/>
    <tag k="name" v="General Hospital, Janabai Rokade"/>
    <tag k="source" v="OpenGovernmentData"/>
  </node>
  <node id="7433481437" lat="18.9540069" lon="72.8340909">
    <tag k="amenity" v="hospital"/>
    <tag k="emergency" v="no"/>
    <tag k="healthcare" v="hospital"/>
    <tag k="name" v="The Muslim Ambulance Society Diagnostic Center"/>
  </node>
  <node id="7433481438" lat="18.9596948" lon="72.8368049">
    <tag k="amenity" v="hospital"/>
    <tag k="healthcare" v="hospital"/>
    <tag k="healthcare:speciality" v="general;paediatrics;gynaecology;orthopaedics"/>
    <tag k="name" v="Habib Hospital"/>
    <tag k="phone" v="+91-22-23788100"/>
    <tag k="website" v="http://habibhospital.com/"/>
  </node>
  <node id="7433682214" lat="18.9660613" lon="72.8319120">
    <tag k="addr:district" v="Mumbai City"/>
    <tag k="addr:full" v="Shreeram Rane Chowk, Police Colony, New Nagpada, Byculla, Mumbai"/>
    <tag k="addr:postcode" v="400008"/>
    <tag k="addr:state" v="Maharastra"/>
    <tag k="amenity" v="hospital"/>
    <tag k="healthcare" v="hospital"/>
    <tag k="name" v="Nagpada Police Hospital"/>
    <tag k="name:mr" v="नागपाडा पोलीस रुग्णालय"/>
    <tag k="source" v="Local Knowledge"/>
  </node>
  <node id="7433749757" lat="18.9724219" lon="72.8357505">
    <tag k="addr:postcode" v="400010"/>
    <tag k="amenity" v="hospital"/>
    <tag k="healthcare" v="hospital"/>
    <tag k="healthcare:speciality" v="gynaecology"/>
    <tag k="name" v="Rajshree Maternity"/>
    <tag k="name:mr" v="राजश्री मैटरनिटी"/>
  </node>
  <node id="7433829905" lat="18.9749545" lon="72.8357371">
    <tag k="amenity" v="hospital"/>
    <tag k="healthcare" v="hospital"/>
    <tag k="healthcare:speciality" v="oncology"/>
    <tag k="name" v="Masina Cancer Center"/>
  </node>
  <node id="7604673842" lat="19.1751524" lon="72.9526962">
    <tag k="addr:district" v="Mumbai (Suburban)"/>
    <tag k="addr:full" v="Mulund West"/>
    <tag k="addr:postcode" v="400080"/>
    <tag k="addr:state" v="Maharashtra"/>
    <tag k="amenity" v="hospital"/>
    <tag k="healthcare" v="hospital"/>
    <tag k="name" v="Government Hospital, Mulund"/>
    <tag k="source" v="Local Knowledge"/>
  </node>
  <node id="7604724839" lat="19.1462704" lon="72.9345511">
    <tag k="addr:district" v="Mumbai (Suburban)"/>
    <tag k="addr:full" v="Bhandup"/>
    <tag k="addr:postcode" v="400078"/>
    <tag k="addr:state" v="Maharashtra"/>
    <tag k="amenity" v="hospital"/>
    <tag k="name" v="Savitribai Jyotiba Phule Maternity Home Bhandup"/>
    <tag k="source" v="Local Knowledge"/>
  </node>
  <node id="7607557871" lat="18.9619830" lon="72.8265104">
    <tag k="addr:district" v="Mumbai"/>
    <tag k="addr:full" v="MS Ali Road, Siddharth Nagar, Kamathipura, Mumbai"/>
    <tag k="addr:postcode" v="400008"/>
    <tag k="addr:state" v="Maharashtra"/>
    <tag k="amenity" v="hospital"/>
    <tag k="healthcare" v="hospital"/>
    <tag k="name" v="BMC Eye Hospital ,Kamathipura"/>
    <tag k="source" v="Local Knowledge"/>
  </node>
  <node id="7607578889" lat="19.0960915" lon="72.9103804">
    <tag k="addr:district" v="Mumbai"/>
    <tag k="addr:full" v="Sainath Nagar, Indira Nagar, Ghatkopar West, Mumbai"/>
    <tag k="addr:postcode" v="400086"/>
    <tag k="addr:state" v="Maharashtra"/>
    <tag k="amenity" v="hospital"/>
    <tag k="name" v="Matoshree Ramabai Maternity BMC Hospital"/>
    <tag k="source" v="Local Knowledge"/>
  </node>
  <node id="7607631740" lat="19.0536272" lon="72.9232104">
    <tag k="addr:district" v="Mumbai"/>
    <tag k="addr:full" v="Deonar"/>
    <tag k="addr:postcode" v="400043"/>
    <tag k="addr:state" v="Maharashtra"/>
    <tag k="amenity" v="hospital"/>
    <tag k="name" v="Deonar Maternity Home"/>
    <tag k="source" v="Local Knowledge"/>
  </node>
  <node id="7607886540" lat="18.9785849" lon="72.8128747">
    <tag k="addr:district" v="Mumbai"/>
    <tag k="addr:full" v="Haji Ali, Keshavrao Khadye Marg"/>
    <tag k="addr:postcode" v="400034"/>
    <tag k="addr:state" v="Maharashtra"/>
    <tag k="amenity" v="hospital"/>
    <tag k="name" v="All India Institute of Physical Medicine and Rehabilitation"/>
    <tag k="source" v="Local Knowledge"/>
  </node>
  <node id="7622282442" lat="19.2037678" lon="72.8244846">
    <tag k="addr:district" v="Mumbai"/>
    <tag k="addr:full" v="Kandivali, Babrekar Nagar"/>
    <tag k="addr:postcode" v="400095"/>
    <tag k="addr:state" v="Maharashtra"/>
    <tag k="amenity" v="hospital"/>
    <tag k="name" v="BMC Hospital"/>
    <tag k="source" v="Local Knowledge"/>
  </node>
  <node id="7628258688" lat="19.1777529" lon="72.8724378">
    <tag k="addr:district" v="Mumbai"/>
    <tag k="addr:full" v="Riddhi Gardens, Malad East, Mumbai"/>
    <tag k="addr:postcode" v="400097"/>
    <tag k="addr:state" v="Maharashtra"/>
    <tag k="amenity" v="hospital"/>
    <tag k="name" v="Savitri Bai Phule BMC Hospital ,Malad East"/>
    <tag k="source" v="Local Knowledge"/>
  </node>
  <node id="7663833078" lat="19.2281033" lon="72.8461862">
    <tag k="addr:district" v="Mumbai Suburban"/>
    <tag k="addr:full" v="Gayatri Krupa Building, Opp. Punjab &amp; Sindh Bank, Borivali West, Mumbai"/>
    <tag k="addr:postcode" v="400092"/>
    <tag k="addr:state" v="Maharastra"/>
    <tag k="amenity" v="hospital"/>
    <tag k="name" v="Siddhivinayak Nurshing Home"/>
    <tag k="source" v="Local Knowledge"/>
  </node>
  <node id="7663833079" lat="19.1631030" lon="72.8463370">
    <tag k="addr:district" v="Mumbai Suburban"/>
    <tag k="addr:full" v="Ashok Raj Building, SV Road, Above Ratan Hotel, Kakaji Nagar, Jawahar Nagar, Goregaon West, Mumbai"/>
    <tag k="addr:postcode" v="400062"/>
    <tag k="addr:state" v="Maharastra"/>
    <tag k="amenity" v="hospital"/>
    <tag k="name" v="Singhi Hospital"/>
    <tag k="source" v="Local Knowledge"/>
  </node>
  <node id="7663833081" lat="19.2313100" lon="72.8496222">
    <tag k="addr:district" v="Mumbai Suburban"/>
    <tag k="addr:full" v="Vaishali Heights, Chandavarkar Road, Near Standard Chartered Bank, Borivali West, Mumbai"/>
    <tag k="addr:postcode" v="400092"/>
    <tag k="addr:state" v="Maharastra"/>
    <tag k="amenity" v="hospital"/>
    <tag k="name" v="Apex Hospitals"/>
    <tag k="source" v="Local Knowledge"/>
  </node>
  <node id="7663833082" lat="19.2354521" lon="72.8539800">
    <tag k="addr:district" v="Mumbai Suburban"/>
    <tag k="addr:full" v="Usha Nagar Road, Prem Nagar, Borivali West, Mumbai"/>
    <tag k="addr:postcode" v="400092"/>
    <tag k="addr:state" v="Maharastra"/>
    <tag k="amenity" v="hospital"/>
    <tag k="emergency" v="yes"/>
    <tag k="healthcare" v="hospital"/>
    <tag k="name" v="Dr. Usha Hospital"/>
    <tag k="source" v="Local Knowledge"/>
  </node>
  <node id="7663833086" lat="19.1788180" lon="72.8428290">
    <tag k="addr:district" v="Mumbai Suburban"/>
    <tag k="addr:full" v="Chincholi Bunder Road, Mandlik Nagar, Sunder Nagar, Malad West, Mumbai"/>
    <tag k="addr:postcode" v="400064"/>
    <tag k="addr:state" v="Maharastra"/>
    <tag k="amenity" v="hospital"/>
    <tag k="name" v="Vivanta Multispeciality Hospital"/>
    <tag k="source" v="Local Knowledge"/>
  </node>
  <node id="7663833087" lat="19.2293350" lon="72.8466000">
    <tag k="addr:district" v="Mumbai Suburban"/>
    <tag k="addr:full" v="Lokmanya Tilak Road, Beside Punjab &amp; Sind Bank, Babhai Naka, Borivali West, Mumbai"/>
    <tag k="addr:postcode" v="400092"/>
    <tag k="addr:state" v="Maharastra"/>
    <tag k="amenity" v="hospital"/>
    <tag k="name" v="Apex Superspeciality Hospitals"/>
    <tag k="source" v="Local Knowledge"/>
  </node>
  <node id="7663833088" lat="19.1632110" lon="72.8350360">
    <tag k="addr:district" v="Mumbai Suburban"/>
    <tag k="addr:full" v="JP Residency, Vivanta Hospital, Chincholi Bunder, Malad West, Mumbai"/>
    <tag k="addr:postcode" v="400064"/>
    <tag k="addr:state" v="Maharastra"/>
    <tag k="amenity" v="hospital"/>
    <tag k="name" v="Vivanta Hospital"/>
    <tag k="source" v="Local Knowledge"/>
  </node>
  <node id="7663833089" lat="19.1941236" lon="72.8736690">
    <tag k="addr:district" v="Mumbai Suburban"/>
    <tag k="addr:full" v="Plot No: 39/D-5, Lokhandwala Complex, Mahada Colony Road, No: 3, Near Auto Stand, Kandivali East, Mumbai"/>
    <tag k="addr:postcode" v="400101"/>
    <tag k="addr:state" v="Maharastra"/>
    <tag k="amenity" v="hospital"/>
    <tag k="name" v="Sai Siddhi Hospital"/>
    <tag k="source" v="Local Knowledge"/>
  </node>
  <node id="7663833090" lat="19.1889230" lon="72.8552480">
    <tag k="addr:district" v="Mumbai Suburban"/>
    <tag k="addr:full" v="Pooja Building, Daftary Road, Malkani Estate, Pushpa Park, Malad East, Mumbai"/>
    <tag k="addr:postcode" v="400097"/>
    <tag k="addr:state" v="Maharastra"/>
    <tag k="amenity" v="hospital"/>
    <tag k="name" v="Dr. Sharik's Asha Maternity &amp; General Hospital"/>
    <tag k="source" v="Local Knowledge"/>
  </node>
  <node id="7663833093" lat="19.1756310" lon="72.8374640">
    <tag k="addr:district" v="Mumbai Suburban"/>
    <tag k="addr:full" v="New Link Road, Malad, Sunder Nagar, Malad West, Mumbai"/>
    <tag k="addr:postcode" v="400064"/>
    <tag k="addr:state" v="Maharastra"/>
    <tag k="amenity" v="hospital"/>
    <tag k="check_date" v="2025-12-29"/>
    <tag k="name" v="Cloud Nine Children's Hospital"/>
    <tag k="source" v="Local Knowledge"/>
  </node>
  <node id="7663833097" lat="19.2346688" lon="72.8582934">
    <tag k="addr:district" v="Mumbai Suburban"/>
    <tag k="addr:full" v="Gopalpuri Cooperative Housing Society, Swami Vivekananda Marg, Nehru Nagar, Daulat Nagar, Borivali East, Mumbai;S.V.Road, Above Uma Hotel, Pannalal Nagar, Borivali East, Mumbai"/>
    <tag k="addr:postcode" v="400066;400068"/>
    <tag k="addr:state" v="Maharastra"/>
    <tag k="amenity" v="hospital"/>
    <tag k="name" v="Shishubharti Hospital;Nandini Hospital"/>
    <tag k="source" v="Local Knowledge"/>
  </node>
  <node id="7663833098" lat="19.1816744" lon="72.8467421">
    <tag k="addr:district" v="Mumbai Suburban"/>
    <tag k="addr:full" v="SV Road, Malad, Vijaykar Wadi, Malad West, Mumbai"/>
    <tag k="addr:postcode" v="400064"/>
    <tag k="addr:state" v="Maharastra"/>
    <tag k="amenity" v="hospital"/>
    <tag k="name" v="L. M Patel Eye Hospital"/>
    <tag k="source" v="Local Knowledge"/>
  </node>
  <node id="7663833101" lat="19.2312330" lon="72.8401210">
    <tag k="addr:district" v="Mumbai Suburban"/>
    <tag k="addr:full" v="Next to Ganesh Mandir &amp; Near Bank Of Baroda, Gorai Nagar, Borivali West, Mumbai"/>
    <tag k="addr:postcode" v="400092"/>
    <tag k="addr:state" v="Maharastra"/>
    <tag k="amenity" v="hospital"/>
    <tag k="name" v="Ganatra's Riddhi Nursing Home"/>
    <tag k="source" v="Local Knowledge"/>
  </node>
  <node id="7663833102" lat="19.2316390" lon="72.8611970">
    <tag k="addr:district" v="Mumbai Suburban"/>
    <tag k="addr:full" v="Riddhi Siddhi Complex, Near Sukurwadi S.T Depot, M.G Road, Borivali East, Mumbai"/>
    <tag k="addr:postcode" v="400066"/>
    <tag k="addr:state" v="Maharastra"/>
    <tag k="amenity" v="hospital"/>
    <tag k="name" v="Omkareshwar Nursing Home"/>
    <tag k="source" v="Local Knowledge"/>
  </node>
  <node id="7663833103" lat="19.2285044" lon="72.8523298">
    <tag k="addr:district" v="Mumbai Suburban"/>
    <tag k="addr:full" v="Vini Elegance, Lokmanya Tilak Road, Borivali West, Above Tanishq, Mumbai"/>
    <tag k="addr:postcode" v="400092"/>
    <tag k="addr:state" v="Maharastra"/>
    <tag k="amenity" v="hospital"/>
    <tag k="name" v="MIB Super Speciality Hospital"/>
    <tag k="source" v="Local Knowledge"/>
  </node>
  <node id="7663833104" lat="19.1725519" lon="72.8739312">
    <tag k="addr:district" v="Mumbai Suburban"/>
    <tag k="addr:full" v="Building D-2, Satellite Gardens-2, Film City Road, Near Hanuman Nagar, Goregaon, Mumbai"/>
    <tag k="addr:postcode" v="400063"/>
    <tag k="addr:state" v="Maharastra"/>
    <tag k="amenity" v="hospital"/>
    <tag k="name" v="Radha Krishna Hospital"/>
    <tag k="source" v="Local Knowledge"/>
  </node>
  <node id="7663833111" lat="19.1636085" lon="72.8377227">
    <tag k="addr:district" v="Mumbai Suburban"/>
    <tag k="addr:full" v="Mahatma Gandhi Road, Opposite Rosary Church, Goregaon West, Mumbai"/>
    <tag k="addr:postcode" v="400090"/>
    <tag k="addr:state" v="Maharastra"/>
    <tag k="amenity" v="hospital"/>
    <tag k="name" v="Jain Hospital"/>
    <tag k="source" v="Local Knowledge"/>
  </node>
  <node id="7663833113" lat="19.1903949" lon="72.8349070">
    <tag k="addr:district" v="Mumbai Suburban"/>
    <tag k="addr:full" v="Shweta Building, New Link Road, Khandelwal Layout, Kanchpada, Malad West, Mumbai"/>
    <tag k="addr:postcode" v="400064"/>
    <tag k="addr:state" v="Maharastra"/>
    <tag k="addr:street" v="Plot No. 10, Shweta Building, New Link Rd, Khandelwal Layout, Kanchpada, Malad West"/>
    <tag k="amenity" v="hospital"/>
    <tag k="check_date" v="2026-03-04"/>
    <tag k="check_date:opening_hours" v="2026-03-04"/>
    <tag k="name" v="The Children's Hospital Mumbai - Best child specialist in Mumbai"/>
    <tag k="name:hi" v="दि चिल्ड्रेन्स हॉस्पिटल"/>
    <tag k="opening_hours" v="24/7"/>
    <tag k="phone" v="+91 9324394702"/>
    <tag k="source" v="Local Knowledge"/>
    <tag k="website" v="https://thechildrenshospitalmumbai.com/"/>
  </node>
  <node id="7663833115" lat="19.2161290" lon="72.8508300">
    <tag k="addr:district" v="Mumbai Suburban"/>
    <tag k="addr:full" v="Swami Vivekanand Road, Jai Punit Nagar, Borivali West, Mumbai"/>
    <tag k="addr:postcode" v="400092"/>
    <tag k="addr:state" v="Maharastra"/>
    <tag k="amenity" v="hospital"/>
    <tag k="healthcare:speciality" v="orthopaedics"/>
    <tag k="name" v="Punit Orthopaedic Hospital"/>
    <tag k="source" v="Local Knowledge"/>
  </node>
  <node id="7663833117" lat="19.1612265" lon="72.8401810">
    <tag k="addr:district" v="Mumbai Suburban"/>
    <tag k="addr:full" v="L.T. Nagar, 4th Lane, Mahatma Gandhi Road, Goregaon West, Mumbai"/>
    <tag k="addr:postcode" v="400104"/>
    <tag k="addr:state" v="Maharastra"/>
    <tag k="amenity" v="hospital"/>
    <tag k="name" v="Matushree Gomati Hospital"/>
    <tag k="source" v="Local Knowledge"/>
  </node>
  <node id="7663833118" lat="19.1952374" lon="72.8461978">
    <tag k="addr:district" v="Mumbai Suburban"/>
    <tag k="addr:full" v="Goraswadi Road, Opp. Nirman Hitech Diagnostics, Malad West, Mumbai"/>
    <tag k="addr:postcode" v="400064"/>
    <tag k="addr:state" v="Maharastra"/>
    <tag k="amenity" v="hospital"/>
    <tag k="name" v="Thunga Hospital"/>
    <tag k="source" v="Local Knowledge"/>
  </node>
  <node id="7663833122" lat="19.1751156" lon="72.8778495">
    <tag k="addr:city" v="Goregaon.Mumbai"/>
    <tag k="addr:district" v="Mumbai Suburban"/>
    <tag k="addr:full" v="Nagri Niwara Cooperative Housing Society, Goregaon, Mumbai"/>
    <tag k="addr:postcode" v="400065"/>
    <tag k="addr:state" v="Maharastra"/>
    <tag k="addr:street" v="General A K Vaidya Marg"/>
    <tag k="amenity" v="hospital"/>
    <tag k="emergency" v="yes"/>
    <tag k="levels" v="3"/>
    <tag k="name" v="Hospital Vedant"/>
    <tag k="source" v="Local Knowledge"/>
  </node>
  <node id="7663833125" lat="19.1794965" lon="72.8606797">
    <tag k="addr:district" v="Mumbai Suburban"/>
    <tag k="addr:full" v="Pathanwadi Road, Malad, Tapovan Housing Complex, Pathan Wadi, Malad East, Mumbai"/>
    <tag k="addr:postcode" v="400097"/>
    <tag k="addr:state" v="Maharastra"/>
    <tag k="amenity" v="hospital"/>
    <tag k="name" v="New Nari Hospital"/>
    <tag k="source" v="Local Knowledge"/>
  </node>
  <node id="7663833127" lat="19.2322669" lon="72.8497419">
    <tag k="addr:district" v="Mumbai Suburban"/>
    <tag k="addr:full" v="Sodawala Line, CKP Colony, Borivali West, Mumbai"/>
    <tag k="addr:postcode" v="400091"/>
    <tag k="addr:state" v="Maharastra"/>
    <tag k="amenity" v="hospital"/>
    <tag k="name" v="Om Sai Hospital"/>
    <tag k="source" v="Local Knowledge"/>
  </node>
  <node id="7663833129" lat="19.1754936" lon="72.8338516">
    <tag k="addr:district" v="Mumbai Suburban"/>
    <tag k="addr:full" v="Rustomjee Elanza, Ground Floor, Aditya Heritage, Industrial Society, Chincholi Bunder Road, Ram Nagar, Malad West, Mumbai"/>
    <tag k="addr:postcode" v="400064"/>
    <tag k="addr:state" v="Maharastra"/>
    <tag k="amenity" v="hospital"/>
    <tag k="name" v="Sage Hospital"/>
    <tag k="source" v="Local Knowledge"/>
  </node>
  <node id="7663833130" lat="19.2432690" lon="72.8659540">
    <tag k="addr:district" v="Mumbai Suburban"/>
    <tag k="addr:full" v="Panorama Park, Ground Floor, Ashok Van, Dahisar East, Mumbai"/>
    <tag k="addr:postcode" v="400068"/>
    <tag k="addr:state" v="Maharastra"/>
    <tag k="amenity" v="hospital"/>
    <tag k="name" v="Ashok Hospital"/>
    <tag k="source" v="Local Knowledge"/>
  </node>
  <node id="7663833131" lat="19.1827180" lon="72.8567240">
    <tag k="addr:district" v="Mumbai Suburban"/>
    <tag k="addr:full" v="Rani Sati Marg, Near Passport Office, Malad East, Mumbai"/>
    <tag k="addr:postcode" v="400097"/>
    <tag k="addr:state" v="Maharastra"/>
    <tag k="amenity" v="hospital"/>
    <tag k="name" v="Balajee Hospital"/>
    <tag k="source" v="Local Knowledge"/>
  </node>
  <node id="7663833132" lat="19.2281970" lon="72.8459440">
    <tag k="addr:district" v="Mumbai Suburban"/>
    <tag k="addr:full" v="Bina Apart, Lokmanya Tilak Road, Near Damodar Medical, Vazira, Borivali West, Mumbai"/>
    <tag k="addr:postcode" v="400092"/>
    <tag k="addr:state" v="Maharastra"/>
    <tag k="amenity" v="hospital"/>
    <tag k="name" v="Shree Ganesha Hospital"/>
    <tag k="source" v="Local Knowledge"/>
  </node>
  <node id="7663833133" lat="19.2391561" lon="72.8545383">
    <tag k="addr:district" v="Mumbai Suburban"/>
    <tag k="addr:full" v="Sardar Vallabhbhai Patel Road, Near Bhagwati Hospital, Borivali West, Mumbai"/>
    <tag k="addr:postcode" v="400103"/>
    <tag k="addr:state" v="Maharastra"/>
    <tag k="amenity" v="hospital"/>
    <tag k="name" v="Neerja Children's Hospital"/>
    <tag k="source" v="Local Knowledge"/>
  </node>
  <node id="7663833134" lat="19.1671157" lon="72.8513635">
    <tag k="addr:district" v="Mumbai Suburban"/>
    <tag k="addr:full" v="Naikwadi Road, Naik Wadi, Churi Wadi, Goregaon, Mumbai"/>
    <tag k="addr:postcode" v="400063"/>
    <tag k="addr:state" v="Maharastra"/>
    <tag k="amenity" v="hospital"/>
    <tag k="name" v="Dr. Sabnis Hospital"/>
    <tag k="source" v="Local Knowledge"/>
  </node>
  <node id="7663833135" lat="19.1945255" lon="72.8743319">
    <tag k="addr:district" v="Mumbai Suburban"/>
    <tag k="addr:full" v="Akurli Road, Mira Road, East, MHADA Colony, Lokhandwala Twp, Kandivali East, Mumbai"/>
    <tag k="addr:postcode" v="400101"/>
    <tag k="addr:state" v="Maharastra"/>
    <tag k="amenity" v="hospital"/>
    <tag k="name" v="Jeevan Jyoti Hospital"/>
    <tag k="source" v="Local Knowledge"/>
  </node>
  <node id="7663833136" lat="19.2422290" lon="72.8636370">
    <tag k="addr:district" v="Mumbai Suburban"/>
    <tag k="addr:full" v="Ovaripada, Borivali East, Mumbai"/>
    <tag k="addr:postcode" v="400068"/>
    <tag k="addr:state" v="Maharastra"/>
    <tag k="amenity" v="hospital"/>
    <tag k="name" v="Sai Kripa Pediatric Hospital"/>
    <tag k="source" v="Local Knowledge"/>
  </node>
  <node id="7663833137" lat="19.2431980" lon="72.8659250">
    <tag k="addr:district" v="Mumbai Suburban"/>
    <tag k="addr:full" v="D Wing, Ground Floor, Panorama Park, Shiv Vallabh Road, Ashok Van, Mumbai"/>
    <tag k="addr:postcode" v="400068"/>
    <tag k="addr:state" v="Maharastra"/>
    <tag k="amenity" v="hospital"/>
    <tag k="name" v="Chiranjeev Childrens Hospital"/>
    <tag k="source" v="Local Knowledge"/>
  </node>
  <node id="7663833141" lat="19.2204250" lon="72.8628570">
    <tag k="addr:district" v="Mumbai Suburban"/>
    <tag k="addr:full" v="Dattapada Road, Next to Suswagat Restaurant, Borivali East, Mumbai"/>
    <tag k="addr:postcode" v="400066"/>
    <tag k="addr:state" v="Maharastra"/>
    <tag k="amenity" v="hospital"/>
    <tag k="name" v="Apex Multispeciality Hospitals"/>
    <tag k="source" v="Local Knowledge"/>
  </node>
  <node id="7663833142" lat="19.1955450" lon="72.8364295">
    <tag k="addr:district" v="Mumbai Suburban"/>
    <tag k="addr:full" v="Janet Castle, Opp St Joseph School, Marve Road, Orlem, Mumbai"/>
    <tag k="addr:postcode" v="400064"/>
    <tag k="addr:state" v="Maharastra"/>
    <tag k="amenity" v="hospital"/>
    <tag k="name" v="Gosalia Hospital"/>
    <tag k="source" v="Local Knowledge"/>
  </node>
  <node id="7663833143" lat="19.1814140" lon="72.8643340">
    <tag k="addr:district" v="Mumbai Suburban"/>
    <tag k="addr:full" v="Bhoomi Residency, Next to Triveni Nagar, Kurar Village, Malad East, Mumbai"/>
    <tag k="addr:postcode" v="400097"/>
    <tag k="addr:state" v="Maharastra"/>
    <tag k="amenity" v="hospital"/>
    <tag k="name" v="Aastha Maternity"/>
    <tag k="source" v="Local Knowledge"/>
  </node>
  <node id="7663833146" lat="19.2041513" lon="72.8498303">
    <tag k="addr:district" v="Mumbai Suburban"/>
    <tag k="addr:full" v="Vijaykar Wadi, Kandivali West, Mumbai"/>
    <tag k="addr:postcode" v="400067"/>
    <tag k="addr:state" v="Maharastra"/>
    <tag k="amenity" v="hospital"/>
    <tag k="name" v="Dalvi Hospital"/>
    <tag k="source" v="Local Knowledge"/>
  </node>
  <node id="7663833148" lat="19.2174338" lon="72.8501145">
    <tag k="addr:district" v="Mumbai Suburban"/>
    <tag k="addr:full" v="Building No. 3, Block A, Saibaba Mandir Marg, Shastri Nagar, Borivali West, Mumbai"/>
    <tag k="addr:postcode" v="400092"/>
    <tag k="addr:state" v="Maharastra"/>
    <tag k="amenity" v="hospital"/>
    <tag k="emergency" v="yes"/>
    <tag k="healthcare" v="hospital"/>
    <tag k="name" v="Navjivan Hospital"/>
    <tag k="source" v="Local Knowledge"/>
  </node>
  <node id="7663833151" lat="19.1604330" lon="72.8562440">
    <tag k="addr:district" v="Mumbai Suburban"/>
    <tag k="addr:full" v="Sonawala Industry Estate, Goregaon, Mumbai"/>
    <tag k="addr:postcode" v="400063"/>
    <tag k="addr:state" v="Maharastra"/>
    <tag k="amenity" v="hospital"/>
    <tag k="name" v="Trauma Hospital"/>
    <tag k="source" v="Local Knowledge"/>
  </node>
  <node id="7663833153" lat="19.2251630" lon="72.8550010">
    <tag k="addr:district" v="Mumbai Suburban"/>
    <tag k="addr:full" v="SV Road, Mhatre Wadi, Borivali West, Mumbai"/>
    <tag k="addr:postcode" v="400092"/>
    <tag k="addr:state" v="Maharastra"/>
    <tag k="amenity" v="hospital"/>
    <tag k="name" v="Anand Nursing Home"/>
    <tag k="source" v="Local Knowledge"/>
  </node>
  <node id="7663833154" lat="19.1751320" lon="72.8706890">
    <tag k="addr:district" v="Mumbai Suburban"/>
    <tag k="addr:full" v="Shop No. 21, Heena Gaurav Jewels, Gokuldam Market, General AK Vaidya Marg, Film City Road, Mumbai"/>
    <tag k="addr:postcode" v="400063"/>
    <tag k="addr:state" v="Maharastra"/>
    <tag k="amenity" v="hospital"/>
    <tag k="name" v="Vidya Hospital"/>
    <tag k="source" v="Local Knowledge"/>
  </node>
  <node id="7663833156" lat="19.1632392" lon="72.8453083">
    <tag k="addr:district" v="Mumbai Suburban"/>
    <tag k="addr:full" v="Hirnen Shopping Centre, Mahatma Gandhi Road, Goregaon West, Mumbai"/>
    <tag k="addr:postcode" v="400062"/>
    <tag k="addr:state" v="Maharastra"/>
    <tag k="amenity" v="hospital"/>
    <tag k="check_date" v="2025-12-29"/>
    <tag k="name" v="Dr. Bhatt's Hospital"/>
    <tag k="source" v="Local Knowledge"/>
  </node>
  <node id="7663833159" lat="19.1707830" lon="72.8784660">
    <tag k="addr:district" v="Mumbai Suburban"/>
    <tag k="addr:full" v="Muncipal Colony, General Arun Kumar Vaidya Marg, Santosh Nagar, Sector B, Goregaon, Mumbai"/>
    <tag k="addr:postcode" v="400065"/>
    <tag k="addr:state" v="Maharastra"/>
    <tag k="amenity" v="hospital"/>
    <tag k="name" v="Dr. Sudhir Patil Sai Siddhi Clinic"/>
    <tag k="source" v="Local Knowledge"/>
  </node>
  <node id="7663833161" lat="19.2009710" lon="72.8473810">
    <tag k="addr:district" v="Mumbai Suburban"/>
    <tag k="addr:full" v="Paradise Building, Shantilal Modi Road, Kandivali West, Mumbai"/>
    <tag k="addr:postcode" v="400067"/>
    <tag k="addr:state" v="Maharastra"/>
    <tag k="amenity" v="hospital"/>
    <tag k="name" v="Usha Maternity Home"/>
    <tag k="source" v="Local Knowledge"/>
  </node>
  <node id="7663833162" lat="19.1979050" lon="72.8484431">
    <tag k="addr:district" v="Mumbai Suburban"/>
    <tag k="addr:full" v="S V Road, Kandivali West, Mumbai"/>
    <tag k="addr:postcode" v="400067"/>
    <tag k="addr:state" v="Maharastra"/>
    <tag k="amenity" v="hospital"/>
    <tag k="name" v="Namaha Hospital"/>
    <tag k="source" v="Local Knowledge"/>
  </node>
  <node id="7663833165" lat="19.1914270" lon="72.8443520">
    <tag k="addr:district" v="Mumbai Suburban"/>
    <tag k="addr:full" v="Marve Road, Adarsh Nagar, Malad West, Opposite Nutan School, Mumbai"/>
    <tag k="addr:postcode" v="400064"/>
    <tag k="addr:state" v="Maharastra"/>
    <tag k="amenity" v="hospital"/>
    <tag k="name" v="Choksi Nursing Home"/>
    <tag k="source" v="Local Knowledge"/>
  </node>
  <node id="7663833168" lat="19.2429160" lon="72.8573530">
    <tag k="addr:district" v="Mumbai Suburban"/>
    <tag k="addr:full" v="Rustomjee Complex, Jaywant Savant Road, Near Rustomjee School, Dahisar West, Mumbai"/>
    <tag k="addr:postcode" v="400068"/>
    <tag k="addr:state" v="Maharastra"/>
    <tag k="amenity" v="hospital"/>
    <tag k="name" v="Meeti Lifeline Hospital"/>
    <tag k="source" v="Local Knowledge"/>
  </node>
  <node id="7663833169" lat="19.1929000" lon="72.8340650">
    <tag k="addr:district" v="Mumbai Suburban"/>
    <tag k="addr:full" v="21/22, Blue Haven, New Link Road, Evershine Nagar, Malad West, Mumbai"/>
    <tag k="addr:postcode" v="400064"/>
    <tag k="addr:state" v="Maharastra"/>
    <tag k="amenity" v="hospital"/>
    <tag k="name" v="Evershine Ortho &amp; Surgical Hospital"/>
    <tag k="source" v="Local Knowledge"/>
  </node>
  <node id="7663833170" lat="19.2495000" lon="72.8665630">
    <tag k="addr:district" v="Mumbai Suburban"/>
    <tag k="addr:full" v="Chamunda Co-Operative Housing Society Ltd, Western Express Highway, Rawalpada, Dahisar East, Mumbai"/>
    <tag k="addr:postcode" v="400068"/>
    <tag k="addr:state" v="Maharastra"/>
    <tag k="amenity" v="hospital"/>
    <tag k="name" v="Aashapuri Hospital"/>
    <tag k="source" v="Local Knowledge"/>
  </node>
  <node id="7663833171" lat="19.1905141" lon="72.8463432">
    <tag k="addr:district" v="Mumbai Suburban"/>
    <tag k="addr:full" v="BJ Patel Road, Opp. SNDT college, Near Liberty Garden, Malad, Kanchpada, Mumbai"/>
    <tag k="addr:postcode" v="400064"/>
    <tag k="addr:state" v="Maharastra"/>
    <tag k="amenity" v="hospital"/>
    <tag k="name" v="Sun Hospital"/>
    <tag k="source" v="Local Knowledge"/>
  </node>
  <node id="7663833172" lat="19.1843797" lon="72.8450285">
    <tag k="addr:district" v="Mumbai Suburban"/>
    <tag k="addr:full" v="Malad, Navy Colony, Mamledarwadi, Malad West, Mumbai"/>
    <tag k="addr:postcode" v="400064"/>
    <tag k="addr:state" v="Maharastra"/>
    <tag k="amenity" v="hospital"/>
    <tag k="name" v="Savla Hospital"/>
    <tag k="source" v="Local Knowledge"/>
  </node>
  <node id="7663833174" lat="19.2117030" lon="72.8515970">
    <tag k="addr:district" v="Mumbai Suburban"/>
    <tag k="addr:full" v="Arch Gold Apartment, S.V.Road, Poisar, Next to Telephone Exchange, Mumbai"/>
    <tag k="addr:postcode" v="400067"/>
    <tag k="addr:state" v="Maharastra"/>
    <tag k="amenity" v="hospital"/>
    <tag k="healthcare" v="hospital"/>
    <tag k="name" v="Vardann Multi Speciality Hospital"/>
    <tag k="source" v="Local Knowledge"/>
  </node>
  <node id="7663833175" lat="19.2459053" lon="72.8507610">
    <tag k="addr:district" v="Mumbai Suburban"/>
    <tag k="addr:full" v="Shanti, I C Colony, Borivali West, Mumbai"/>
    <tag k="addr:postcode" v="400103"/>
    <tag k="addr:state" v="Maharastra"/>
    <tag k="amenity" v="hospital"/>
    <tag k="name" v="Chandra Maternity Hospital"/>
    <tag k="source" v="Local Knowledge"/>
  </node>
  <node id="7663961397" lat="19.1098200" lon="72.8276300">
    <tag k="addr:district" v="Mumbai Suburban"/>
    <tag k="addr:full" v="Bus Terminus, North South Road, Opp Juhu, Vithal Nagar, Juhu, Mumbai"/>
    <tag k="addr:postcode" v="400049"/>
    <tag k="addr:state" v="Maharastra"/>
    <tag k="amenity" v="hospital"/>
    <tag k="name" v="Lotus Eye Hospital"/>
    <tag k="source" v="Local Knowledge"/>
  </node>
  <node id="7663961398" lat="19.0605847" lon="72.9169906">
    <tag k="addr:district" v="Mumbai Suburban"/>
    <tag k="addr:full" v="Sonapur Road, New Gautam Nagar, Govandi East, Mumbai"/>
    <tag k="addr:postcode" v="400043"/>
    <tag k="addr:state" v="Maharastra"/>
    <tag k="amenity" v="hospital"/>
    <tag k="name" v="Dr. Ashfaque Shah's City Hospital"/>
    <tag k="source" v="Local Knowledge"/>
  </node>
  <node id="7663961401" lat="19.0763940" lon="72.9152700">
    <tag k="addr:district" v="Mumbai Suburban"/>
    <tag k="addr:full" v="Eastern Express Highway, Ramabai Ambedkar Nagar, Mumbai"/>
    <tag k="addr:postcode" v="400075"/>
    <tag k="addr:state" v="Maharastra"/>
    <tag k="amenity" v="hospital"/>
    <tag k="name" v="Dadasaheb Gaikwad BMC Hospital"/>
    <tag k="source" v="Local Knowledge"/>
  </node>
  <node id="7663961402" lat="19.1084480" lon="72.8777430">
    <tag k="addr:district" v="Mumbai Suburban"/>
    <tag k="addr:full" v="Near Petrol Pump, Marol Naka, Andheri Kurla Road, Andheri East, Mumbai"/>
    <tag k="addr:postcode" v="400059"/>
    <tag k="addr:state" v="Maharastra"/>
    <tag k="amenity" v="hospital"/>
    <tag k="check_date" v="2025-10-24"/>
    <tag k="name" v="Medicare Hospital"/>
    <tag k="source" v="Local Knowledge"/>
  </node>
  <node id="7663961403" lat="19.0422450" lon="72.8941660">
    <tag k="addr:district" v="Mumbai Suburban"/>
    <tag k="addr:full" v="Door No. 10, 1, Mahul Road, Laxmi Colony, Tolaram Colony, Chembur, Mumbai"/>
    <tag k="addr:postcode" v="400071"/>
    <tag k="addr:state" v="Maharastra"/>
    <tag k="amenity" v="hospital"/>
    <tag k="name" v="Chandra Maternity Hospital"/>
    <tag k="source" v="Local Knowledge"/>
  </node>
  <node id="7663961404" lat="19.1180803" lon="72.8505516">
    <tag k="addr:district" v="Mumbai Suburban"/>
    <tag k="addr:full" v="Besides SBI, Telli Galli, Andheri East, Mumbai"/>
    <tag k="addr:postcode" v="400069"/>
    <tag k="addr:state" v="Maharastra"/>
    <tag k="amenity" v="hospital"/>
    <tag k="healthcare" v="hospital"/>
    <tag k="name" v="CritiCare Hospital"/>
    <tag k="source" v="Local Knowledge"/>
  </node>
  <node id="7663961406" lat="19.1054972" lon="72.8481238">
    <tag k="addr:district" v="Mumbai Suburban"/>
    <tag k="addr:full" v="G B Indulkar Road, Vishnu Prasad Society, Navpada, Vile Parle East, Mumbai"/>
    <tag k="addr:postcode" v="400057"/>
    <tag k="addr:state" v="Maharastra"/>
    <tag k="amenity" v="hospital"/>
    <tag k="healthcare" v="hospital"/>
    <tag k="name" v="Dr. Sanjanwala Hospital"/>
    <tag k="source" v="Local Knowledge"/>
  </node>
  <node id="7663961408" lat="19.1517439" lon="72.9458994">
    <tag k="addr:district" v="Mumbai Suburban"/>
    <tag k="addr:full" v="MD Kini Road, Nahur, Friends Colony, Bhandup East, Mumbai"/>
    <tag k="addr:postcode" v="400080"/>
    <tag k="addr:state" v="Maharastra"/>
    <tag k="amenity" v="hospital"/>
    <tag k="name" v="Mrudula Hospital"/>
    <tag k="source" v="Local Knowledge"/>
  </node>
  <node id="7663961413" lat="19.0781500" lon="72.9167530">
    <tag k="addr:district" v="Mumbai Suburban"/>
    <tag k="addr:full" v="Kirol Gaon, Ramabai Ambedkar Nagar, Mankur, Mumbai"/>
    <tag k="addr:postcode" v="400075"/>
    <tag k="addr:state" v="Maharastra"/>
    <tag k="amenity" v="hospital"/>
    <tag k="name" v="Sona Maternity and Surgical Nursing Home"/>
    <tag k="source" v="Local Knowledge"/>
  </node>
  <node id="7663961414" lat="19.1433169" lon="72.8431331">
    <tag k="addr:district" v="Mumbai Suburban"/>
    <tag k="addr:full" v="Ripon Apartment, 176, 1st Floor, Tulsi Pipe Road, Mumbai"/>
    <tag k="addr:postcode" v="400102"/>
    <tag k="addr:state" v="Maharastra"/>
    <tag k="amenity" v="hospital"/>
    <tag k="healthcare" v="hospital"/>
    <tag k="name" v="City Hospital"/>
    <tag k="source" v="Local Knowledge"/>
  </node>
  <node id="7663961415" lat="19.0826988" lon="72.8816976">
    <tag k="addr:district" v="Mumbai Suburban"/>
    <tag k="addr:full" v="LBS Road, Bail Bajar, Saki Naka, Mumbai"/>
    <tag k="addr:postcode" v="400070"/>
    <tag k="addr:state" v="Maharastra"/>
    <tag k="amenity" v="hospital"/>
    <tag k="name" v="Subhash Hospital"/>
    <tag k="source" v="Local Knowledge"/>
  </node>
  <node id="7663961416" lat="19.0615419" lon="72.8725536">
    <tag k="addr:district" v="Mumbai Suburban"/>
    <tag k="addr:full" v="LBS Road, Kurla West, Kurla, Mumbai"/>
    <tag k="addr:postcode" v="400070"/>
    <tag k="addr:state" v="Maharastra"/>
    <tag k="amenity" v="hospital"/>
    <tag k="healthcare" v="hospital"/>
    <tag k="name" v="Lions Club Medical Centre General Hospital"/>
    <tag k="source" v="Local Knowledge"/>
  </node>
  <node id="7663961417" lat="19.0797861" lon="72.8827185">
    <tag k="addr:district" v="Mumbai Suburban"/>
    <tag k="addr:full" v="88, New Hall Road, Jai Ambika Nagar, Christian Gaon, Kurla West, Mumbai"/>
    <tag k="addr:postcode" v="400070"/>
    <tag k="addr:state" v="Maharastra"/>
    <tag k="amenity" v="hospital"/>
    <tag k="name" v="Buddh Colony BMC Hospital"/>
    <tag k="source" v="Local Knowledge"/>
  </node>
  <node id="7663961419" lat="19.0646670" lon="72.8351380">
    <tag k="addr:district" v="Mumbai Suburban"/>
    <tag k="addr:full" v="513, Linking Road, Khar, Pali Village, Khar West, Mumbai"/>
    <tag k="addr:postcode" v="400050"/>
    <tag k="addr:state" v="Maharastra"/>
    <tag k="amenity" v="hospital"/>
    <tag k="healthcare" v="hospital"/>
    <tag k="name" v="Kohinoor Hospital"/>
    <tag k="source" v="Local Knowledge"/>
  </node>
  <node id="7663961423" lat="19.1072994" lon="72.8931541">
    <tag k="addr:district" v="Mumbai Suburban"/>
    <tag k="addr:full" v="RM House, Khairani Road, Near Jama Masjid, Yadav Nagar, Chandivali, Powai, Mumbai"/>
    <tag k="addr:postcode" v="400072"/>
    <tag k="addr:state" v="Maharastra"/>
    <tag k="amenity" v="hospital"/>
    <tag k="name" v="Zobiya Hospital Maternity Home"/>
    <tag k="source" v="Local Knowledge"/>
  </node>
  <node id="7663961426" lat="19.1358754" lon="72.8446193">
    <tag k="addr:district" v="Mumbai Suburban"/>
    <tag k="addr:full" v="Anmol Apartment, Ground Floor, Sankar Road, Jogeshwari West, Mumbai"/>
    <tag k="addr:postcode" v="400102"/>
    <tag k="addr:state" v="Maharastra"/>
    <tag k="amenity" v="hospital"/>
    <tag k="healthcare" v="hospital"/>
    <tag k="name" v="Jogeshwari Hospital"/>
    <tag k="source" v="Local Knowledge"/>
  </node>
  <node id="7663961428" lat="19.0683480" lon="72.9019480">
    <tag k="addr:district" v="Mumbai Suburban"/>
    <tag k="addr:full" v="Pestom Sagar Road, Number 2, Chembur West, Asha Nagar, Mumbai"/>
    <tag k="addr:postcode" v="400089"/>
    <tag k="addr:state" v="Maharastra"/>
    <tag k="amenity" v="hospital"/>
    <tag k="healthcare" v="hospital"/>
    <tag k="name" v="Kankal Hospital Child Specialist"/>
    <tag k="source" v="Local Knowledge"/>
  </node>
  <node id="7663961430" lat="19.1026186" lon="72.8934892">
    <tag k="addr:district" v="Mumbai Suburban"/>
    <tag k="addr:full" v="Kherani Road, Nair Wadi, Asalfa, Mumbai"/>
    <tag k="addr:postcode" v="400072"/>
    <tag k="addr:state" v="Maharastra"/>
    <tag k="amenity" v="hospital"/>
    <tag k="name" v="Sapna Maternity and General Hospital"/>
    <tag k="source" v="Local Knowledge"/>
  </node>
  <node id="7663961433" lat="19.1023801" lon="72.8914583">
    <tag k="addr:district" v="Mumbai Suburban"/>
    <tag k="addr:full" v="Ram Niwas Mohili Village, Saki Naka, Mumbai"/>
    <tag k="addr:postcode" v="400072"/>
    <tag k="addr:state" v="Maharastra"/>
    <tag k="amenity" v="hospital"/>
    <tag k="name" v="Dr. Chhajed Surgerical &amp; Maternity Hospital"/>
    <tag k="source" v="Local Knowledge"/>
  </node>
  <node id="7663961434" lat="19.0544520" lon="72.8913640">
    <tag k="addr:district" v="Mumbai Suburban"/>
    <tag k="addr:full" v="Vikas Building Shree Chambers, Ganesh Co-operative Housing LTD, Sion - Trombay Road, Sindhi Society, Chembur, Mumbai"/>
    <tag k="addr:postcode" v="400071"/>
    <tag k="addr:state" v="Maharastra"/>
    <tag k="amenity" v="hospital"/>
    <tag k="name" v="Sai Hospital"/>
    <tag k="source" v="Local Knowledge"/>
  </node>
  <node id="7663961436" lat="19.0783670" lon="72.8804080">
    <tag k="addr:district" v="Mumbai Suburban"/>
    <tag k="addr:full" v="Opposite Quality Bakery, Near Shalimar Hotel, Swadeshi Mills Road, Kurla West, Kurla, Mumbai"/>
    <tag k="addr:postcode" v="400070"/>
    <tag k="addr:state" v="Maharastra"/>
    <tag k="amenity" v="hospital"/>
    <tag k="healthcare" v="hospital"/>
    <tag k="name" v="Muskaan Hospital"/>
    <tag k="source" v="Local Knowledge"/>
  </node>
  <node id="7663961438" lat="19.1394176" lon="72.8596914">
    <tag k="addr:district" v="Mumbai Suburban"/>
    <tag k="addr:full" v="Jogeshwari - Vikhroli Link Road, Anand Nagar, Jogeshwari East, Mumbai"/>
    <tag k="addr:postcode" v="400060"/>
    <tag k="addr:state" v="Maharastra"/>
    <tag k="amenity" v="hospital"/>
    <tag k="healthcare" v="hospital"/>
    <tag k="name" v="DNA Hospital"/>
    <tag k="source" v="Local Knowledge"/>
  </node>
  <node id="7663961440" lat="19.0929208" lon="72.9038731">
    <tag k="addr:district" v="Mumbai Suburban"/>
    <tag k="addr:full" v="Bhatwadi, Bhim Nagar, Barve Nagar, Ghatkopar West, Mumbai"/>
    <tag k="addr:postcode" v="400084"/>
    <tag k="addr:state" v="Maharastra"/>
    <tag k="amenity" v="hospital"/>
    <tag k="name" v="Pasaydan Hospital and Trust"/>
    <tag k="source" v="Local Knowledge"/>
  </node>
  <node id="7663961441" lat="19.0492423" lon="72.9060511">
    <tag k="addr:district" v="Mumbai Suburban"/>
    <tag k="addr:full" v="Baman Apartment, Sion - Trombay Road, Chembur, Mumbai"/>
    <tag k="addr:postcode" v="400071"/>
    <tag k="addr:state" v="Maharastra"/>
    <tag k="amenity" v="hospital"/>
    <tag k="name" v="Amarnath Multidisciplinary Children's Hospital"/>
    <tag k="source" v="Local Knowledge"/>
  </node>
  <node id="7663961442" lat="19.1173421" lon="72.8841859">
    <tag k="addr:district" v="Mumbai Suburban"/>
    <tag k="addr:full" v="Blue Fortuna, Military Road, Sankara Nagar, Marol, Andheri East, Mumbai"/>
    <tag k="addr:postcode" v="400059"/>
    <tag k="addr:state" v="Maharastra"/>
    <tag k="amenity" v="hospital"/>
    <tag k="name" v="Cuddles N Care Pediatric Hospital"/>
    <tag k="source" v="Local Knowledge"/>
  </node>
  <node id="7663961443" lat="19.0782470" lon="72.8801010">
    <tag k="addr:district" v="Mumbai Suburban"/>
    <tag k="addr:full" v="AH Wadia Marg, Old Agra Road, Off, LBS Road, Opp. Shalimar Hotel, Kurla West, Mumbai"/>
    <tag k="addr:postcode" v="400070"/>
    <tag k="addr:state" v="Maharastra"/>
    <tag k="amenity" v="hospital"/>
    <tag k="healthcare" v="hospital"/>
    <tag k="name" v="Habib Hospital"/>
    <tag k="source" v="Local Knowledge"/>
  </node>
  <node id="7663961444" lat="19.0411897" lon="72.8940869">
    <tag k="addr:district" v="Mumbai Suburban"/>
    <tag k="addr:full" v="Plot No.16, Prem Nivas, Mahul Road, Laxmi Colony, Chembur, Near Ashish Theatre, Mumbai"/>
    <tag k="addr:postcode" v="400074"/>
    <tag k="addr:state" v="Maharastra"/>
    <tag k="amenity" v="hospital"/>
    <tag k="name" v="Shiv Hospital"/>
    <tag k="source" v="Local Knowledge"/>
  </node>
  <node id="7663961445" lat="19.1164990" lon="72.9318020">
    <tag k="addr:district" v="Mumbai Suburban"/>
    <tag k="addr:full" v="Seth Govindram Jolly Marg, Group 2, Sona Intp Colony, Tagore Nagar, Vikhroli, Mumbai"/>
    <tag k="addr:postcode" v="400083"/>
    <tag k="addr:state" v="Maharastra"/>
    <tag k="amenity" v="hospital"/>
    <tag k="name" v="Ruby Hospital"/>
    <tag k="source" v="Local Knowledge"/>
  </node>
  <node id="7663961446" lat="19.0405670" lon="72.8972520">
    <tag k="addr:district" v="Mumbai Suburban"/>
    <tag k="addr:full" v="Behind Ashish Theater, Tolaram Colony, RCF Colony, Chembur, Mumbai"/>
    <tag k="addr:postcode" v="400074"/>
    <tag k="addr:state" v="Maharastra"/>
    <tag k="amenity" v="hospital"/>
    <tag k="name" v="RCF Hospital"/>
    <tag k="source" v="Local Knowledge"/>
  </node>
  <node id="7663961450" lat="19.0945660" lon="72.8870507">
    <tag k="addr:district" v="Mumbai Suburban"/>
    <tag k="addr:full" v="Dosti Building, D'souza Nagar, 90 Feet Road, Mayfair Industrial Area, Sakinaka, Andheri East, Mumbai"/>
    <tag k="addr:postcode" v="400072"/>
    <tag k="addr:state" v="Maharastra"/>
    <tag k="amenity" v="hospital"/>
    <tag k="name" v="Uma Hospital"/>
    <tag k="source" v="Local Knowledge"/>
  </node>
  <node id="7663961454" lat="19.0726120" lon="72.8710650">
    <tag k="addr:district" v="Mumbai Suburban"/>
    <tag k="addr:full" v="Office No. 701, Trade Center, Bandra Kurla Complex, Opp. MTNL, Bandra (East), Mumbai"/>
    <tag k="addr:postcode" v="400051"/>
    <tag k="addr:state" v="Maharastra"/>
    <tag k="amenity" v="hospital"/>
    <tag k="check_date" v="2026-03-21"/>
    <tag k="name" v="Alphine Life Solutions General Hospital"/>
    <tag k="source" v="Local Knowledge"/>
  </node>
  <node id="7663961457" lat="19.0632122" lon="72.9197954">
    <tag k="addr:district" v="Mumbai Suburban"/>
    <tag k="addr:full" v="Baji Prabhu Deshpande Road, Govandi West, Phase 1, Shivaji Nagar, Mumbai"/>
    <tag k="addr:postcode" v="400043"/>
    <tag k="addr:state" v="Maharastra"/>
    <tag k="amenity" v="hospital"/>
    <tag k="name" v="Mahavir Hospital"/>
    <tag k="source" v="Local Knowledge"/>
  </node>
  <node id="7663961459" lat="19.0834657" lon="72.8395008">
    <tag k="addr:district" v="Mumbai Suburban"/>
    <tag k="addr:full" v="Harihar Niwas, Besant Road, Santacruz West, Mumbai"/>
    <tag k="addr:postcode" v="400054"/>
    <tag k="addr:state" v="Maharastra"/>
    <tag k="amenity" v="hospital"/>
    <tag k="healthcare" v="hospital"/>
    <tag k="name" v="Mangal Multispeciality Hospital"/>
    <tag k="source" v="Local Knowledge"/>
  </node>
  <node id="7663961460" lat="19.1589907" lon="72.8492265">
    <tag k="addr:district" v="Mumbai Suburban"/>
    <tag k="addr:full" v="Kamal Charan Building, 180, Road Number 2, Jawahar Nagar, Goregaon West, Mumbai"/>
    <tag k="addr:postcode" v="400062"/>
    <tag k="addr:state" v="Maharastra"/>
    <tag k="amenity" v="hospital"/>
    <tag k="name" v="SRV Hospital"/>
    <tag k="source" v="Local Knowledge"/>
  </node>
  <node id="7663961461" lat="19.1566348" lon="72.8466609">
    <tag k="addr:district" v="Mumbai Suburban"/>
    <tag k="addr:full" v="Jawahar Nagar, Goregaon West, Mumbai"/>
    <tag k="addr:postcode" v="400104"/>
    <tag k="addr:state" v="Maharastra"/>
    <tag k="amenity" v="hospital"/>
    <tag k="name" v="Suvidha Hospital &amp; PolyClinic"/>
    <tag k="source" v="Local Knowledge"/>
  </node>
  <node id="7663961462" lat="19.1016690" lon="72.8489990">
    <tag k="addr:district" v="Mumbai Suburban"/>
    <tag k="addr:full" v="Chittaranjan Road, Satsang CHSL, Navpada, Park Road, Vile Parle, Mumbai"/>
    <tag k="addr:postcode" v="400057"/>
    <tag k="addr:state" v="Maharastra"/>
    <tag k="amenity" v="hospital"/>
    <tag k="healthcare" v="hospital"/>
    <tag k="name" v="Dr. Wagh Maternity Hospital"/>
    <tag k="source" v="Local Knowledge"/>
  </node>
  <node id="7663961463" lat="19.0532270" lon="72.8768130">
    <tag k="addr:district" v="Mumbai Suburban"/>
    <tag k="addr:full" v="Flat No.5/6 Sheetal Building, Narayan Nagar, Chunabhatti East, Mumbai"/>
    <tag k="addr:postcode" v="400022"/>
    <tag k="addr:state" v="Maharastra"/>
    <tag k="amenity" v="hospital"/>
    <tag k="name" v="Santrupti Hospital"/>
    <tag k="source" v="Local Knowledge"/>
  </node>
  <node id="7663961464" lat="19.1324480" lon="72.9254830">
    <tag k="addr:district" v="Mumbai Suburban"/>
    <tag k="addr:full" v="Dockyard Goi Employees, N C H Colony, Kanjurmarg West, Bhandup West, Mumbai"/>
    <tag k="addr:postcode" v="400078"/>
    <tag k="addr:state" v="Maharastra"/>
    <tag k="amenity" v="hospital"/>
    <tag k="name" v="Naval Hospital"/>
    <tag k="source" v="Local Knowledge"/>
  </node>
  <node id="7663961465" lat="19.1032190" lon="72.8348620">
    <tag k="addr:district" v="Mumbai Suburban"/>
    <tag k="addr:full" v="V. L Vaikunthlal Mehta Road, JVPD Scheme, Vile Parle"/>
    <tag k="addr:postcode" v="400056"/>
    <tag k="addr:state" v="Maharastra"/>
    <tag k="amenity" v="hospital"/>
    <tag k="healthcare" v="hospital"/>
    <tag k="name" v="Sunridges Speciality Hospital"/>
    <tag k="operator" v="Private"/>
    <tag k="operator:type" v="private"/>
    <tag k="source" v="Local Knowledge"/>
  </node>
  <node id="7663961467" lat="19.0818439" lon="72.8821058">
    <tag k="addr:district" v="Mumbai Suburban"/>
    <tag k="addr:full" v="New Dwarkapuri Building, LBS Road, Next To Subiksha, Christian Gaon, Kurla, Mumbai"/>
    <tag k="addr:postcode" v="400070"/>
    <tag k="addr:state" v="Maharastra"/>
    <tag k="amenity" v="hospital"/>
    <tag k="name" v="Masoom Child Hospital"/>
    <tag k="source" v="Local Knowledge"/>
  </node>
  <node id="7663961468" lat="19.1369167" lon="72.8564586">
    <tag k="addr:district" v="Mumbai Suburban"/>
    <tag k="addr:full" v="Caves Road, Janta Nagar, Gandhi Nagar Society, Harijan Nagar Nagar, Jogeshwari East, Mumbai"/>
    <tag k="addr:postcode" v="400060"/>
    <tag k="addr:state" v="Maharastra"/>
    <tag k="amenity" v="hospital"/>
    <tag k="healthcare" v="hospital"/>
    <tag k="name" v="Balthakra Sahara Jogeshwari Hospital"/>
    <tag k="source" v="Local Knowledge"/>
  </node>
  <node id="7663961471" lat="19.0559349" lon="72.8969651">
    <tag k="addr:district" v="Mumbai Suburban"/>
    <tag k="addr:full" v="Plot No 425, 10th Road, Near Sandu Garden, Chembur Gaothan, Chembur, Mumbai"/>
    <tag k="addr:postcode" v="400071"/>
    <tag k="addr:state" v="Maharastra"/>
    <tag k="amenity" v="hospital"/>
    <tag k="name" v="Zen Multi Speciality Hospital"/>
    <tag k="source" v="Local Knowledge"/>
  </node>
  <node id="7663961472" lat="19.0619918" lon="72.8967193">
    <tag k="addr:district" v="Mumbai Suburban"/>
    <tag k="addr:full" v="Postal Colony Road, Chembur East, Postal Colony, Mumbai"/>
    <tag k="addr:postcode" v="400071"/>
    <tag k="addr:state" v="Maharastra"/>
    <tag k="amenity" v="hospital"/>
    <tag k="name" v="Shrimati Diwaliben Mohanlal Mehta Maa Sarvasadharan Rugnalay Hospital"/>
    <tag k="source" v="Local Knowledge"/>
  </node>
  <node id="7663961473" lat="19.1447706" lon="72.8431122">
    <tag k="addr:district" v="Mumbai Suburban"/>
    <tag k="addr:full" v="Sufi Sayed Kamal Ahmed Marg, Khoja Society, Vaishali Nagar, Jogeshwari, Mumbai"/>
    <tag k="addr:postcode" v="400102"/>
    <tag k="addr:state" v="Maharastra"/>
    <tag k="amenity" v="hospital"/>
    <tag k="healthcare" v="hospital"/>
    <tag k="name" v="Ruby Hospital"/>
    <tag k="source" v="Local Knowledge"/>
  </node>
  <node id="7663961476" lat="19.0413817" lon="72.8947434">
    <tag k="addr:district" v="Mumbai Suburban"/>
    <tag k="addr:full" v="9-1, Laxmi Colony, Tolaram Colony, RCF Colony, Chembur, Mumbai"/>
    <tag k="addr:postcode" v="400074"/>
    <tag k="addr:state" v="Maharastra"/>
    <tag k="amenity" v="hospital"/>
    <tag k="name" v="Chandra Hospital"/>
    <tag k="source" v="Local Knowledge"/>
  </node>
  <node id="7663961477" lat="19.1437117" lon="72.8426357">
    <tag k="addr:district" v="Mumbai Suburban"/>
    <tag k="addr:full" v="Mathra Apartment, Swami Vivekanand Marg, Beside Jain Mandir, Jogeshwari, Mumbai"/>
    <tag k="addr:postcode" v="400102"/>
    <tag k="addr:state" v="Maharastra"/>
    <tag k="amenity" v="hospital"/>
    <tag k="healthcare" v="hospital"/>
    <tag k="name" v="Noor Nursing Home"/>
    <tag k="source" v="Local Knowledge"/>
  </node>
  <node id="7663961478" lat="19.0605329" lon="72.9000956">
    <tag k="addr:district" v="Mumbai Suburban"/>
    <tag k="addr:full" v="Near Station, Ambedkar Garden, 19th Road, D Marg, Chembur, Mumbai"/>
    <tag k="addr:postcode" v="400071"/>
    <tag k="addr:state" v="Maharastra"/>
    <tag k="amenity" v="hospital"/>
    <tag k="healthcare" v="hospital"/>
    <tag k="name" v="Shree Hospital"/>
    <tag k="source" v="Local Knowledge"/>
  </node>
  <node id="7663961479" lat="19.0527720" lon="72.8749600">
    <tag k="addr:district" v="Mumbai Suburban"/>
    <tag k="addr:full" v="Akansha Building, VN Purav Marg, Opp. Muncipal Hospital, Chunabhatti, Mumbai"/>
    <tag k="addr:postcode" v="400022"/>
    <tag k="addr:state" v="Maharastra"/>
    <tag k="amenity" v="hospital"/>
    <tag k="name" v="Prathamesh Hospital"/>
    <tag k="source" v="Local Knowledge"/>
  </node>
  <node id="7663961482" lat="19.1002971" lon="72.8829976">
    <tag k="addr:district" v="Mumbai Suburban"/>
    <tag k="addr:full" v="Behind Sakinaka Telephone Exchange, Safed Pul, Saki Naka, Mumbai"/>
    <tag k="addr:postcode" v="400072"/>
    <tag k="addr:state" v="Maharastra"/>
    <tag k="amenity" v="hospital"/>
    <tag k="name" v="Central Hospital &amp; Child Care Centre"/>
    <tag k="source" v="Local Knowledge"/>
  </node>
  <node id="7663961484" lat="19.0994867" lon="72.8916481">
    <tag k="addr:district" v="Mumbai Suburban"/>
    <tag k="addr:full" v="Raza Estate, Opp BMC School, Andheri Ghatkopar Link Road, Andheri East, Mumbai"/>
    <tag k="addr:postcode" v="400072"/>
    <tag k="addr:state" v="Maharastra"/>
    <tag k="amenity" v="hospital"/>
    <tag k="name" v="Apex Multi Speciality Hospital"/>
    <tag k="source" v="Local Knowledge"/>
  </node>
  <node id="7663961486" lat="19.0979220" lon="72.8921380">
    <tag k="addr:district" v="Mumbai Suburban"/>
    <tag k="addr:full" v="Sir Mathuradas Vasanji Road, Lokmanya Tilak Nagar, Saki Naka, Mumbai"/>
    <tag k="addr:postcode" v="400072"/>
    <tag k="addr:state" v="Maharastra"/>
    <tag k="amenity" v="hospital"/>
    <tag k="name" v="Mohili Village Municipal Hospital"/>
    <tag k="source" v="Local Knowledge"/>
  </node>
  <node id="7663961488" lat="19.1372927" lon="72.8541522">
    <tag k="addr:district" v="Mumbai Suburban"/>
    <tag k="addr:full" v="S. K. Apartment, Building, 2, 10, Dalwal Compound Gumpha Road, Near Police Station, Bandrekar Wadi, Jogeshwari East, Mumbai"/>
    <tag k="addr:postcode" v="400060"/>
    <tag k="addr:state" v="Maharastra"/>
    <tag k="amenity" v="hospital"/>
    <tag k="name" v="Shalyak Hospital"/>
    <tag k="source" v="Local Knowledge"/>
  </node>
  <node id="7663961489" lat="19.1295430" lon="72.8530120">
    <tag k="addr:district" v="Mumbai Suburban"/>
    <tag k="addr:full" v="Bin Apartment, Natwar Nagar, Mogra Village, Jogeshwari East, Near Bhandari Bank, Mumbai"/>
    <tag k="addr:postcode" v="400060"/>
    <tag k="addr:state" v="Maharastra"/>
    <tag k="amenity" v="hospital"/>
    <tag k="name" v="Hajari Hospital"/>
    <tag k="source" v="Local Knowledge"/>
  </node>
  <node id="7663961490" lat="19.1450501" lon="72.8436497">
    <tag k="addr:district" v="Mumbai Suburban"/>
    <tag k="addr:full" v="Dreamland Apartments, 1st, Govindji Shroff Marg, Vaishali Nagar, Jogeshwari, Mumbai"/>
    <tag k="addr:postcode" v="400102"/>
    <tag k="addr:state" v="Maharastra"/>
    <tag k="amenity" v="hospital"/>
    <tag k="healthcare" v="hospital"/>
    <tag k="name" v="Fathima Children Hospital &amp; Criticare Centre"/>
    <tag k="source" v="Local Knowledge"/>
  </node>
  <node id="7663961491" lat="19.1403995" lon="72.9283565">
    <tag k="addr:district" v="Mumbai Suburban"/>
    <tag k="addr:full" v="Quarry Road, Bhandup, JM Nagar, Ganesh Nagar, Bhandup West, Mumbai"/>
    <tag k="addr:postcode" v="400078"/>
    <tag k="addr:state" v="Maharastra"/>
    <tag k="amenity" v="hospital"/>
    <tag k="name" v="Devaki Hospital"/>
    <tag k="source" v="Local Knowledge"/>
  </node>
  <node id="7663961492" lat="19.1070662" lon="72.8920753">
    <tag k="addr:district" v="Mumbai Suburban"/>
    <tag k="addr:full" v="Khairani Road, Ansa Industrial Estate, Chandivali, Asalpha, Mumbai"/>
    <tag k="addr:postcode" v="400072"/>
    <tag k="addr:state" v="Maharastra"/>
    <tag k="amenity" v="hospital"/>
    <tag k="name" v="Asmira Hospital"/>
    <tag k="source" v="Local Knowledge"/>
  </node>
  <node id="7663961493" lat="19.0619660" lon="72.9014750">
    <tag k="addr:district" v="Mumbai Suburban"/>
    <tag k="addr:full" v="B, 82, 72, Govandi Station Road, Deonar, Chembur, Mumbai"/>
    <tag k="addr:postcode" v="400088"/>
    <tag k="addr:state" v="Maharastra"/>
    <tag k="amenity" v="hospital"/>
    <tag k="name" v="Shashikant Hospital"/>
    <tag k="source" v="Local Knowledge"/>
  </node>
  <node id="7663961494" lat="19.1438077" lon="72.9370628">
    <tag k="addr:district" v="Mumbai Suburban"/>
    <tag k="addr:full" v="Bhandup Station Road, Bhandup, Dina Bama Estate, Bhandup West, Mumbai"/>
    <tag k="addr:postcode" v="400078"/>
    <tag k="addr:state" v="Maharastra"/>
    <tag k="amenity" v="hospital"/>
    <tag k="name" v="Shrenik Hospital and Maternity House"/>
    <tag k="source" v="Local Knowledge"/>
  </node>
  <node id="7663961495" lat="19.0636814" lon="72.9199586">
    <tag k="addr:district" v="Mumbai Suburban"/>
    <tag k="addr:full" v="Shivaji Nagar, Govandi West, Phase 1, Shivaji Nagar, Mumbai"/>
    <tag k="addr:postcode" v="400043"/>
    <tag k="addr:state" v="Maharastra"/>
    <tag k="amenity" v="hospital"/>
    <tag k="name" v="Jeevan Jyot Hospital and Nursing Home"/>
    <tag k="source" v="Local Knowledge"/>
  </node>
  <node id="7664032187" lat="18.9591850" lon="72.8238620">
    <tag k="addr:district" v="Mumbai City"/>
    <tag k="addr:full" v="Khemraj Srikrishna Das Marg, Grant Road, Khetwadi, Girgaon, Mumbai"/>
    <tag k="addr:postcode" v="400004"/>
    <tag k="addr:state" v="Maharastra"/>
    <tag k="amenity" v="hospital"/>
    <tag k="healthcare" v="hospital"/>
    <tag k="name" v="Dr. Sanjay Shah Hospital"/>
    <tag k="source" v="Local Knowledge"/>
  </node>
  <node id="7664032188" lat="18.9513853" lon="72.8236501">
    <tag k="addr:district" v="Mumbai City"/>
    <tag k="addr:full" v="Zaobawadi Road, Marine Lines East, Thakurdwar, Kalbadevi, Mumbai"/>
    <tag k="addr:postcode" v="400002"/>
    <tag k="addr:state" v="Maharastra"/>
    <tag k="amenity" v="hospital"/>
    <tag k="healthcare" v="hospital"/>
    <tag k="name" v="Suryakant Wagal Maternity Hospital"/>
    <tag k="source" v="Local Knowledge"/>
  </node>
  <node id="7664032192" lat="19.0124550" lon="72.8350580">
    <tag k="addr:district" v="Mumbai City"/>
    <tag k="addr:full" v="R K Madani Building, Babasaheb Ambedkar Nagar, Mumbai"/>
    <tag k="addr:postcode" v="400028"/>
    <tag k="addr:state" v="Maharastra"/>
    <tag k="amenity" v="hospital"/>
    <tag k="healthcare" v="hospital"/>
    <tag k="name" v="Gorai Naka Nalasopara Zoya Hospital"/>
    <tag k="source" v="Local Knowledge"/>
  </node>
  <node id="7664032193" lat="18.9230380" lon="72.8328110">
    <tag k="addr:district" v="Mumbai City"/>
    <tag k="addr:full" v="Devidas Mansion, 4, Behind Taj Hotel, Apollo Bandar, Colaba, Mumbai"/>
    <tag k="addr:postcode" v="400005"/>
    <tag k="addr:state" v="Maharastra"/>
    <tag k="amenity" v="hospital"/>
    <tag k="name" v="Kalajot Hospital"/>
    <tag k="source" v="Local Knowledge"/>
  </node>
  <node id="7664032196" lat="18.9887771" lon="72.8230369">
    <tag k="addr:district" v="Mumbai City"/>
    <tag k="addr:full" v="20, Dr E Moses Road, Gandhi Nagar, Upper Worli, Lower Parel, Mumbai"/>
    <tag k="addr:postcode" v="400013"/>
    <tag k="addr:state" v="Maharastra"/>
    <tag k="amenity" v="hospital"/>
    <tag k="check_date" v="2026-03-20"/>
    <tag k="name" v="Anand Niketan Hospital"/>
    <tag k="opening_hours" v="24/7"/>
    <tag k="source" v="Local Knowledge"/>
  </node>
  <node id="7664032197" lat="18.9560010" lon="72.8076850">
    <tag k="addr:district" v="Mumbai City"/>
    <tag k="addr:full" v="Dadyseth Road, Opp Bombay Garage, Chowpatty, Mumbai"/>
    <tag k="addr:postcode" v="400007"/>
    <tag k="addr:state" v="Maharastra"/>
    <tag k="amenity" v="hospital"/>
    <tag k="name" v="Desa's Hospital"/>
    <tag k="source" v="Local Knowledge"/>
  </node>
  <node id="7664032200" lat="18.9570962" lon="72.8115973">
    <tag k="addr:district" v="Mumbai City"/>
    <tag k="addr:full" v="KM Munshi Road, Gamdevi, Mumbai"/>
    <tag k="addr:postcode" v="400007"/>
    <tag k="addr:state" v="Maharastra"/>
    <tag k="amenity" v="hospital"/>
    <tag k="name" v="Dolby Hospital"/>
    <tag k="source" v="Local Knowledge"/>
  </node>
  <node id="7664032202" lat="19.0146087" lon="72.8424841">
    <tag k="addr:district" v="Mumbai City"/>
    <tag k="addr:full" v="Rupal Apartment, 1st Floor, Dadasaheb Phalke Road, Dadar East, Mumbai"/>
    <tag k="addr:postcode" v="400014"/>
    <tag k="addr:state" v="Maharastra"/>
    <tag k="amenity" v="hospital"/>
    <tag k="check_date" v="2026-03-20"/>
    <tag k="name" v="Ashvini Nursing Home"/>
    <tag k="source" v="Local Knowledge"/>
  </node>
  <node id="7664032203" lat="18.9675090" lon="72.8387510">
    <tag k="addr:district" v="Mumbai City"/>
    <tag k="addr:full" v="37, St Mary Road, Tadwadi, Mazgaon, Mumbai"/>
    <tag k="addr:postcode" v="400010"/>
    <tag k="addr:state" v="Maharastra"/>
    <tag k="amenity" v="hospital"/>
    <tag k="name" v="Dr. Shantilal Oza Hospital"/>
    <tag k="source" v="Local Knowledge"/>
  </node>
  <node id="7664032209" lat="19.0404110" lon="72.8546330">
    <tag k="addr:district" v="Mumbai City"/>
    <tag k="addr:full" v="Dharavi Vivekananda Cooperative Housing Society Limited, RP Nagar, Dharavi, Mumbai"/>
    <tag k="addr:postcode" v="400017"/>
    <tag k="addr:state" v="Maharastra"/>
    <tag k="amenity" v="hospital"/>
    <tag k="healthcare" v="hospital"/>
    <tag k="name" v="Janani Hospital"/>
    <tag k="source" v="Local Knowledge"/>
  </node>
  <node id="7664032211" lat="19.0081750" lon="72.8354760">
    <tag k="addr:district" v="Mumbai City"/>
    <tag k="addr:full" v="Elphinstone Bridge, Babasaheb Ambedkar Nagar, Parel, Mumbai"/>
    <tag k="addr:postcode" v="400012"/>
    <tag k="addr:state" v="Maharastra"/>
    <tag k="amenity" v="hospital"/>
    <tag k="name" v="Laxmi Niwas General Hospital"/>
    <tag k="source" v="Local Knowledge"/>
  </node>
  <node id="7664032212" lat="19.0456326" lon="72.8596339">
    <tag k="addr:district" v="Mumbai City"/>
    <tag k="addr:full" v="90 Feet Road, Dharavi Slums, Laxmi Baug, Dharavi, Mumbai"/>
    <tag k="addr:postcode" v="400017"/>
    <tag k="addr:state" v="Maharastra"/>
    <tag k="amenity" v="hospital"/>
    <tag k="healthcare" v="hospital"/>
    <tag k="name" v="Resham Hospital"/>
    <tag k="source" v="Local Knowledge"/>
  </node>
  <node id="7664032213" lat="19.0358599" lon="72.8386025">
    <tag k="addr:district" v="Mumbai City"/>
    <tag k="addr:full" v="Sitladevi Temple Road, Mahim West, Mahim, Mumbai"/>
    <tag k="addr:postcode" v="400016"/>
    <tag k="addr:state" v="Maharastra"/>
    <tag k="amenity" v="hospital"/>
    <tag k="healthcare" v="hospital"/>
    <tag k="name" v="New Ratna Hospital"/>
    <tag k="source" v="Local Knowledge"/>
  </node>
  <node id="7664032214" lat="18.9582867" lon="72.8102818">
    <tag k="addr:district" v="Mumbai City"/>
    <tag k="addr:full" v="N S Patkar Marg, Opp Westside, Babulnath, Dadi Sheth Wadi, Gamdevi, Mumbai"/>
    <tag k="addr:postcode" v="400007"/>
    <tag k="addr:state" v="Maharastra"/>
    <tag k="amenity" v="hospital"/>
    <tag k="name" v="Smt. Motiben B. Dalvi Hospital"/>
    <tag k="source" v="Local Knowledge"/>
  </node>
  <node id="7664032215" lat="19.0121450" lon="72.8336440">
    <tag k="addr:district" v="Mumbai City"/>
    <tag k="addr:full" v="101, Inder Tower, Gokhale Road, Near Tilak Bhavan, Dadar West, Mumbai"/>
    <tag k="addr:postcode" v="400028"/>
    <tag k="addr:state" v="Maharastra"/>
    <tag k="amenity" v="hospital"/>
    <tag k="healthcare" v="hospital"/>
    <tag k="name" v="Punamiya Hospital"/>
    <tag k="source" v="Local Knowledge"/>
  </node>
  <node id="7664032217" lat="18.9459308" lon="72.7952414">
    <tag k="addr:district" v="Mumbai City"/>
    <tag k="addr:full" v="2, Banganga Cross Lane, Teen Batti, Malabar Hill, Mumbai"/>
    <tag k="addr:postcode" v="400006"/>
    <tag k="addr:state" v="Maharastra"/>
    <tag k="amenity" v="hospital"/>
    <tag k="name" v="Khimji Jeeva Sanitorium Hospital"/>
    <tag k="source" v="Local Knowledge"/>
  </node>
  <node id="7664032218" lat="18.9881485" lon="72.8376926">
    <tag k="addr:district" v="Mumbai City"/>
    <tag k="addr:full" v="Digvijay Mill Building, Dattaram Lad Marg, Ghodapdeo, Byculla East, Mumbai"/>
    <tag k="addr:postcode" v="400033"/>
    <tag k="addr:state" v="Maharastra"/>
    <tag k="amenity" v="hospital"/>
    <tag k="name" v="Astha Nursing Home"/>
    <tag k="source" v="Local Knowledge"/>
  </node>
  <node id="7664032219" lat="19.0154430" lon="72.8261774">
    <tag k="addr:district" v="Mumbai City"/>
    <tag k="addr:full" v="Old Prabhadevi Road, G-South Ward, Dadar West, Prabhadevi, Mumbai"/>
    <tag k="addr:postcode" v="400025"/>
    <tag k="addr:state" v="Maharastra"/>
    <tag k="amenity" v="hospital"/>
    <tag k="healthcare" v="hospital"/>
    <tag k="healthcare:speciality" v="general"/>
    <tag k="name" v="BMC Hospital"/>
    <tag k="source" v="Local Knowledge"/>
  </node>
  <node id="7664032220" lat="18.9570890" lon="72.8073330">
    <tag k="addr:district" v="Mumbai City"/>
    <tag k="addr:full" v="Rambha Bhavan, Near Babulnath Temple, Khareghat Colony, Malabar Hill, Mumbai"/>
    <tag k="addr:postcode" v="400007"/>
    <tag k="addr:state" v="Maharastra"/>
    <tag k="amenity" v="hospital"/>
    <tag k="name" v="Hospital For Women Care"/>
    <tag k="source" v="Local Knowledge"/>
  </node>
  <node id="7664032222" lat="19.0471530" lon="72.8413400">
    <tag k="addr:district" v="Mumbai City"/>
    <tag k="addr:full" v="Building No.1, Ground Floor, New Mahim Police Colony, Mahim, Mumbai"/>
    <tag k="addr:postcode" v="400016"/>
    <tag k="addr:state" v="Maharastra"/>
    <tag k="amenity" v="hospital"/>
    <tag k="name" v="Mahim Police Hospital"/>
    <tag k="source" v="Local Knowledge"/>
  </node>
  <node id="7664032224" lat="19.0397800" lon="72.8400270">
    <tag k="addr:district" v="Mumbai City"/>
    <tag k="addr:full" v="Welkarwadi BMC Building, LJ Cross Road, Opp.Darga Sarff, Mahim West, Mahim, Mumbai"/>
    <tag k="addr:postcode" v="400016"/>
    <tag k="addr:state" v="Maharastra"/>
    <tag k="amenity" v="hospital"/>
    <tag k="healthcare" v="hospital"/>
    <tag k="name" v="Welkarwadi BMC Hospital"/>
    <tag k="source" v="Local Knowledge"/>
  </node>
  <node id="7664032225" lat="18.9559782" lon="72.8084083">
    <tag k="addr:district" v="Mumbai City"/>
    <tag k="addr:full" v="Baig Mansion, Chowpatty Medical Centre 3, Babulnath Road, Mumbai"/>
    <tag k="addr:postcode" v="400007"/>
    <tag k="addr:state" v="Maharastra"/>
    <tag k="amenity" v="hospital"/>
    <tag k="name" v="Dr. Nadeem Rais Endocrinologist"/>
    <tag k="source" v="Local Knowledge"/>
  </node>
  <node id="7664032231" lat="19.0363379" lon="72.8400357">
    <tag k="addr:district" v="Mumbai City"/>
    <tag k="addr:full" v="Bobby Apartments, Near Mahim Bazar, P.O., Kapad Bazar, Mahim West, Mumbai"/>
    <tag k="addr:postcode" v="400016"/>
    <tag k="addr:state" v="Maharastra"/>
    <tag k="amenity" v="hospital"/>
    <tag k="healthcare" v="hospital"/>
    <tag k="name" v="Raj Ratan Hospital"/>
    <tag k="source" v="Local Knowledge"/>
  </node>
  <node id="7664032232" lat="19.0363806" lon="72.8598664">
    <tag k="addr:district" v="Mumbai City"/>
    <tag k="addr:full" v="RB2 Central Railway Quarters, Jain Society, Sion, Mumbai"/>
    <tag k="addr:postcode" v="400022"/>
    <tag k="addr:state" v="Maharastra"/>
    <tag k="amenity" v="hospital"/>
    <tag k="check_date" v="2026-03-20"/>
    <tag k="healthcare" v="hospital"/>
    <tag k="name" v="Sion Hospital"/>
    <tag k="source" v="Local Knowledge"/>
  </node>
  <node id="7664032233" lat="18.9368113" lon="72.8403416">
    <tag k="addr:district" v="Mumbai City"/>
    <tag k="addr:full" v="5, Walchand Hirachand Marg, Ballard Estate, Fort, Mumbai"/>
    <tag k="addr:postcode" v="400001"/>
    <tag k="addr:state" v="Maharastra"/>
    <tag k="amenity" v="hospital"/>
    <tag k="name" v="Reliance Health Ventures Limited Hospital"/>
    <tag k="source" v="Local Knowledge"/>
  </node>
  <node id="7664032237" lat="18.9730222" lon="72.8219132">
    <tag k="addr:district" v="Mumbai City"/>
    <tag k="addr:full" v="43-A/43B, Dr Anandrao Nair Marg, RTO Colony, Mumbai Central, Mumbai"/>
    <tag k="addr:postcode" v="400008"/>
    <tag k="addr:state" v="Maharastra"/>
    <tag k="amenity" v="hospital"/>
    <tag k="check_date" v="2026-03-20"/>
    <tag k="healthcare" v="hospital"/>
    <tag k="name" v="Nair Hospital"/>
    <tag k="source" v="Local Knowledge"/>
  </node>
  <node id="7664032240" lat="19.0403300" lon="72.8553219">
    <tag k="addr:district" v="Mumbai City"/>
    <tag k="addr:full" v="Bandra Reclamation Road, Muslim Nagar, Kumbhar Wada, Bandra West, Mumbai"/>
    <tag k="addr:postcode" v="400017"/>
    <tag k="addr:state" v="Maharastra"/>
    <tag k="amenity" v="hospital"/>
    <tag k="healthcare" v="hospital"/>
    <tag k="name" v="Lelavati Hospital"/>
    <tag k="source" v="Local Knowledge"/>
  </node>
  <node id="7664032241" lat="19.0403150" lon="72.8548120">
    <tag k="addr:district" v="Mumbai City"/>
    <tag k="addr:full" v="Dharavi Vivekananda Cooperative Housing Society Limited, 90 Feet Road, Muslim Nagar, RP Nagar, Dharavi, Mumbai"/>
    <tag k="addr:postcode" v="400017"/>
    <tag k="addr:state" v="Maharastra"/>
    <tag k="amenity" v="hospital"/>
    <tag k="healthcare" v="hospital"/>
    <tag k="name" v="Aayush Hospital"/>
    <tag k="source" v="Local Knowledge"/>
  </node>
  <node id="7664032243" lat="19.0479325" lon="72.8579190">
    <tag k="addr:district" v="Mumbai City"/>
    <tag k="addr:full" v="Dharavi, Mumbai"/>
    <tag k="addr:postcode" v="400017"/>
    <tag k="addr:state" v="Maharastra"/>
    <tag k="amenity" v="hospital"/>
    <tag k="name" v="Lifecare Hospital"/>
    <tag k="source" v="Local Knowledge"/>
  </node>
  <node id="7664032244" lat="18.9921984" lon="72.8294352">
    <tag k="addr:district" v="Mumbai City"/>
    <tag k="addr:full" v="31, Lower Parel East, BDD Chawl, Lower Parel, Mumbai"/>
    <tag k="addr:postcode" v="400013"/>
    <tag k="addr:state" v="Maharastra"/>
    <tag k="amenity" v="hospital"/>
    <tag k="check_date" v="2026-03-20"/>
    <tag k="healthcare" v="hospital"/>
    <tag k="name" v="Mhaskar Hospital"/>
    <tag k="source" v="Local Knowledge"/>
  </node>
  <node id="8260890189" lat="19.2130035" lon="72.8235436">
    <tag k="addr:city" v="Mumbai"/>
    <tag k="addr:housenumber" v="sector2 charkop, 122"/>
    <tag k="addr:postcode" v="400067"/>
    <tag k="addr:street" v="RSC Rd Number 11, Kandivali west"/>
    <tag k="amenity" v="hospital"/>
    <tag k="emergency" v="yes"/>
    <tag k="healthcare" v="hospital"/>
    <tag k="healthcare:speciality" v="general;orthopaedics;physician;diabetologist"/>
    <tag k="name" v="Oscar hospital charkop naka"/>
    <tag k="opening_hours" v="24/7"/>
  </node>
  <node id="8796959391" lat="19.1884744" lon="72.8540218">
    <tag k="addr:district" v="Mumbai"/>
    <tag k="addr:full" v="Malad East, Mumbai"/>
    <tag k="addr:postcode" v="400097"/>
    <tag k="addr:state" v="Maharashtra"/>
    <tag k="amenity" v="hospital"/>
    <tag k="name" v="S.K.Patil Hospital"/>
    <tag k="source" v="Local Knowledge"/>
  </node>
  <node id="8796982088" lat="19.2155665" lon="72.8309320">
    <tag k="addr:district" v="Mumbai"/>
    <tag k="addr:full" v="214, Kandivali West, Mumbai"/>
    <tag k="addr:postcode" v="400067"/>
    <tag k="addr:state" v="Maharashtra"/>
    <tag k="amenity" v="hospital"/>
    <tag k="name" v="Charkop Maternity Home"/>
    <tag k="source" v="Local Knowledge"/>
  </node>
  <node id="8797077000" lat="19.1522033" lon="72.9399276">
    <tag k="addr:city" v="Mumbai"/>
    <tag k="addr:district" v="Mumbai"/>
    <tag k="addr:full" v="Kukreja, Govind Nagar, Bhandup West, Mumbai"/>
    <tag k="addr:housenumber" v="Village Road, Bhandup (West).Mumbai- 400078."/>
    <tag k="addr:postcode" v="400078"/>
    <tag k="addr:state" v="Maharashtra"/>
    <tag k="addr:street" v="Bhandup Village Road"/>
    <tag k="amenity" v="hospital"/>
    <tag k="emergency" v="yes"/>
    <tag k="healthcare" v="hospital"/>
    <tag k="healthcare:speciality" v="general;orthopaedics;otolaryngology;vaccination"/>
    <tag k="name" v="Dr Bhatia’s Hospital, Bhandup"/>
    <tag k="operator" v="Dr. Bhatia"/>
    <tag k="operator:type" v="private"/>
    <tag k="source" v="Local Knowledge"/>
  </node>
  <node id="8797105668" lat="18.9764756" lon="72.8416085">
    <tag k="addr:district" v="Mumbai"/>
    <tag k="addr:full" v="Sant Savata Mali Marg, Naralwadi, Sewri, Mumbai"/>
    <tag k="addr:postcode" v="400027"/>
    <tag k="addr:state" v="Maharashtra"/>
    <tag k="amenity" v="hospital"/>
    <tag k="source" v="Local Knowledge"/>
  </node>
  <node id="8797130860" lat="19.1401815" lon="72.8427860">
    <tag k="addr:district" v="Mumbai"/>
    <tag k="addr:full" v="Shastri Nagar, Jogeshwari West, Mumbai"/>
    <tag k="addr:postcode" v="400062"/>
    <tag k="addr:state" v="Maharashtra"/>
    <tag k="amenity" v="hospital"/>
    <tag k="healthcare" v="hospital"/>
    <tag k="name" v="Millat Dialysis Center"/>
    <tag k="source" v="Local Knowledge"/>
  </node>
  <node id="8797139771" lat="19.0846423" lon="72.8836535">
    <tag k="addr:district" v="Mumbai"/>
    <tag k="addr:full" v="A Wing, Ghatkopar, Mumbai"/>
    <tag k="addr:postcode" v="400086"/>
    <tag k="addr:state" v="Maharashtra"/>
    <tag k="amenity" v="hospital"/>
    <tag k="name" v="Sapna Health Care Centre Pvt Ltd"/>
    <tag k="source" v="Local Knowledge"/>
  </node>
  <node id="8797148830" lat="19.2352336" lon="72.8466511">
    <tag k="addr:district" v="Mumbai"/>
    <tag k="addr:full" v="Eksar, Borivali West, Mumbai"/>
    <tag k="addr:postcode" v="400091"/>
    <tag k="addr:state" v="Maharashtra"/>
    <tag k="amenity" v="hospital"/>
    <tag k="name" v="Sushrut Hospital"/>
    <tag k="source" v="Local Knowledge"/>
  </node>
  <node id="8797161232" lat="19.1372345" lon="72.8564975">
    <tag k="addr:district" v="Mumbai"/>
    <tag k="addr:full" v="Shiv Kunj, Dhobi Ghat, Jogeshwari East, Mumbai"/>
    <tag k="addr:postcode" v="400060"/>
    <tag k="addr:state" v="Maharashtra"/>
    <tag k="amenity" v="hospital"/>
    <tag k="healthcare" v="hospital"/>
    <tag k="name" v="matoshri umabai RANE hospital"/>
    <tag k="source" v="Local Knowledge"/>
  </node>
  <node id="8797173216" lat="19.0952772" lon="72.9137056">
    <tag k="addr:district" v="Mumbai"/>
    <tag k="addr:full" v="E-1, Society, Ghatkopar West, Mumbai"/>
    <tag k="addr:postcode" v="400086"/>
    <tag k="addr:state" v="Maharashtra"/>
    <tag k="amenity" v="hospital"/>
    <tag k="check_date" v="2026-06-20"/>
    <tag k="name" v="Shantiniketan Hospital"/>
    <tag k="phone" v="+91 84510 23444"/>
    <tag k="source" v="Local Knowledge"/>
  </node>
  <node id="8797197801" lat="19.0526857" lon="72.8732117">
    <tag k="addr:district" v="Mumbai"/>
    <tag k="addr:full" v="VN Purav Marg, Chunabhatti, Mumbai"/>
    <tag k="addr:postcode" v="400022"/>
    <tag k="addr:state" v="Maharashtra"/>
    <tag k="amenity" v="hospital"/>
    <tag k="name" v="Dalvi Nursing Home"/>
    <tag k="source" v="Local Knowledge"/>
  </node>
  <node id="8797247003" lat="19.2034924" lon="72.8279212">
    <tag k="addr:district" v="Mumbai"/>
    <tag k="addr:full" v="D And E Wing, 15-22 Pooja Enclave, Kandivali, Nilkanth Nagar, Ganesh Nagar, Mumbai"/>
    <tag k="addr:postcode" v="400067"/>
    <tag k="addr:state" v="Maharashtra"/>
    <tag k="amenity" v="hospital"/>
    <tag k="name" v="Oscar Hospital"/>
    <tag k="source" v="Local Knowledge"/>
  </node>
  <node id="8797353176" lat="19.1463034" lon="72.9369932">
    <tag k="addr:district" v="Mumbai"/>
    <tag k="addr:full" v="3rd Floor, Bhandup"/>
    <tag k="addr:postcode" v="400078"/>
    <tag k="addr:state" v="Maharashtra"/>
    <tag k="amenity" v="hospital"/>
    <tag k="name" v="Sunrise Hospital"/>
    <tag k="source" v="Local Knowledge"/>
  </node>
  <node id="8797394208" lat="19.1710723" lon="72.9586105">
    <tag k="addr:district" v="Mumbai"/>
    <tag k="addr:full" v="Hanuman Chowk, Mulund East, Mumbai"/>
    <tag k="addr:postcode" v="400081"/>
    <tag k="addr:state" v="Maharashtra"/>
    <tag k="amenity" v="hospital"/>
    <tag k="name" v="Ashirwad Critical Care Unit &amp; Multi speciality"/>
    <tag k="source" v="Local Knowledge"/>
  </node>
  <node id="8797408854" lat="19.1721231" lon="72.9508348">
    <tag k="addr:district" v="Mumbai"/>
    <tag k="addr:full" v="Mulund West, Mumbai"/>
    <tag k="addr:postcode" v="400080"/>
    <tag k="addr:state" v="Maharashtra"/>
    <tag k="amenity" v="hospital"/>
    <tag k="name" v="Zen Hospital"/>
    <tag k="source" v="Local Knowledge"/>
  </node>
  <node id="8797441441" lat="19.2076635" lon="72.8772330">
    <tag k="addr:district" v="Mumbai"/>
    <tag k="addr:full" v="A-901, Thakur, Kandivali East, Mumbai"/>
    <tag k="addr:postcode" v="400101"/>
    <tag k="addr:state" v="Maharashtra"/>
    <tag k="amenity" v="hospital"/>
    <tag k="name" v="Akurli Maternity Home"/>
    <tag k="source" v="Local Knowledge"/>
  </node>
  <node id="8797549260" lat="19.2071803" lon="72.8769761">
    <tag k="addr:district" v="Mumbai"/>
    <tag k="addr:full" v="Thakur Village, Kandivali East, Mumbai"/>
    <tag k="addr:postcode" v="400101"/>
    <tag k="addr:state" v="Maharashtra"/>
    <tag k="amenity" v="hospital"/>
    <tag k="name" v="ESIC Hospital"/>
    <tag k="source" v="Local Knowledge"/>
  </node>
  <node id="8797726541" lat="19.0115774" lon="72.8460141">
    <tag k="addr:district" v="Mumbai"/>
    <tag k="addr:full" v="SS Wagh Marg, Old bdd chawl, Naigaon, Dadar, Mumbai"/>
    <tag k="addr:postcode" v="400014"/>
    <tag k="addr:state" v="Maharashtra"/>
    <tag k="amenity" v="hospital"/>
    <tag k="healthcare" v="hospital"/>
    <tag k="name" v="Naigaon Municipal Maternity Home"/>
    <tag k="source" v="Local Knowledge"/>
  </node>
  <node id="8797904410" lat="19.1304842" lon="72.8720801">
    <tag k="addr:district" v="Mumbai"/>
    <tag k="addr:full" v="Sunder Nagar, Jogeshwari East"/>
    <tag k="addr:postcode" v="400093"/>
    <tag k="addr:state" v="Maharashtra"/>
    <tag k="amenity" v="hospital"/>
    <tag k="healthcare" v="hospital"/>
    <tag k="name" v="BMC arogya Kendra"/>
    <tag k="source" v="Local Knowledge"/>
  </node>
  <node id="8798069854" lat="19.1053464" lon="72.8871390">
    <tag k="addr:district" v="Mumbai"/>
    <tag k="addr:full" v="5th Floor, 'A' Wing, Pranik Chamber, Marol, Andheri East, Mumbai"/>
    <tag k="addr:postcode" v="400072"/>
    <tag k="addr:state" v="Maharashtra"/>
    <tag k="amenity" v="hospital"/>
    <tag k="name" v="Axon Hospital &amp; Dialysis Center"/>
    <tag k="source" v="Local Knowledge"/>
  </node>
  <node id="8798161108" lat="19.0899538" lon="72.8376684">
    <tag k="addr:district" v="Mumbai"/>
    <tag k="addr:full" v="BEST Colony, Santacruz West, Mumbai"/>
    <tag k="addr:postcode" v="400054"/>
    <tag k="addr:state" v="Maharashtra"/>
    <tag k="amenity" v="hospital"/>
    <tag k="name" v="Surya Hospital"/>
    <tag k="source" v="Local Knowledge"/>
  </node>
  <node id="8801598781" lat="19.0997223" lon="72.8463493">
    <tag k="addr:district" v="Mumbai"/>
    <tag k="addr:full" v="Plot No. 77, Vile Parle, Mumbai"/>
    <tag k="addr:postcode" v="400057"/>
    <tag k="addr:state" v="Maharashtra"/>
    <tag k="amenity" v="hospital"/>
    <tag k="name" v="Babasaheb Gawde Hospital"/>
    <tag k="source" v="Local Knowledge"/>
  </node>
  <node id="8802125729" lat="19.1880380" lon="72.8179488">
    <tag k="addr:district" v="Mumbai"/>
    <tag k="addr:full" v="Malad, Azad Nagar, Malvani"/>
    <tag k="addr:postcode" v="400095"/>
    <tag k="addr:state" v="Maharashtra"/>
    <tag k="amenity" v="hospital"/>
    <tag k="name" v="Government Hospital, Malvani"/>
    <tag k="source" v="Local Knowledge"/>
  </node>
  <node id="8816508984" lat="19.1172807" lon="72.8504612">
    <tag k="addr:district" v="Thane"/>
    <tag k="addr:full" v="Plot No 516, Teli Gali, Andheri East"/>
    <tag k="addr:postcode" v="400069"/>
    <tag k="addr:state" v="Maharashtra"/>
    <tag k="amenity" v="hospital"/>
    <tag k="name" v="CritiCare Hospital"/>
    <tag k="source" v="Local Knowledge"/>
  </node>
  <node id="8817020641" lat="18.9752297" lon="72.8237596">
    <tag k="addr:city" v="Mumbai"/>
    <tag k="addr:housenumber" v="1877"/>
    <tag k="addr:postcode" v="400011"/>
    <tag k="addr:street" v="Doctor Anandrao Nair Marg, Near Agripada Police Station Mumbai Central East, Agripada"/>
    <tag k="amenity" v="hospital"/>
    <tag k="check_date" v="2026-03-20"/>
    <tag k="healthcare" v="hospital"/>
    <tag k="healthcare:speciality" v="Arthroplasty;Arthroscopy;Hip_Replacement;Knee_Replacement;Trauma"/>
    <tag k="name" v="Dr Mudit Khanna"/>
    <tag k="website" v="https://www.drmuditkhanna.com/"/>
  </node>
  <node id="8817571670" lat="19.0621280" lon="72.9215920">
    <tag k="addr:district" v="Thane"/>
    <tag k="addr:full" v="Plot No. 46/K/1,2 3, Govandi West, Shivaji Nagar, Mumbai"/>
    <tag k="addr:postcode" v="400043"/>
    <tag k="addr:state" v="Maharashtra"/>
    <tag k="amenity" v="hospital"/>
    <tag k="name" v="S.N. Hospital"/>
    <tag k="source" v="Local Knowledge"/>
  </node>
  <node id="9094324655" lat="19.1773323" lon="72.9675883">
    <tag k="amenity" v="hospital"/>
    <tag k="healthcare" v="hospital"/>
    <tag k="name" v="Anant Seva Hospital"/>
    <tag k="operator" v="Dr Vishwas Wasnik"/>
  </node>
  <node id="9215422051" lat="19.1673177" lon="72.9632883">
    <tag k="addr:district" v="Mumbai"/>
    <tag k="addr:full" v="Hanuman Chowk, Mulund East"/>
    <tag k="addr:postcode" v="400081"/>
    <tag k="addr:state" v="Maharashtra"/>
    <tag k="amenity" v="hospital"/>
    <tag k="description" v="Private Hospital"/>
    <tag k="name" v="Gomathi Eye &amp; Cornea Centre"/>
    <tag k="source" v="Local Knowledge"/>
  </node>
  <node id="9215424189" lat="19.1362893" lon="72.8273781">
    <tag k="addr:district" v="Mumbai"/>
    <tag k="addr:full" v="Suresh Nagar, Andheri West, Mumbai"/>
    <tag k="addr:postcode" v="400047"/>
    <tag k="addr:state" v="Maharashtra"/>
    <tag k="amenity" v="hospital"/>
    <tag k="description" v="Private Hospital"/>
    <tag k="healthcare" v="hospital"/>
    <tag k="name" v="Axis Orthopaedic Hospital"/>
    <tag k="source" v="Local Knowledge"/>
  </node>
  <node id="9215451400" lat="19.1360670" lon="72.8122383">
    <tag k="addr:district" v="Mumbai"/>
    <tag k="addr:full" v="Jeet Nagar, Versova, Andheri West"/>
    <tag k="addr:postcode" v="400061"/>
    <tag k="addr:state" v="Maharashtra"/>
    <tag k="amenity" v="hospital"/>
    <tag k="description" v="Private Hospital"/>
    <tag k="name" v="AL Kaleskar Hospital"/>
    <tag k="source" v="Local Knowledge"/>
  </node>
  <node id="9215480148" lat="19.0708455" lon="72.8781120">
    <tag k="addr:district" v="Mumbai"/>
    <tag k="addr:full" v="Ambedkar Nagar, Kurla West"/>
    <tag k="addr:postcode" v="400070"/>
    <tag k="addr:state" v="Maharashtra"/>
    <tag k="amenity" v="hospital"/>
    <tag k="description" v="Private Hospital"/>
    <tag k="name" v="Bhabha Hospital"/>
    <tag k="source" v="Local Knowledge"/>
  </node>
  <node id="9215501855" lat="19.1908993" lon="72.8335458">
    <tag k="addr:district" v="Mumbai"/>
    <tag k="addr:full" v="Rajendra Vihar, Evershine Nagar, Malad West"/>
    <tag k="addr:postcode" v="400064"/>
    <tag k="addr:state" v="Maharashtra"/>
    <tag k="amenity" v="hospital"/>
    <tag k="description" v="SubCentre"/>
    <tag k="name" v="Navkar Skin Hair And Laser Clinic"/>
    <tag k="source" v="Local Knowledge"/>
  </node>
  <node id="9215659357" lat="19.0207825" lon="72.8419304">
    <tag k="addr:district" v="Mumbai"/>
    <tag k="addr:full" v="Dadar West"/>
    <tag k="addr:postcode" v="400028"/>
    <tag k="addr:state" v="Maharashtra"/>
    <tag k="amenity" v="hospital"/>
    <tag k="description" v="Private Hospital"/>
    <tag k="name" v="Thyrocare Aarogyam Center - Dadar West"/>
    <tag k="source" v="Local Knowledge"/>
  </node>
  <node id="9215979185" lat="19.1469381" lon="72.8292650">
    <tag k="addr:district" v="Mumbai"/>
    <tag k="addr:full" v="Unit-3 1st Flore, Samrath Vaibhav' Off-K.L Walawalkar Marg, Oshiwara Lokhandwala"/>
    <tag k="addr:postcode" v="400053"/>
    <tag k="addr:state" v="Maharashtra"/>
    <tag k="amenity" v="hospital"/>
    <tag k="healthcare" v="hospital"/>
    <tag k="name" v="Clear Vision Eye Care"/>
    <tag k="source" v="OpenGovernmentData"/>
  </node>
  <node id="9441680530" lat="19.0554479" lon="72.8271482">
    <tag k="amenity" v="hospital"/>
    <tag k="healthcare" v="hospital"/>
  </node>
  <node id="9470829702" lat="19.0519425" lon="72.8946840">
    <tag k="addr:city" v="mumbai"/>
    <tag k="addr:housenumber" v="Shubham Flora"/>
    <tag k="addr:postcode" v="400071"/>
    <tag k="addr:street" v="Ramakrishna Chemburkar Marg"/>
    <tag k="amenity" v="hospital"/>
    <tag k="healthcare" v="hospital"/>
    <tag k="name" v="Satvic Hospital"/>
  </node>
  <node id="9533834652" lat="19.1312460" lon="72.8245590">
    <tag k="amenity" v="hospital"/>
    <tag k="healthcare" v="hospital"/>
    <tag k="name" v="Kokilaben Dhirubhai Ambani Hospital"/>
  </node>
  <node id="10172914421" lat="19.0627787" lon="72.8731767">
    <tag k="amenity" v="hospital"/>
    <tag k="healthcare" v="hospital"/>
    <tag k="name" v="Fauziya hospital"/>
  </node>
  <node id="10172914423" lat="19.0708724" lon="72.8781127">
    <tag k="amenity" v="hospital"/>
    <tag k="healthcare" v="hospital"/>
    <tag k="name" v="bhabha hospital"/>
  </node>
  <node id="10172914425" lat="19.0726490" lon="72.8710522">
    <tag k="amenity" v="hospital"/>
    <tag k="check_date" v="2026-03-21"/>
    <tag k="healthcare" v="hospital"/>
    <tag k="name" v="Alphine life solutions general hospital"/>
  </node>
  <node id="10172914426" lat="19.0527267" lon="72.8732182">
    <tag k="amenity" v="hospital"/>
    <tag k="healthcare" v="hospital"/>
    <tag k="name" v="Dalvi nursing home"/>
  </node>
  <node id="10172914427" lat="19.0528000" lon="72.8749595">
    <tag k="amenity" v="hospital"/>
    <tag k="healthcare" v="hospital"/>
    <tag k="name" v="Prathamesh hospital"/>
  </node>
  <node id="10172914428" lat="19.0532885" lon="72.8751862">
    <tag k="amenity" v="hospital"/>
    <tag k="healthcare" v="hospital"/>
    <tag k="name" v="Brihanmumbai mucipality Hospital"/>
  </node>
  <node id="10172914429" lat="19.0532245" lon="72.8768120">
    <tag k="amenity" v="hospital"/>
    <tag k="healthcare" v="hospital"/>
    <tag k="name" v="Santrupti hospital"/>
  </node>
  <node id="10172914433" lat="19.0590301" lon="72.8973108">
    <tag k="amenity" v="hospital"/>
    <tag k="healthcare" v="hospital"/>
    <tag k="name" v="Dr.Sanjay sonar laparoscopy and scopy centre"/>
  </node>
  <node id="10172914443" lat="19.0622534" lon="72.8997239">
    <tag k="amenity" v="hospital"/>
    <tag k="healthcare" v="hospital"/>
    <tag k="name" v="Amita Patil Nursing Home"/>
  </node>
  <node id="10172914444" lat="19.0422679" lon="72.8941536">
    <tag k="amenity" v="hospital"/>
    <tag k="healthcare" v="hospital"/>
    <tag k="name" v="Chandra maternity Hospital"/>
  </node>
  <node id="10172914445" lat="19.0414049" lon="72.8947448">
    <tag k="amenity" v="hospital"/>
    <tag k="healthcare" v="hospital"/>
    <tag k="name" v="Chandra Hospital"/>
  </node>
  <node id="10172914446" lat="19.0412186" lon="72.8940795">
    <tag k="amenity" v="hospital"/>
    <tag k="healthcare" v="hospital"/>
    <tag k="name" v="Shiv Hospital"/>
  </node>
  <node id="10172914447" lat="19.0406126" lon="72.8972639">
    <tag k="amenity" v="hospital"/>
    <tag k="healthcare" v="hospital"/>
    <tag k="name" v="RCF Hospital"/>
  </node>
  <node id="10172914448" lat="19.0456806" lon="72.9024989">
    <tag k="amenity" v="hospital"/>
    <tag k="healthcare" v="hospital"/>
    <tag k="name" v="Nayak medicare -chembur"/>
  </node>
  <node id="10172914449" lat="19.0466542" lon="72.8964139">
    <tag k="amenity" v="hospital"/>
    <tag k="healthcare" v="hospital"/>
    <tag k="name" v="Inlaska Hospital"/>
  </node>
  <node id="10607816273" lat="19.0814514" lon="72.8569934">
    <tag k="amenity" v="hospital"/>
    <tag k="check_date" v="2026-03-21"/>
    <tag k="healthcare" v="hospital"/>
  </node>
  <node id="10616180012" lat="18.9783359" lon="72.8271144">
    <tag k="amenity" v="hospital"/>
    <tag k="healthcare" v="hospital"/>
  </node>
  <node id="11192643417" lat="19.1108158" lon="72.8690282">
    <tag k="amenity" v="hospital"/>
    <tag k="healthcare" v="hospital"/>
    <tag k="healthcare:speciality" v="vaccination"/>
    <tag k="name" v="Nursing Home"/>
  </node>
  <node id="11263873540" lat="19.1015846" lon="72.9121067">
    <tag k="addr:postcode" v="400086"/>
    <tag k="addr:street" v="Amrut Nagar"/>
    <tag k="amenity" v="hospital"/>
    <tag k="name:en" v="Adarsh Hospital"/>
    <tag k="phone" v="022 2500 7853"/>
  </node>
  <node id="11426731276" lat="19.1079187" lon="72.8408635">
    <tag k="amenity" v="hospital"/>
    <tag k="name" v="KLS Memorial Hospital"/>
  </node>
  <node id="11430465717" lat="19.0771201" lon="72.9022577">
    <tag k="amenity" v="hospital"/>
    <tag k="healthcare" v="hospital"/>
    <tag k="healthcare:speciality" v="homeopathy"/>
    <tag k="name" v="Noble chemist"/>
    <tag k="operator" v="Noble pharmaceuticals"/>
    <tag k="operator:type" v="private"/>
  </node>
  <node id="11590822909" lat="19.2204634" lon="72.8583907">
    <tag k="addr:city" v="Mumbai"/>
    <tag k="addr:district" v="Mumbai"/>
    <tag k="addr:housenumber" v="123"/>
    <tag k="addr:street" v="Dattapada Road"/>
    <tag k="amenity" v="hospital"/>
    <tag k="healthcare" v="hospital"/>
    <tag k="healthcare:speciality" v="general;neurology"/>
    <tag k="name" v="Navjeevan"/>
    <tag k="operator" v="unknown"/>
    <tag k="operator:type" v="private"/>
  </node>
  <node id="11593466811" lat="19.2532453" lon="72.8502973">
    <tag k="amenity" v="hospital"/>
    <tag k="description" v="it is an entertainment zone"/>
    <tag k="healthcare" v="hospital"/>
    <tag k="name" v="battlefield"/>
    <tag k="source" v="local knowledge"/>
  </node>
  <node id="11613055038" lat="19.2066191" lon="72.8650557">
    <tag k="addr:city" v="mumbai"/>
    <tag k="addr:district" v="Mumbai"/>
    <tag k="addr:postcode" v="400101"/>
    <tag k="addr:street" v="Mahindra Flyover Western Express"/>
    <tag k="amenity" v="hospital"/>
    <tag k="emergency" v="yes"/>
    <tag k="healthcare" v="hospital"/>
    <tag k="healthcare:speciality" v="abortion;fertility"/>
    <tag k="name" v="tirupathi metarnal and general hospital"/>
    <tag k="opening_hours" v="Mo-Su 10:00-22:00"/>
    <tag k="operator" v="tirupathi private limited"/>
    <tag k="operator:type" v="private"/>
  </node>
  <node id="11617868277" lat="19.1245264" lon="72.9160425">
    <tag k="addr:city" v="Mumbai"/>
    <tag k="addr:district" v="Mumbai Suburban"/>
    <tag k="addr:postcode" v="400076"/>
    <tag k="addr:street" v="Adi Sankaracharya Marg"/>
    <tag k="amenity" v="hospital"/>
    <tag k="healthcare" v="hospital"/>
    <tag k="healthcare:speciality" v="otolaryngology"/>
    <tag k="name" v="dr.anjali's hospital"/>
    <tag k="opening_hours" v="Mo-Su 09:00-21:00"/>
    <tag k="operator" v="dr.anjali"/>
    <tag k="operator:type" v="private"/>
  </node>
  <node id="12150771601" lat="19.0588838" lon="72.8480068">
    <tag k="amenity" v="hospital"/>
    <tag k="healthcare" v="hospital"/>
    <tag k="name" v="Agarwal Children's Hospital"/>
    <tag k="outdoor_seating" v="no"/>
  </node>
  <node id="12311758511" lat="19.0845459" lon="72.9076150">
    <tag k="addr:district" v="Mumbai"/>
    <tag k="addr:full" v="Khokhani Lane, Opposite Ghatkopar Rly. Station, Ghatkopar"/>
    <tag k="addr:postcode" v="400077"/>
    <tag k="addr:state" v="Maharashtra"/>
    <tag k="amenity" v="hospital"/>
    <tag k="name" v="Parakh Hospital and Research Centre - Ghatkopar"/>
    <tag k="source" v="OpenGovernmentData"/>
  </node>
  <node id="12413297718" lat="19.0722491" lon="72.8450037">
    <tag k="amenity" v="hospital"/>
    <tag k="healthcare" v="hospital"/>
  </node>
  <node id="12415386367" lat="19.0726487" lon="72.8443905">
    <tag k="addr:city" v="mumbai santacruz"/>
    <tag k="addr:housenumber" v="2"/>
    <tag k="addr:postcode" v="400055"/>
    <tag k="addr:street" v="golibar road"/>
    <tag k="amenity" v="hospital"/>
    <tag k="healthcare" v="hospital"/>
    <tag k="name" v="sanjivani hospital"/>
    <tag k="opening_hours" v="24/7"/>
  </node>
  <node id="12555159227" lat="18.9666988" lon="72.8288189">
    <tag k="addr:city" v="Mumbai"/>
    <tag k="addr:district" v="Mumbai"/>
    <tag k="addr:housenumber" v="222"/>
    <tag k="addr:postcode" v="400008"/>
    <tag k="addr:street" v="Dimtimakar Road"/>
    <tag k="amenity" v="hospital"/>
    <tag k="email" v="sshaikh@gmail.com"/>
    <tag k="emergency" v="yes"/>
    <tag k="healthcare" v="hospital"/>
    <tag k="healthcare:speciality" v="dentist;ophthalmology;orthodontics;dermatology;biology;gynaecology;radiology;otolaryngology;orthopaedics;internal;osteopathy;plastic_surgery;chiropractic;physiotherapy;urology;general;cardiology;surgery;neurology;emergency;psychiatry;traditional_chinese_m"/>
    <tag k="name" v="siddiqui"/>
    <tag k="opening_hours" v="Mo-Su 09:00-21:00"/>
    <tag k="operator" v="iffat"/>
    <tag k="operator:type" v="public"/>
  </node>
  <node id="12560946824" lat="18.9232674" lon="72.8313860">
    <tag k="amenity" v="hospital"/>
    <tag k="check_date" v="2026-03-12"/>
    <tag k="healthcare" v="hospital"/>
    <tag k="name" v="Apollo Hospitals"/>
    <tag k="operator" v="Apollo Hospitals"/>
    <tag k="operator:type" v="private"/>
    <tag k="operator:wikidata" v="Q4780321"/>
  </node>
  <node id="12573856473" lat="18.9231434" lon="72.8274992">
    <tag k="addr:city" v="Mumbai"/>
    <tag k="addr:postcode" v="400021"/>
    <tag k="addr:street" v="Maharshi Karve Rd, Nariman Point"/>
    <tag k="amenity" v="hospital"/>
    <tag k="healthcare" v="hospital"/>
    <tag k="name" v="Indian Cancer Society"/>
  </node>
  <node id="12603333590" lat="18.9899194" lon="72.8414756">
    <tag k="addr:city" v="Mumbai"/>
    <tag k="addr:district" v="Mumbai"/>
    <tag k="addr:housenumber" v="36/2515 Abhyudayanagar Sagar Chs"/>
    <tag k="addr:postcode" v="400033"/>
    <tag k="addr:street" v="G D Ambedkar Marg (Parel Tank Road)"/>
    <tag k="amenity" v="hospital"/>
    <tag k="email" v="sattvapediatric@gmail.com"/>
    <tag k="healthcare" v="hospital"/>
    <tag k="healthcare:speciality" v="paediatrics;vaccination;neonatology;child_psychiatry"/>
    <tag k="image" v="https://lh3.googleusercontent.com/p/AF1QipNqWO4N20NhKCfqGCxIpUpdiu8KE_mlghX88Cle=s1360-w1360-h1020"/>
    <tag k="level" v="0"/>
    <tag k="mobile" v="+918655285545"/>
    <tag k="name" v="Sattva Pediatric - Dr. Rishabh K. Shah"/>
    <tag k="operator" v="Dr. Rishabh K. Shah"/>
    <tag k="operator:type" v="private"/>
    <tag k="payment:cards" v="yes"/>
    <tag k="payment:cash" v="yes"/>
    <tag k="payment:credit_cards" v="yes"/>
    <tag k="payment:debit_cards" v="yes"/>
    <tag k="payment:upi" v="yes"/>
    <tag k="website" v="https://www.google.com/search?gs_ssp=eJzj4tVP1zc0LE_LMTbILso1YLRSNagwTko1T04zNLO0MDAxNk0ytTKoMDExSzY3Tk42TkkyTDJMM_cSKE4sKSlLVChITclMLCnKTAYA7LAV0Q&amp;q=sattva+pediatric&amp;oq=sattva+pediat&amp;gs_lcrp=EgZjaHJvbWUqDQgBEC4YrwEYxwEYgAQyCggAEAAY4wIYgAQyDQgBEC4YrwEYxwE"/>
  </node>
  <node id="12688155437" lat="19.1059731" lon="72.8414741">
    <tag k="addr:city" v="Mumbai"/>
    <tag k="addr:country" v="IN"/>
    <tag k="addr:district" v="Mumbai"/>
    <tag k="addr:housenumber" v="201, Sapphire Plaza"/>
    <tag k="addr:postcode" v="400053"/>
    <tag k="addr:street" v="Dadabhai Road"/>
    <tag k="amenity" v="hospital"/>
    <tag k="description" v="Centre for Dermatology &amp; Lasers"/>
    <tag k="emergency" v="no"/>
    <tag k="healthcare" v="hospital"/>
    <tag k="healthcare:speciality" v="dermatology;dermatovenereology"/>
    <tag k="level" v="2"/>
    <tag k="mobile" v="+91-9136095925"/>
    <tag k="name" v="Auro Skin Clinic"/>
    <tag k="opening_hours" v="Mo-Sa 10:00-18:00"/>
    <tag k="operator" v="Dr Avina Jain"/>
    <tag k="operator:type" v="business"/>
    <tag k="payment:american_express" v="yes"/>
    <tag k="payment:cash" v="yes"/>
    <tag k="payment:contactless" v="yes"/>
    <tag k="payment:credit_cards" v="yes"/>
    <tag k="payment:debit_cards" v="yes"/>
    <tag k="payment:google_pay" v="yes"/>
    <tag k="payment:mastercard" v="yes"/>
    <tag k="payment:visa" v="yes"/>
    <tag k="website" v="https://www.auroskin.in"/>
  </node>
  <node id="13088720350" lat="19.1100931" lon="72.8642165">
    <tag k="amenity" v="hospital"/>
    <tag k="emergency" v="yes"/>
    <tag k="healthcare" v="hospital"/>
    <tag k="name" v="goel hospital"/>
  </node>
  <node id="13239425002" lat="19.2371999" lon="72.8620019">
    <tag k="addr:postcode" v="400066"/>
    <tag k="addr:street" v="Road No 10"/>
    <tag k="amenity" v="hospital"/>
    <tag k="name" v="Borivali Surgical Hospital LLP"/>
    <tag k="opening_hours" v="24/7"/>
    <tag k="phone" v="07977317163"/>
  </node>
  <node id="13294133382" lat="19.2068922" lon="72.8185123">
    <tag k="addr:city" v="Mumbai"/>
    <tag k="addr:district" v="Charkop Village"/>
    <tag k="addr:housenumber" v="Shop 1"/>
    <tag k="addr:postcode" v="400067"/>
    <tag k="addr:street" v="Charkop Gaon"/>
    <tag k="amenity" v="hospital"/>
    <tag k="emergency" v="yes"/>
    <tag k="healthcare" v="hospital"/>
    <tag k="healthcare:speciality" v="community"/>
    <tag k="name" v="Sirvi Medical"/>
    <tag k="operator" v="Suresh"/>
    <tag k="operator:type" v="private"/>
  </node>
  <node id="13377774440" lat="18.9192257" lon="72.8296146">
    <tag k="addr:city" v="mumbai"/>
    <tag k="addr:postcode" v="400005"/>
    <tag k="addr:street" v="s bharucha marg"/>
    <tag k="amenity" v="hospital"/>
    <tag k="healthcare" v="hospital"/>
    <tag k="healthcare:speciality" v="ophthalmology"/>
    <tag k="name" v="Kataria eye clinic"/>
    <tag k="operator" v="Mr. Kataria"/>
    <tag k="operator:type" v="private"/>
  </node>
  <node id="13430184140" lat="19.1624076" lon="72.8345101">
    <tag k="amenity" v="hospital"/>
    <tag k="healthcare" v="hospital"/>
    <tag k="name" v="GDHGDHGF"/>
  </node>
  <node id="13500782695" lat="19.1783947" lon="72.8511396">
    <tag k="addr:city" v="Mumbai"/>
    <tag k="addr:district" v="Mumbai"/>
    <tag k="addr:postcode" v="400097"/>
    <tag k="addr:street" v="Haji Bapu Patel Road"/>
    <tag k="amenity" v="hospital"/>
    <tag k="emergency" v="no"/>
    <tag k="healthcare" v="hospital"/>
    <tag k="healthcare:speciality" v="otolaryngology"/>
    <tag k="name" v="M.W. Desai Municipal Genreal Hospital"/>
  </node>
  <node id="13616879101" lat="19.2119715" lon="72.8669883">
    <tag k="addr:housenumber" v="6V68+QQ"/>
    <tag k="addr:postcode" v="400101"/>
    <tag k="addr:street" v="Surabhi House, Dimple Arcade, Asha Nagar Rd, behind Sai Dham, Kandivali, Gayatri Nagar, Asha Nagar"/>
    <tag k="amenity" v="hospital"/>
    <tag k="check_date" v="2026-03-04"/>
    <tag k="check_date:opening_hours" v="2026-03-04"/>
    <tag k="healthcare" v="hospital"/>
    <tag k="name" v="Seven Star Multispeciality Hospital"/>
    <tag k="name:hi" v="सेवन स्टार मल्टीस्पेशलिटी हॉस्पिटल"/>
    <tag k="opening_hours" v="24/7"/>
    <tag k="phone" v="+91 9137798431"/>
    <tag k="website" v="https://sevenstarhospital.in/"/>
  </node>
  <node id="13633845989" lat="19.0009418" lon="72.8386903">
    <tag k="addr:city" v="Mumbai"/>
    <tag k="addr:district" v="Mumbai"/>
    <tag k="addr:postcode" v="400012"/>
    <tag k="addr:street" v="Royal imperia building, Parmar guruji Marg, lane, next to Bharat bank, opposite to global hospital"/>
    <tag k="amenity" v="hospital"/>
    <tag k="healthcare" v="hospital"/>
    <tag k="healthcare:speciality" v="orthopaedic_and_spine_surgeon"/>
    <tag k="name" v="M J Speciality Clinic - Dr Manoj Jain"/>
    <tag k="website" v="https://www.drmanojjainortho.com/"/>
  </node>
  <node id="13805880401" lat="19.1272912" lon="72.8440998">
    <tag k="addr:city" v="Mumbai"/>
    <tag k="addr:district" v="Mumbai"/>
    <tag k="addr:housenumber" v="B-3,C-4 1st floor, Mayfair Meridien HSG Society"/>
    <tag k="addr:postcode" v="400058"/>
    <tag k="addr:street" v="Ceasar Road"/>
    <tag k="amenity" v="hospital"/>
    <tag k="emergency" v="no"/>
    <tag k="healthcare" v="hospital"/>
    <tag k="healthcare:speciality" v="proctology;piles;hernia;fistula;fissure;varicose_veins;pilondial_sinus"/>
    <tag k="name" v="Healing Hands Clinic - Andheri West, Mumbai"/>
    <tag k="website" v="https://www.healinghandsclinic.co.in/mumbai-location/piles-fistula-hospital-in-andheri-west/"/>
  </node>
  <node id="13996773101" lat="19.1034100" lon="72.8768021">
    <tag k="amenity" v="hospital"/>
    <tag k="check_date" v="2026-07-08"/>
    <tag k="healthcare" v="hospital"/>
    <tag k="name" v="Airport Health Organization"/>
  </node>
  <node id="14144253668" lat="19.2194740" lon="72.8375189">
    <tag k="addr:city" v="Mumbai"/>
    <tag k="addr:district" v="Mumbai Suburban"/>
    <tag k="addr:street" v="Chikoowadi Road"/>
    <tag k="amenity" v="hospital"/>
    <tag k="healthcare" v="hospital"/>
    <tag k="name" v="cruelty free cosmetics"/>
  </node>
  <node id="14144253669" lat="19.2201786" lon="72.8353533">
    <tag k="addr:city" v="Mumbai"/>
    <tag k="addr:district" v="mumbai subarban"/>
    <tag k="addr:postcode" v="400092"/>
    <tag k="addr:street" v="Chikoowadi Road"/>
    <tag k="amenity" v="hospital"/>
    <tag k="emergency" v="yes"/>
    <tag k="healthcare" v="hospital"/>
    <tag k="healthcare:speciality" v="dermatology"/>
    <tag k="name" v="cruelty free cosmetics"/>
    <tag k="operator" v="dr suresh"/>
    <tag k="operator:type" v="private"/>
  </node>
  <way id="31144296">
    <nd ref="346379239"/>
    <nd ref="346388855"/>
    <nd ref="2449757463"/>
    <nd ref="346388856"/>
    <nd ref="346388857"/>
    <nd ref="346379239"/>
    <tag k="addr:city" v="Mumbai"/>
    <tag k="addr:district" v="Mumbai"/>
    <tag k="addr:full" v="A-791, Bandra Reclamation, Bandra(W), Mumbai"/>
    <tag k="addr:postcode" v="400050"/>
    <tag k="addr:state" v="Maharashtra"/>
    <tag k="addr:street" v="KC Marg"/>
    <tag k="alt_name" v="Lilavati Hospital"/>
    <tag k="amenity" v="hospital"/>
    <tag k="email" v="info@lilavatihospital.com"/>
    <tag k="emergency" v="yes"/>
    <tag k="healthcare" v="hospital"/>
    <tag k="healthcare:speciality" v="cardiology;oncology;psychiatry;paediatrics;emergency;surgery;dermatology;neurology;rheumatology;endocrinology;nephrology;gastroenterology"/>
    <tag k="loc_name" v="Lilavati Hospital"/>
    <tag k="name" v="Lilavati Hospital and Research Centre"/>
    <tag k="name:en" v="Lilavati Hospital"/>
    <tag k="name:hi" v="लीलावती हॉस्पिटल"/>
    <tag k="operator" v="Lilavati Kirtilal Mehta Medical Trust"/>
    <tag k="operator:type" v="private"/>
    <tag k="phone" v="+91226666666"/>
    <tag k="source" v="OpenGovernmentData"/>
    <tag k="start_date" v="1997"/>
    <tag k="website" v="https://www.lilavatihospital.com/"/>
    <tag k="wikidata" v="Q6547573"/>
    <tag k="wikimedia_commons" v="Category:Lilavati Hospital"/>
    <tag k="wikipedia" v="en:Lilavati Hospital and Research Centre"/>
  </way>
  <way id="31213763">
    <nd ref="347168743"/>
    <nd ref="10242737058"/>
    <nd ref="2449734777"/>
    <nd ref="347168744"/>
    <nd ref="347168745"/>
    <nd ref="347168746"/>
    <nd ref="2449734759"/>
    <nd ref="2449734760"/>
    <nd ref="347168747"/>
    <nd ref="347168748"/>
    <nd ref="347168743"/>
    <tag k="addr:district" v="Mumbai"/>
    <tag k="addr:full" v="St.Andrew's Road,Bandra West,Bandra"/>
    <tag k="addr:postcode" v="400050"/>
    <tag k="addr:state" v="Maharashtra"/>
    <tag k="addr:street" v="St. Andrew Road"/>
    <tag k="amenity" v="hospital"/>
    <tag k="healthcare" v="hospital"/>
    <tag k="name" v="Holy Family Hospital, Mumbai"/>
    <tag k="opening_hours" v="Mo-Fr 08:00-17:00"/>
    <tag k="phone" v="(022 30610555 )"/>
    <tag k="source" v="OpenGovernmentData"/>
    <tag k="wikidata" v="Q5885495"/>
    <tag k="wikipedia" v="en:Holy Family Hospital, Mumbai"/>
  </way>
  <way id="39223162">
    <nd ref="469871436"/>
    <nd ref="469871437"/>
    <nd ref="469871439"/>
    <nd ref="469871440"/>
    <nd ref="469871442"/>
    <nd ref="469871451"/>
    <nd ref="469871456"/>
    <nd ref="469871460"/>
    <nd ref="469871436"/>
    <tag k="amenity" v="hospital"/>
    <tag k="building:levels" v="10"/>
    <tag k="emergency" v="yes"/>
    <tag k="healthcare" v="hospital"/>
    <tag k="name" v="ब्रीच कँडी हॉस्पिटल"/>
    <tag k="name:en" v="Breach Candy Hospital"/>
    <tag k="name:hi" v="ब्रीच कैंडी अस्पताल"/>
    <tag k="source" v="Yahoo"/>
    <tag k="wikidata" v="Q4959103"/>
    <tag k="wikipedia" v="en:Breach Candy Hospital"/>
  </way>
  <way id="39838498">
    <nd ref="477566128"/>
    <nd ref="477566136"/>
    <nd ref="477566141"/>
    <nd ref="477566145"/>
    <nd ref="477566128"/>
    <tag k="amenity" v="hospital"/>
    <tag k="building" v="apartments"/>
    <tag k="name" v="Ruxmani Lying in Hospital"/>
  </way>
  <way id="46269216">
    <nd ref="590745336"/>
    <nd ref="590745339"/>
    <nd ref="590745342"/>
    <nd ref="590745344"/>
    <nd ref="590745346"/>
    <nd ref="590745348"/>
    <nd ref="590745355"/>
    <nd ref="590745357"/>
    <nd ref="590745359"/>
    <nd ref="590745361"/>
    <nd ref="590745364"/>
    <nd ref="590745366"/>
    <nd ref="590745368"/>
    <nd ref="590745371"/>
    <nd ref="590745336"/>
    <tag k="amenity" v="hospital"/>
    <tag k="area" v="yes"/>
    <tag k="building" v="yes"/>
    <tag k="healthcare" v="hospital"/>
    <tag k="name" v="Karuna Hospital"/>
    <tag k="source" v="Yahoo"/>
  </way>
  <way id="46715024">
    <nd ref="597251889"/>
    <nd ref="12953580065"/>
    <nd ref="597251896"/>
    <nd ref="2175184786"/>
    <nd ref="12953580066"/>
    <nd ref="597251899"/>
    <nd ref="12953580061"/>
    <nd ref="12953580062"/>
    <nd ref="12953580063"/>
    <nd ref="597251889"/>
    <tag k="amenity" v="hospital"/>
    <tag k="healthcare" v="hospital"/>
    <tag k="name" v="Bombay Hospital"/>
    <tag k="name:en" v="Bombay Hospital"/>
    <tag k="name:hi" v="बॉम्बे हॉस्पिटल"/>
    <tag k="name:mr" v="बॉम्बे हॉस्पिटल"/>
    <tag k="source" v="Yahoo"/>
    <tag k="wikipedia" v="en:Bombay Hospital"/>
  </way>
  <way id="49681498">
    <nd ref="5792364461"/>
    <nd ref="4264834970"/>
    <nd ref="631493980"/>
    <nd ref="631493994"/>
    <nd ref="5792364462"/>
    <nd ref="5792364461"/>
    <tag k="addr:postcode" v="400022"/>
    <tag k="addr:street" v="Laxmibai Kelkar Marg"/>
    <tag k="amenity" v="hospital"/>
    <tag k="check_date" v="2026-03-20"/>
    <tag k="emergency" v="yes"/>
    <tag k="healthcare" v="hospital"/>
    <tag k="helipad" v="no"/>
    <tag k="name" v="Lokmanya Tilak Hospital"/>
    <tag k="name:etymology:wikidata" v="Q312555"/>
    <tag k="wikidata" v="Q6668710"/>
    <tag k="wikipedia" v="en:Lokmanya Tilak Municipal General Hospital"/>
  </way>
  <way id="50884815">
    <nd ref="648872854"/>
    <nd ref="648872855"/>
    <nd ref="2176228956"/>
    <nd ref="648872856"/>
    <nd ref="648872857"/>
    <nd ref="648872858"/>
    <nd ref="648872859"/>
    <nd ref="648872860"/>
    <nd ref="648872861"/>
    <nd ref="648872854"/>
    <tag k="addr:district" v="Mumbai"/>
    <tag k="addr:full" v="opp. C S T Railway Station,"/>
    <tag k="addr:postcode" v="400001"/>
    <tag k="addr:state" v="Maharashtra"/>
    <tag k="amenity" v="hospital"/>
    <tag k="building" v="yes"/>
    <tag k="healthcare" v="hospital"/>
    <tag k="name" v="St George Hospital"/>
    <tag k="source" v="OpenGovernmentData"/>
    <tag k="wikidata" v="Q7593225"/>
    <tag k="wikimedia_commons" v="Category:St George Hospital, Mumbai"/>
    <tag k="wikipedia" v="en:St George Hospital, Mumbai"/>
  </way>
  <way id="56199740">
    <nd ref="705199179"/>
    <nd ref="705199184"/>
    <nd ref="705199187"/>
    <nd ref="705199190"/>
    <nd ref="12781978288"/>
    <nd ref="705199179"/>
    <tag k="addr:city" v="Mumbai"/>
    <tag k="addr:district" v="Mumbai"/>
    <tag k="addr:full" v="15/17, Maharshi Karve Marg"/>
    <tag k="addr:postcode" v="400004"/>
    <tag k="addr:state" v="Maharashtra"/>
    <tag k="addr:street" v="Maharshi Karve Road"/>
    <tag k="amenity" v="hospital"/>
    <tag k="building" v="yes"/>
    <tag k="email" v="write@saifeehospital.com"/>
    <tag k="emergency" v="yes"/>
    <tag k="healthcare" v="hospital"/>
    <tag k="healthcare:speciality" v="general;gynaecology;cardiology;surgery"/>
    <tag k="name" v="Saifee Hospital"/>
    <tag k="name:en" v="Saifee Hospital"/>
    <tag k="name:etymology:wikidata" v="Q7675438"/>
    <tag k="operator:type" v="private"/>
    <tag k="source" v="OpenGovernmentData"/>
    <tag k="website" v="https://www.saifeehospital.com/"/>
    <tag k="wikidata" v="Q7400018"/>
    <tag k="wikimedia_commons" v="Category:Saifee Hospital"/>
    <tag k="wikipedia" v="en:Saifee Hospital"/>
  </way>
  <way id="107441511">
    <nd ref="620843079"/>
    <nd ref="620843080"/>
    <nd ref="1234815587"/>
    <nd ref="2175184827"/>
    <nd ref="1234815626"/>
    <nd ref="1234802670"/>
    <nd ref="1234802618"/>
    <nd ref="1234802690"/>
    <nd ref="620843078"/>
    <nd ref="1234802698"/>
    <nd ref="12953452842"/>
    <nd ref="1234802687"/>
    <nd ref="620843079"/>
    <tag k="amenity" v="hospital"/>
    <tag k="healthcare" v="hospital"/>
    <tag k="name" v="St George Hospital"/>
    <tag k="name:en" v="St. George's Hospital"/>
  </way>
  <way id="112781797">
    <nd ref="1650753918"/>
    <nd ref="1281204550"/>
    <nd ref="1281204569"/>
    <nd ref="1419256941"/>
    <nd ref="1419256929"/>
    <nd ref="1650753846"/>
    <nd ref="1650753852"/>
    <nd ref="1650753849"/>
    <nd ref="1650753844"/>
    <nd ref="1650753824"/>
    <nd ref="245660950"/>
    <nd ref="1650753851"/>
    <nd ref="1419256940"/>
    <nd ref="1650753918"/>
    <tag k="amenity" v="hospital"/>
    <tag k="healthcare" v="hospital"/>
    <tag k="historic" v="public"/>
    <tag k="name" v="Acworth Leper Asylum"/>
  </way>
  <way id="113561019">
    <nd ref="4292872567"/>
    <nd ref="1287645917"/>
    <nd ref="1287645846"/>
    <nd ref="1287645873"/>
    <nd ref="1287645899"/>
    <nd ref="1287645914"/>
    <nd ref="1287645875"/>
    <nd ref="4292873293"/>
    <nd ref="4292872582"/>
    <nd ref="4292872575"/>
    <nd ref="4292872573"/>
    <nd ref="4292872567"/>
    <tag k="amenity" v="hospital"/>
    <tag k="check_date" v="2026-03-20"/>
    <tag k="healthcare" v="hospital"/>
    <tag k="name" v="Mahatma Gandhi Memorial Hospital"/>
    <tag k="name:etymology:wikidata" v="Q1001"/>
  </way>
  <way id="113570522">
    <nd ref="3568776849"/>
    <nd ref="1287742597"/>
    <nd ref="1287742829"/>
    <nd ref="3568776847"/>
    <nd ref="3568776846"/>
    <nd ref="1287742602"/>
    <nd ref="1287742548"/>
    <nd ref="3568776850"/>
    <nd ref="3568776849"/>
    <tag k="addr:district" v="Mumbai"/>
    <tag k="addr:full" v="Mumbai"/>
    <tag k="addr:postcode" v="400001"/>
    <tag k="addr:state" v="Maharashtra"/>
    <tag k="amenity" v="hospital"/>
    <tag k="healthcare" v="hospital"/>
    <tag k="healthcare:speciality" v="radiology"/>
    <tag k="name" v="Tata Memorial Cancer Hospital"/>
    <tag k="source" v="OpenGovernmentData"/>
  </way>
  <way id="113576203">
    <nd ref="3568776823"/>
    <nd ref="1287742739"/>
    <nd ref="245659703"/>
    <nd ref="3568776839"/>
    <nd ref="3568776837"/>
    <nd ref="3568776836"/>
    <nd ref="3568776832"/>
    <nd ref="3568776829"/>
    <nd ref="3568776827"/>
    <nd ref="3568776826"/>
    <nd ref="3568776824"/>
    <nd ref="3568776814"/>
    <nd ref="5921458148"/>
    <nd ref="5848596593"/>
    <nd ref="3568776823"/>
    <tag k="addr:city" v="Mumbai"/>
    <tag k="addr:postcode" v="400012"/>
    <tag k="addr:street" v="Acharya Donde Marg"/>
    <tag k="amenity" v="hospital"/>
    <tag k="healthcare" v="hospital"/>
    <tag k="historic" v="public"/>
    <tag k="name" v="Haffkine Institute For Training, Research &amp; Testing"/>
    <tag k="old_name" v="Government House"/>
    <tag k="website" v="http://www.haffkineinstitute.org/"/>
  </way>
  <way id="113716576">
    <nd ref="11023548672"/>
    <nd ref="1625365308"/>
    <nd ref="1289162782"/>
    <nd ref="1625365313"/>
    <nd ref="1289162738"/>
    <nd ref="1289162630"/>
    <nd ref="1289162623"/>
    <nd ref="11023548672"/>
    <tag k="amenity" v="hospital"/>
    <tag k="healthcare" v="hospital"/>
    <tag k="name" v="Hinduja Clinic"/>
  </way>
  <way id="113716578">
    <nd ref="1289162909"/>
    <nd ref="11023548673"/>
    <nd ref="11023575824"/>
    <nd ref="9060925094"/>
    <nd ref="1289162838"/>
    <nd ref="11023548671"/>
    <nd ref="1289162869"/>
    <nd ref="1289162909"/>
    <tag k="amenity" v="hospital"/>
    <tag k="healthcare" v="hospital"/>
    <tag k="name" v="Hinduja Hospital"/>
  </way>
  <way id="116342799">
    <nd ref="1311768756"/>
    <nd ref="1311768755"/>
    <nd ref="1311768840"/>
    <nd ref="1311768874"/>
    <nd ref="1311768756"/>
    <tag k="addr:city" v="Wadala, Mumbai"/>
    <tag k="addr:full" v="Registered Office, Plot No 153, Major Parmeshwaran Road Road No 9, Opp Siws College Gate No 3, Wadala (West)"/>
    <tag k="addr:housenumber" v="Plot 153"/>
    <tag k="addr:postcode" v="400031"/>
    <tag k="addr:state" v="Maharashtra"/>
    <tag k="addr:street" v="Major R Parameswaran Road"/>
    <tag k="amenity" v="hospital"/>
    <tag k="building" v="yes"/>
    <tag k="healthcare:speciality" v="ophthalmology"/>
    <tag k="name" v="Aditya Jyot Eye Hospital"/>
    <tag k="source" v="OpenGovernmentData"/>
  </way>
  <way id="143950812">
    <nd ref="1575266025"/>
    <nd ref="1575266022"/>
    <nd ref="1575266020"/>
    <nd ref="1575266023"/>
    <nd ref="1575266025"/>
    <tag k="amenity" v="hospital"/>
    <tag k="healthcare" v="hospital"/>
    <tag k="name" v="Karbhari"/>
  </way>
  <way id="150485811">
    <nd ref="1633921606"/>
    <nd ref="1633921605"/>
    <nd ref="1633921603"/>
    <nd ref="1633921579"/>
    <nd ref="1633921609"/>
    <nd ref="1633921573"/>
    <nd ref="1633921606"/>
    <tag k="addr:district" v="Mumbai"/>
    <tag k="addr:full" v="15, Near Sophia College, Dr.G.Deshmukh Marg,Pedder Road, Cumballa Hill"/>
    <tag k="addr:postcode" v="400026"/>
    <tag k="addr:state" v="Maharashtra"/>
    <tag k="addr:street" v="Pedder Road (Gopalrao Deshmukh Marg)"/>
    <tag k="amenity" v="hospital"/>
    <tag k="emergency" v="yes"/>
    <tag k="healthcare" v="hospital"/>
    <tag k="name" v="Jaslok Hospital and Research Centre"/>
    <tag k="name:hi" v="जसलोक रुग्णालय"/>
    <tag k="source" v="OpenGovernmentData"/>
    <tag k="wikidata" v="Q6161662"/>
    <tag k="wikipedia" v="en:Jaslok Hospital"/>
  </way>
  <way id="150491113">
    <nd ref="1633985199"/>
    <nd ref="1633985129"/>
    <nd ref="1633985202"/>
    <nd ref="1633985153"/>
    <nd ref="1633985170"/>
    <nd ref="1633985121"/>
    <nd ref="1633985191"/>
    <nd ref="1633985126"/>
    <nd ref="1633985162"/>
    <nd ref="1633985205"/>
    <nd ref="1633985123"/>
    <nd ref="1633985155"/>
    <nd ref="1633985122"/>
    <nd ref="1633985199"/>
    <tag k="addr:city" v="Mumbai"/>
    <tag k="addr:housenumber" v="Kokilaben Dhirubhai Ambani Hospital,madha near gyan kendra schhool"/>
    <tag k="addr:postcode" v="400053"/>
    <tag k="addr:street" v="Jai Prakash Road"/>
    <tag k="amenity" v="hospital"/>
    <tag k="emergency" v="yes"/>
    <tag k="healthcare" v="hospital"/>
    <tag k="name" v="sathya udaiyar"/>
    <tag k="operator" v="sathya"/>
    <tag k="operator:type" v="public"/>
  </way>
  <way id="151806615">
    <nd ref="1646529838"/>
    <nd ref="1646529751"/>
    <nd ref="12666389528"/>
    <nd ref="12666389529"/>
    <nd ref="12666389530"/>
    <nd ref="12666389531"/>
    <nd ref="12666389532"/>
    <nd ref="12666389533"/>
    <nd ref="1646529753"/>
    <nd ref="1646529811"/>
    <nd ref="1646529838"/>
    <tag k="addr:city" v="Mumbai"/>
    <tag k="amenity" v="hospital"/>
    <tag k="building" v="apartments"/>
    <tag k="building:levels" v="15"/>
    <tag k="healthcare" v="hospital"/>
    <tag k="name" v="Lalita Girdhar (Hinduja Hospital)"/>
  </way>
  <way id="151861276">
    <nd ref="1647016139"/>
    <nd ref="1647016179"/>
    <nd ref="1647016153"/>
    <nd ref="1647016235"/>
    <nd ref="1647016241"/>
    <nd ref="1647016232"/>
    <nd ref="1647016218"/>
    <nd ref="1647016195"/>
    <nd ref="1647016149"/>
    <nd ref="1647016124"/>
    <nd ref="1647016109"/>
    <nd ref="1647016083"/>
    <nd ref="1647016121"/>
    <nd ref="6234352163"/>
    <nd ref="1647016063"/>
    <nd ref="1647016139"/>
    <tag k="amenity" v="hospital"/>
    <tag k="healthcare" v="hospital"/>
    <tag k="name" v="Mental Hospital"/>
  </way>
  <way id="152244251">
    <nd ref="1650708091"/>
    <nd ref="1650708088"/>
    <nd ref="1650708126"/>
    <nd ref="4292746805"/>
    <nd ref="4292746828"/>
    <nd ref="4292746829"/>
    <nd ref="1650708132"/>
    <nd ref="4292746785"/>
    <nd ref="1650708091"/>
    <tag k="amenity" v="hospital"/>
    <tag k="name" v="BPT Hospital"/>
  </way>
  <way id="152357350">
    <nd ref="1651803192"/>
    <nd ref="1651803190"/>
    <nd ref="1651803188"/>
    <nd ref="1651803187"/>
    <nd ref="1651803189"/>
    <nd ref="1651803191"/>
    <nd ref="1651803192"/>
    <tag k="amenity" v="hospital"/>
    <tag k="name" v="Holy Spirit Hospital"/>
    <tag k="wikidata" v="Q5886261"/>
    <tag k="wikipedia" v="en:Holy Spirit Hospital (Mumbai)"/>
  </way>
  <way id="154837118">
    <nd ref="1673075405"/>
    <nd ref="1673075410"/>
    <nd ref="1673075415"/>
    <nd ref="1673075409"/>
    <nd ref="1673075413"/>
    <nd ref="1673075411"/>
    <nd ref="1673075407"/>
    <nd ref="1673075406"/>
    <nd ref="1673075408"/>
    <nd ref="1673075412"/>
    <nd ref="1673075416"/>
    <nd ref="1673075414"/>
    <nd ref="1673075405"/>
    <tag k="addr:district" v="Mumbai"/>
    <tag k="addr:full" v="Kadamwadi, Off.St Anthony, St.Santacruz(East), Near Vishwakarma Samiti Hall"/>
    <tag k="addr:postcode" v="400098"/>
    <tag k="addr:state" v="Maharashtra"/>
    <tag k="amenity" v="hospital"/>
    <tag k="check_date" v="2026-03-21"/>
    <tag k="name" v="Niron Hospital and Research Center"/>
    <tag k="source" v="OpenGovernmentData"/>
  </way>
  <way id="202918725">
    <nd ref="2128608109"/>
    <nd ref="2128608120"/>
    <nd ref="2128608096"/>
    <nd ref="2128608094"/>
    <nd ref="2128608109"/>
    <tag k="addr:district" v="Mumbai"/>
    <tag k="addr:full" v="Raheja Rugnalaya Marg, Mahim (West)"/>
    <tag k="addr:postcode" v="400016"/>
    <tag k="addr:state" v="Maharashtra"/>
    <tag k="addr:street" v="SL Raheja Hospital Marg"/>
    <tag k="amenity" v="hospital"/>
    <tag k="healthcare" v="hospital"/>
    <tag k="name" v="S.L. Raheja Hospital"/>
    <tag k="name:en" v="S.L. Raheja Hospital"/>
    <tag k="source" v="OpenGovernmentData"/>
  </way>
  <way id="203215801">
    <nd ref="2131962452"/>
    <nd ref="2131962453"/>
    <nd ref="2131962451"/>
    <nd ref="2131962450"/>
    <nd ref="2131962452"/>
    <tag k="amenity" v="hospital"/>
    <tag k="name" v="Brihanmumbai Municipalty Hospital"/>
  </way>
  <way id="204886718">
    <nd ref="2148673134"/>
    <nd ref="2148673144"/>
    <nd ref="2148673135"/>
    <nd ref="2148673136"/>
    <nd ref="2148673121"/>
    <nd ref="2148673069"/>
    <nd ref="2148673071"/>
    <nd ref="2148673123"/>
    <nd ref="2148673134"/>
    <tag k="amenity" v="hospital"/>
    <tag k="building" v="yes"/>
    <tag k="name" v="Vimala Dermatological Centra"/>
  </way>
  <way id="206806614">
    <nd ref="2168562656"/>
    <nd ref="2168562645"/>
    <nd ref="2168562651"/>
    <nd ref="2168562655"/>
    <nd ref="2168562657"/>
    <nd ref="2168562656"/>
    <tag k="addr:district" v="Mumbai City"/>
    <tag k="addr:full" v="Maharshi Dadhichi Marg, Azad Maidan, Fort, Mumbai"/>
    <tag k="addr:postcode" v="400001"/>
    <tag k="addr:state" v="Maharastra"/>
    <tag k="amenity" v="hospital"/>
    <tag k="building" v="yes"/>
    <tag k="healthcare" v="hospital"/>
    <tag k="name" v="Atmasingh Jassasingh Bankebihar Municipal ENT Hospital"/>
    <tag k="old_name" v="Bombay City Improvement Trust Building"/>
    <tag k="source" v="Local Knowledge"/>
  </way>
  <way id="207319558">
    <nd ref="2175138608"/>
    <nd ref="2175138609"/>
    <nd ref="2175138610"/>
    <nd ref="2175138613"/>
    <nd ref="2175138615"/>
    <nd ref="2175138614"/>
    <nd ref="528736021"/>
    <nd ref="528735975"/>
    <nd ref="2175138608"/>
    <tag k="amenity" v="hospital"/>
    <tag k="check_date" v="2026-03-12"/>
    <tag k="healthcare" v="hospital"/>
    <tag k="name" v="Lady Willingdon Building"/>
  </way>
  <way id="207324961">
    <nd ref="2175184791"/>
    <nd ref="2175184789"/>
    <nd ref="2175184770"/>
    <nd ref="2175184773"/>
    <nd ref="2175184791"/>
    <tag k="addr:city" v="Mumbai"/>
    <tag k="addr:district" v="Mumbai"/>
    <tag k="addr:full" v="12, New Marine Lines, Marine Lines"/>
    <tag k="addr:postcode" v="400020"/>
    <tag k="addr:state" v="Maharashtra"/>
    <tag k="amenity" v="hospital"/>
    <tag k="building" v="apartments"/>
    <tag k="healthcare" v="hospital"/>
    <tag k="name" v="Bombay Hospital and Medical Research Center"/>
    <tag k="operator:type" v="private"/>
    <tag k="source" v="OpenGovernmentData"/>
    <tag k="website" v="https://www.bombayhospital.com/"/>
    <tag k="wikidata" v="Q4940562"/>
    <tag k="wikipedia" v="en:Bombay Hospital"/>
  </way>
  <way id="207376648">
    <nd ref="2176079850"/>
    <nd ref="2176079826"/>
    <nd ref="2176079878"/>
    <nd ref="2176079882"/>
    <nd ref="12989090972"/>
    <nd ref="12989090973"/>
    <nd ref="12989090974"/>
    <nd ref="12989090970"/>
    <nd ref="12953603613"/>
    <nd ref="2176079850"/>
    <tag k="addr:district" v="Mumbai"/>
    <tag k="addr:full" v="Mahapalika Marg, opp. Azad Maidan, Dhobi Talao, Chhatrapati Shivaji Terminus Area"/>
    <tag k="addr:postcode" v="400001"/>
    <tag k="addr:state" v="Maharashtra"/>
    <tag k="amenity" v="hospital"/>
    <tag k="check_date" v="2026-03-12"/>
    <tag k="emergency" v="yes"/>
    <tag k="healthcare" v="hospital"/>
    <tag k="landuse" v="yes"/>
    <tag k="name" v="Cama Hospital"/>
    <tag k="name:etymology:wikidata" v="Q21556664"/>
    <tag k="source" v="OpenGovernmentData"/>
    <tag k="wikidata" v="Q5024895"/>
    <tag k="wikimedia_commons" v="Category:Cama &amp; Albless Hospital"/>
    <tag k="wikipedia" v="en:Cama Hospital"/>
  </way>
  <way id="207376654">
    <nd ref="2176079965"/>
    <nd ref="2176080001"/>
    <nd ref="2176079967"/>
    <nd ref="2176079959"/>
    <nd ref="2176079925"/>
    <nd ref="2176079936"/>
    <nd ref="9056958183"/>
    <nd ref="2176079991"/>
    <nd ref="2176079997"/>
    <nd ref="2176079965"/>
    <tag k="addr:district" v="Mumbai"/>
    <tag k="addr:full" v="Near Police Commissioners Office, Lokmanya Tilak Road, G. P. O."/>
    <tag k="addr:postcode" v="400001"/>
    <tag k="addr:state" v="Maharashtra"/>
    <tag k="amenity" v="hospital"/>
    <tag k="healthcare" v="hospital"/>
    <tag k="name" v="गोकुळदास तेजपाल रुग्णालय"/>
    <tag k="name:en" v="Gokuldas Tejpal Hospital"/>
    <tag k="source" v="OpenGovernmentData"/>
  </way>
  <way id="229636994">
    <nd ref="2382047281"/>
    <nd ref="2382047297"/>
    <nd ref="2382047302"/>
    <nd ref="2382047292"/>
    <nd ref="2382047294"/>
    <nd ref="2382047282"/>
    <nd ref="2382047280"/>
    <nd ref="2382047271"/>
    <nd ref="2382047272"/>
    <nd ref="2382047276"/>
    <nd ref="2382047277"/>
    <nd ref="2382047275"/>
    <nd ref="2382047281"/>
    <tag k="addr:city" v="Mumbai"/>
    <tag k="addr:street" v="60 Feet Road"/>
    <tag k="amenity" v="hospital"/>
    <tag k="building" v="apartments"/>
    <tag k="healthcare" v="hospital"/>
    <tag k="name" v="Dharavi Hospital"/>
  </way>
  <way id="260786332">
    <nd ref="2663447659"/>
    <nd ref="11045755917"/>
    <nd ref="12625091014"/>
    <nd ref="12637821285"/>
    <nd ref="2663447657"/>
    <nd ref="2663447659"/>
    <tag k="addr:city" v="Mumbai"/>
    <tag k="addr:district" v="Mumbai"/>
    <tag k="addr:full" v="Kirol Road, Off LBS Road, Kurla (West)"/>
    <tag k="addr:housename" v="Kohinoor Hospital"/>
    <tag k="addr:postcode" v="400070"/>
    <tag k="addr:state" v="Maharashtra"/>
    <tag k="addr:street" v="Kirol Road, Off LBS Marg, Patelwadi"/>
    <tag k="amenity" v="hospital"/>
    <tag k="contact:phone" v="2267556766"/>
    <tag k="email" v="info@kohinoorhospitals.in"/>
    <tag k="healthcare" v="hospital"/>
    <tag k="name" v="Crtiti Care Asia Hospital"/>
    <tag k="operator:type" v="private"/>
    <tag k="source" v="OpenGovernmentData"/>
    <tag k="website" v="https://www.kohinoorhospitals.in/"/>
  </way>
  <way id="288426702">
    <nd ref="2919868260"/>
    <nd ref="2919868261"/>
    <nd ref="2919868262"/>
    <nd ref="2919868263"/>
    <nd ref="2919868260"/>
    <tag k="addr:city" v="Mumbai"/>
    <tag k="addr:district" v="Mumbai"/>
    <tag k="addr:full" v="8-10 S V Sovani Path Conwest Jain Clinic Chowk Khadilkar Road Girgaum"/>
    <tag k="addr:postcode" v="400004"/>
    <tag k="addr:state" v="Maharashtra"/>
    <tag k="addr:street" v="Kotachi Wadi"/>
    <tag k="amenity" v="hospital"/>
    <tag k="building" v="hospital"/>
    <tag k="building:levels" v="6"/>
    <tag k="healthcare" v="hospital"/>
    <tag k="healthcare:speciality" v="general"/>
    <tag k="name" v="Conwest And Manjula S. Badani Jain Hospital"/>
    <tag k="source" v="OpenGovernmentData"/>
    <tag k="website" v="https://www.cmjhospital.in/"/>
  </way>
  <way id="288446227">
    <nd ref="12904796701"/>
    <nd ref="12666377121"/>
    <nd ref="12666377122"/>
    <nd ref="12666377120"/>
    <nd ref="12666377119"/>
    <nd ref="8740874636"/>
    <nd ref="2920083397"/>
    <nd ref="2920084101"/>
    <nd ref="2920084103"/>
    <nd ref="13904524506"/>
    <nd ref="12904796701"/>
    <tag k="addr:city" v="Mumbai"/>
    <tag k="addr:district" v="Mumbai"/>
    <tag k="addr:full" v="Padmashri Gordhanbapa Chowk, Raja Ram Mohan Roy Road Girgaon"/>
    <tag k="addr:postcode" v="400004"/>
    <tag k="addr:state" v="Maharashtra"/>
    <tag k="addr:street" v="Raja Ram Mohan Roy Road (Charni Road)"/>
    <tag k="amenity" v="hospital"/>
    <tag k="building" v="hospital"/>
    <tag k="building:levels" v="15"/>
    <tag k="healthcare" v="hospital"/>
    <tag k="name" v="Sir H. N. Hospital &amp; Research Centre;Sir H.N Reliance foundation hospital"/>
    <tag k="outdoor_seating" v="no"/>
    <tag k="source" v="OpenGovernmentData"/>
    <tag k="wikidata" v="Q16892546"/>
    <tag k="wikimedia_commons" v="Category:Sir H. N. Reliance Foundation Hospital"/>
    <tag k="wikipedia" v="en:Sir H. N. Reliance Foundation Hospital"/>
  </way>
  <way id="315448033">
    <nd ref="3215654162"/>
    <nd ref="3215654163"/>
    <nd ref="1366795256"/>
    <nd ref="3226211962"/>
    <nd ref="3215654165"/>
    <nd ref="3215654162"/>
    <tag k="addr:district" v="Mumbai"/>
    <tag k="addr:full" v="Govandi Slums, Nirankar Nagar, Shivaji Nagar, Mumbai"/>
    <tag k="addr:postcode" v="400043"/>
    <tag k="addr:state" v="Maharashtra"/>
    <tag k="amenity" v="hospital"/>
    <tag k="check_date" v="2025-03-26"/>
    <tag k="name" v="Rajeev Gandhi Medical Centre"/>
    <tag k="name:etymology:wikidata" v="Q4593"/>
    <tag k="operator" v="GOVT Dr"/>
    <tag k="source" v="Local Knowledge"/>
  </way>
  <way id="315510913">
    <nd ref="10172914431"/>
    <nd ref="3216229177"/>
    <nd ref="3216229180"/>
    <nd ref="3216229181"/>
    <nd ref="10172914431"/>
    <tag k="addr:city" v="Mumbai"/>
    <tag k="addr:housenumber" v="Postal Colony"/>
    <tag k="addr:postcode" v="400071"/>
    <tag k="addr:street" v="Postal Colony Road"/>
    <tag k="amenity" v="hospital"/>
    <tag k="healthcare" v="hospital"/>
    <tag k="name" v="Maa General Hospital"/>
    <tag k="phone" v="+91 22 25220333"/>
  </way>
  <way id="318034230">
    <nd ref="3243945332"/>
    <nd ref="3243945333"/>
    <nd ref="3243945334"/>
    <nd ref="3243945335"/>
    <nd ref="3243945336"/>
    <nd ref="3243945337"/>
    <nd ref="3243945338"/>
    <nd ref="3243945332"/>
    <tag k="building" v="hospital"/>
    <tag k="healthcare" v="hospital"/>
    <tag k="name" v="HARILAL BHAGWATI MUNICIPAL GENERAL HOSPITAL"/>
  </way>
  <way id="352788940">
    <nd ref="3585585054"/>
    <nd ref="3585585055"/>
    <nd ref="3585584993"/>
    <nd ref="3585584992"/>
    <nd ref="3585585054"/>
    <tag k="addr:city" v="Mumbai"/>
    <tag k="addr:district" v="Mumbai Suburban"/>
    <tag k="addr:full" v="CTS 374 / B(21), Padma Nagar, Chikuwadi, Borivali West, Mumbai"/>
    <tag k="addr:housenumber" v="123"/>
    <tag k="addr:postcode" v="400092"/>
    <tag k="addr:state" v="Maharastra"/>
    <tag k="addr:street" v="Chikuwadi"/>
    <tag k="amenity" v="hospital"/>
    <tag k="email" v="xyz@gmail.com"/>
    <tag k="healthcare" v="hospital"/>
    <tag k="name" v="Phoenix Hospital"/>
    <tag k="source" v="Local Knowledge;gps"/>
  </way>
  <way id="352921869">
    <nd ref="3587090527"/>
    <nd ref="3587090496"/>
    <nd ref="3587090284"/>
    <nd ref="3587090292"/>
    <nd ref="3587090499"/>
    <nd ref="3587090514"/>
    <nd ref="3587090510"/>
    <nd ref="3587090521"/>
    <nd ref="3587090527"/>
    <tag k="amenity" v="hospital"/>
    <tag k="healthcare" v="hospital"/>
  </way>
  <way id="353139106">
    <nd ref="3589059696"/>
    <nd ref="3589059695"/>
    <nd ref="3589059694"/>
    <nd ref="3589059590"/>
    <nd ref="3589059585"/>
    <nd ref="12506146625"/>
    <nd ref="3589059586"/>
    <nd ref="12506146627"/>
    <nd ref="12506146624"/>
    <nd ref="12506146623"/>
    <nd ref="3589059589"/>
    <nd ref="3589059693"/>
    <nd ref="12506146630"/>
    <nd ref="12506146631"/>
    <nd ref="12506146632"/>
    <nd ref="12506146633"/>
    <nd ref="3589059696"/>
    <tag k="addr:city" v="Mumbai"/>
    <tag k="addr:district" v="MUMBAI"/>
    <tag k="addr:full" v="Hill Side Avenue, Hiranandani Gardens, Powai"/>
    <tag k="addr:postcode" v="400076"/>
    <tag k="addr:state" v="Maharashtra"/>
    <tag k="amenity" v="hospital"/>
    <tag k="building" v="yes"/>
    <tag k="contact:mobile" v="9619597757"/>
    <tag k="contact:phone" v="02225763355;02225763356;02225763357;02225763344;02225763311"/>
    <tag k="email" v="wecare@hiranandanihospital.org"/>
    <tag k="emergency" v="yes"/>
    <tag k="fax" v="022 25763344"/>
    <tag k="healthcare" v="hospital"/>
    <tag k="healthcare:speciality" v="cardiology"/>
    <tag k="name" v="Dr. L. H. Hiranandani Hospital"/>
    <tag k="opening_hours" v="Mo - Fr 10:00-20:00; Sa 10:00-14:00"/>
    <tag k="operator:type" v="private"/>
    <tag k="source" v="OpenGovernmentData"/>
    <tag k="website" v="https://www.hiranandanihospital.org"/>
  </way>
  <way id="353174274">
    <nd ref="3589399326"/>
    <nd ref="3589399327"/>
    <nd ref="3589399303"/>
    <nd ref="12632644744"/>
    <nd ref="12632644743"/>
    <nd ref="3589399323"/>
    <nd ref="12632644753"/>
    <nd ref="3589399326"/>
    <tag k="addr:city" v="mumbai"/>
    <tag k="addr:district" v="Mumbai"/>
    <tag k="addr:full" v="Sagar Palace B Wing, Sonapur Lane, F.P.P. Marg, Off L B S Marg, Kurla (W)"/>
    <tag k="addr:postcode" v="400070"/>
    <tag k="addr:state" v="Maharashtra"/>
    <tag k="addr:street" v="father peter periera road"/>
    <tag k="amenity" v="hospital"/>
    <tag k="building" v="yes"/>
    <tag k="building:levels" v="4"/>
    <tag k="healthcare" v="hospital"/>
    <tag k="name" v="City Hospital and Reserch Centre"/>
    <tag k="source" v="OpenGovernmentData"/>
  </way>
  <way id="353353382">
    <nd ref="7664032242"/>
    <nd ref="3591335949"/>
    <nd ref="3591335935"/>
    <nd ref="3591335934"/>
    <nd ref="13908596819"/>
    <nd ref="3591335932"/>
    <nd ref="13908596818"/>
    <nd ref="3591335933"/>
    <nd ref="13908596817"/>
    <nd ref="3591335931"/>
    <nd ref="7664032242"/>
    <tag k="addr:district" v="Mumbai City"/>
    <tag k="addr:full" v="Everest Building, 156, Tardeo Road, Tardeo, Mumbai"/>
    <tag k="addr:postcode" v="400034"/>
    <tag k="addr:state" v="Maharastra"/>
    <tag k="amenity" v="hospital"/>
    <tag k="building" v="hospital"/>
    <tag k="building:levels" v="10"/>
    <tag k="healthcare" v="hospital"/>
    <tag k="name" v="Apollo Spectra Hospitals"/>
    <tag k="source" v="Local Knowledge"/>
  </way>
  <way id="353378830">
    <nd ref="3591607452"/>
    <nd ref="3591607451"/>
    <nd ref="3591607438"/>
    <nd ref="3205767044"/>
    <nd ref="3591607444"/>
    <nd ref="3591607452"/>
    <tag k="addr:city" v="Mumbai"/>
    <tag k="addr:housenumber" v="Sector - 7, CGS Colony"/>
    <tag k="addr:postcode" v="400037"/>
    <tag k="addr:street" v="Sheikh Misari Road"/>
    <tag k="amenity" v="hospital"/>
    <tag k="check_date" v="2026-03-20"/>
    <tag k="healthcare" v="hospital"/>
    <tag k="name" v="Sanjeevni hospital"/>
  </way>
  <way id="353382920">
    <nd ref="3591661189"/>
    <nd ref="3591661450"/>
    <nd ref="3591661442"/>
    <nd ref="3591661175"/>
    <nd ref="3591661189"/>
    <tag k="addr:city" v="Mumbai"/>
    <tag k="addr:housenumber" v="M.M Medicial"/>
    <tag k="addr:postcode" v="400103"/>
    <tag k="addr:street" v="Holy Cross Road"/>
    <tag k="amenity" v="hospital"/>
    <tag k="building:levels" v="3"/>
    <tag k="healthcare" v="hospital"/>
    <tag k="name" v="M. M Medicial Clinic and OPD"/>
  </way>
  <way id="353418036">
    <nd ref="3591988763"/>
    <nd ref="3591988766"/>
    <nd ref="3591988786"/>
    <nd ref="3591988795"/>
    <nd ref="3591988762"/>
    <nd ref="3591988753"/>
    <nd ref="3591988758"/>
    <nd ref="3591988751"/>
    <nd ref="3591988763"/>
    <tag k="amenity" v="hospital"/>
    <tag k="healthcare" v="hospital"/>
  </way>
  <way id="353426775">
    <nd ref="3592053136"/>
    <nd ref="3592053135"/>
    <nd ref="3592053137"/>
    <nd ref="3592053138"/>
    <nd ref="2308143720"/>
    <nd ref="3592053124"/>
    <nd ref="3592053117"/>
    <nd ref="3592053118"/>
    <nd ref="3592053121"/>
    <nd ref="3592053122"/>
    <nd ref="3592053119"/>
    <nd ref="3592053120"/>
    <nd ref="3592053126"/>
    <nd ref="3592053127"/>
    <nd ref="3592053131"/>
    <nd ref="3592053130"/>
    <nd ref="3592053133"/>
    <nd ref="3592053134"/>
    <nd ref="3592053136"/>
    <tag k="addr:district" v="Mumbai"/>
    <tag k="addr:full" v="Ashoka Place, First Floor, Makranipada Road, Off Jitendra Road, Malad East"/>
    <tag k="addr:postcode" v="400097"/>
    <tag k="addr:state" v="Maharashtra"/>
    <tag k="amenity" v="hospital"/>
    <tag k="building" v="hospital"/>
    <tag k="emergency" v="yes"/>
    <tag k="name" v="Ashoka General Hospital I.C.C.U and Maternity Home"/>
    <tag k="source" v="OpenGovernmentData"/>
  </way>
  <way id="353772277">
    <nd ref="3595847706"/>
    <nd ref="3595847707"/>
    <nd ref="3595847282"/>
    <nd ref="3595847281"/>
    <nd ref="3595847706"/>
    <tag k="amenity" v="hospital"/>
    <tag k="healthcare" v="hospital"/>
    <tag k="name" v="Maru Hospital"/>
  </way>
  <way id="353785599">
    <nd ref="3595939163"/>
    <nd ref="3595939158"/>
    <nd ref="3595939152"/>
    <nd ref="3595939156"/>
    <nd ref="3595939149"/>
    <nd ref="3595939148"/>
    <nd ref="3595939146"/>
    <nd ref="3595939150"/>
    <nd ref="3595939153"/>
    <nd ref="3595939151"/>
    <nd ref="3595939159"/>
    <nd ref="3595939157"/>
    <nd ref="3595939161"/>
    <nd ref="3595939162"/>
    <nd ref="3595939163"/>
    <tag k="addr:city" v="Kanjur Marg (E)"/>
    <tag k="addr:district" v="Mumbai"/>
    <tag k="addr:housenumber" v="above kalpatru building"/>
    <tag k="addr:postcode" v="400042"/>
    <tag k="addr:street" v="Veer Savarkar Road"/>
    <tag k="amenity" v="hospital"/>
    <tag k="emergency" v="yes"/>
    <tag k="healthcare" v="hospital"/>
    <tag k="healthcare:speciality" v="general;maternity;clinical_pathology"/>
    <tag k="name" v="Aniket Nursing Home"/>
  </way>
  <way id="353799754">
    <nd ref="7064927063"/>
    <nd ref="3596054661"/>
    <nd ref="3596054649"/>
    <nd ref="3596054653"/>
    <nd ref="7064927063"/>
    <tag k="addr:district" v="Mumbai"/>
    <tag k="addr:full" v="Victoria Road, Cross Lane No.Iii, Byculla (E)"/>
    <tag k="addr:postcode" v="400027"/>
    <tag k="addr:state" v="Maharashtra"/>
    <tag k="amenity" v="hospital"/>
    <tag k="name" v="Balaji Hospital"/>
    <tag k="source" v="OpenGovernmentData"/>
  </way>
  <way id="353815190">
    <nd ref="3596174444"/>
    <nd ref="3642528551"/>
    <nd ref="3642528546"/>
    <nd ref="3642528547"/>
    <nd ref="3642528552"/>
    <nd ref="3596174445"/>
    <nd ref="3596174405"/>
    <nd ref="3596174404"/>
    <nd ref="3596174444"/>
    <tag k="addr:street" v="turel pakhadi road"/>
    <tag k="amenity" v="hospital"/>
    <tag k="healthcare" v="hospital"/>
    <tag k="name" v="janhavi nursing home"/>
  </way>
  <way id="353981991">
    <nd ref="3597683650"/>
    <nd ref="3597683655"/>
    <nd ref="3597683642"/>
    <nd ref="3597683646"/>
    <nd ref="3597683653"/>
    <nd ref="3597683659"/>
    <nd ref="3597683640"/>
    <nd ref="3597683636"/>
    <nd ref="3597683650"/>
    <tag k="amenity" v="hospital"/>
    <tag k="check_date" v="2026-03-21"/>
    <tag k="healthcare" v="hospital"/>
    <tag k="healthcare:speciality" v="general"/>
    <tag k="name" v="Kaizen Quro"/>
  </way>
  <way id="354802397">
    <nd ref="3604756977"/>
    <nd ref="3604756979"/>
    <nd ref="3604756953"/>
    <nd ref="3604756952"/>
    <nd ref="3604756954"/>
    <nd ref="3604756955"/>
    <nd ref="3604756974"/>
    <nd ref="3604756973"/>
    <nd ref="3604756977"/>
    <tag k="addr:city" v="Mumbai"/>
    <tag k="addr:district" v="Mumbai Suburban"/>
    <tag k="addr:postcode" v="400063"/>
    <tag k="addr:street" v="Film City Road"/>
    <tag k="amenity" v="hospital"/>
    <tag k="emergency" v="yes"/>
    <tag k="healthcare" v="hospital"/>
    <tag k="healthcare:speciality" v="emergency;dental_oral_maxillo_facial_surgery;psychiatry"/>
    <tag k="name" v="Radha Krishna Hospital"/>
  </way>
  <way id="356207236">
    <nd ref="3616964890"/>
    <nd ref="3616964885"/>
    <nd ref="3616964873"/>
    <nd ref="3616964876"/>
    <nd ref="3616964890"/>
    <tag k="addr:city" v="Mumbai"/>
    <tag k="addr:district" v="Mumbai"/>
    <tag k="addr:postcode" v="400009"/>
    <tag k="addr:street" v="A N Surve Marg (Umerkhadi Road)"/>
    <tag k="amenity" v="hospital"/>
    <tag k="emergency" v="yes"/>
    <tag k="healthcare" v="hospital"/>
    <tag k="healthcare:speciality" v="gynaecology;radiology;orthodontics;emergency;maternity"/>
    <tag k="name" v="umerkhadi hospital"/>
  </way>
  <way id="356531751">
    <nd ref="3619454231"/>
    <nd ref="3619454234"/>
    <nd ref="3619454222"/>
    <nd ref="3619454221"/>
    <nd ref="3619454231"/>
    <tag k="addr:city" v="Mumbai"/>
    <tag k="addr:postcode" v="400059"/>
    <tag k="addr:street" v="Maroshi Village Road, vijay nagar LT"/>
    <tag k="amenity" v="hospital"/>
    <tag k="healthcare" v="hospital"/>
    <tag k="name" v="Gokul maternity and Surgical home"/>
  </way>
  <way id="356531771">
    <nd ref="3619454172"/>
    <nd ref="3619454171"/>
    <nd ref="3619454151"/>
    <nd ref="3619454153"/>
    <nd ref="3619454172"/>
    <tag k="addr:city" v="Mumbai"/>
    <tag k="addr:housenumber" v="LT 3/2+3+4 Sushrut Maternity Hospital, Ground Floor, Vijay Nagar"/>
    <tag k="addr:postcode" v="400059"/>
    <tag k="addr:street" v="Marol Maroshi Village Road"/>
    <tag k="amenity" v="hospital"/>
    <tag k="description" v="The Vein Center is a chain vascular clinic located in Mumbai, India that specializes in the diagnosis and treatment of varicose vein related disorders. As a vascular interventional radiology center, it offers a range of services for the non-surgical treat"/>
    <tag k="emergency" v="yes"/>
    <tag k="healthcare" v="hospital"/>
    <tag k="healthcare:speciality" v="vascular_surgery"/>
    <tag k="name" v="The Vein Center Andheri"/>
    <tag k="operator" v="Dr Joshi Vein Center LLP"/>
    <tag k="operator:type" v="private"/>
    <tag k="phone" v="+918080866266"/>
    <tag k="source" v="local knowledge"/>
    <tag k="start_date" v="2013-01-03"/>
    <tag k="website" v="https://tvcm.in"/>
  </way>
  <way id="357360289">
    <nd ref="3626442953"/>
    <nd ref="3626442946"/>
    <nd ref="3626442910"/>
    <nd ref="3626442917"/>
    <nd ref="3626442953"/>
    <tag k="addr:city" v="Mumbai"/>
    <tag k="addr:district" v="Mumbai"/>
    <tag k="addr:housenumber" v="43"/>
    <tag k="addr:postcode" v="400016"/>
    <tag k="addr:street" v="Takandas H. Kataria Marg"/>
    <tag k="amenity" v="hospital"/>
    <tag k="emergency" v="yes"/>
    <tag k="healthcare" v="hospital"/>
    <tag k="healthcare:speciality" v="general"/>
    <tag k="name" v="smriti narvekar"/>
    <tag k="opening_hours" v="Mo-Fr 08:00-17:00"/>
  </way>
  <way id="357472226">
    <nd ref="3627071291"/>
    <nd ref="3627071318"/>
    <nd ref="3627071313"/>
    <nd ref="3627071289"/>
    <nd ref="3627071291"/>
    <tag k="addr:city" v="Mumbai"/>
    <tag k="addr:housenumber" v="301-302 Prabath Chambers, Plot No 92"/>
    <tag k="addr:postcode" v="400052"/>
    <tag k="addr:street" v="Swami Vivekanand Road"/>
    <tag k="amenity" v="hospital"/>
    <tag k="building" v="commercial"/>
    <tag k="description" v="The Vein Center is a chain vascular clinic located in Mumbai, India that specializes in the diagnosis and treatment of varicose vein related disorders. As a vascular interventional radiology center, it offers a range of services for the non-surgical treat"/>
    <tag k="emergency" v="yes"/>
    <tag k="healthcare" v="hospital"/>
    <tag k="healthcare:speciality" v="vascular_surgery"/>
    <tag k="image" v="https://tvcm.in/wp-content/uploads/2023/03/The-Vein-Center-Mumbai-Khar-West-Clinic-Building.png"/>
    <tag k="name" v="The Vein Center Mumbai"/>
    <tag k="operator" v="Dr Joshi Vein Center LLP"/>
    <tag k="operator:type" v="private"/>
    <tag k="phone" v="+91 8080866266"/>
    <tag k="start_date" v="2008-01-03"/>
    <tag k="website" v="https://tvcm.in"/>
  </way>
  <way id="359075839">
    <nd ref="3638695765"/>
    <nd ref="3638695763"/>
    <nd ref="9384322539"/>
    <nd ref="3638695753"/>
    <nd ref="3638695754"/>
    <nd ref="9384322540"/>
    <nd ref="3638695765"/>
    <tag k="amenity" v="hospital"/>
    <tag k="healthcare" v="hospital"/>
  </way>
  <way id="395048290">
    <nd ref="3979327153"/>
    <nd ref="3979327152"/>
    <nd ref="3979327151"/>
    <nd ref="9507341378"/>
    <nd ref="3979327149"/>
    <nd ref="3979327153"/>
    <tag k="addr:city" v="mumbai"/>
    <tag k="addr:postcode" v="400053"/>
    <tag k="addr:street" v="N Dutta Road"/>
    <tag k="amenity" v="hospital"/>
    <tag k="building" v="yes"/>
    <tag k="healthcare" v="hospital"/>
    <tag k="name" v="Thunga"/>
  </way>
  <way id="411617420">
    <nd ref="4132480380"/>
    <nd ref="9327764518"/>
    <nd ref="9311772367"/>
    <nd ref="9311772366"/>
    <nd ref="4132480381"/>
    <nd ref="11021399248"/>
    <nd ref="4132480382"/>
    <nd ref="9340776353"/>
    <nd ref="9327764517"/>
    <nd ref="4132480383"/>
    <nd ref="9327764516"/>
    <nd ref="9340776354"/>
    <nd ref="4132480380"/>
    <tag k="addr:city" v="Mumbai"/>
    <tag k="addr:postcode" v="400088"/>
    <tag k="addr:street" v="Waman Tukaram Patil Marg (Ghatkopar Sewri Wadala Road)"/>
    <tag k="amenity" v="hospital"/>
    <tag k="emergency" v="yes"/>
    <tag k="healthcare" v="hospital"/>
    <tag k="name" v="Shatabdi Hospital"/>
    <tag k="operator" v="Municipal Corporation of Greater Mumbai"/>
    <tag k="phone" v="+912225564069, +912225564070"/>
  </way>
  <way id="430029987">
    <nd ref="4292873312"/>
    <nd ref="4292873313"/>
    <nd ref="4292873311"/>
    <nd ref="4292873310"/>
    <nd ref="4292873312"/>
    <tag k="addr:district" v="Mumbai"/>
    <tag k="addr:full" v="Parel"/>
    <tag k="addr:postcode" v="400012"/>
    <tag k="addr:state" v="Maharashtra"/>
    <tag k="amenity" v="hospital"/>
    <tag k="check_date" v="2026-03-20"/>
    <tag k="healthcare" v="hospital"/>
    <tag k="name" v="K B H B Charitable Ophthalmic and E.N.T Hospital"/>
    <tag k="source" v="OpenGovernmentData"/>
  </way>
  <way id="430223744">
    <nd ref="4294951725"/>
    <nd ref="2575614699"/>
    <nd ref="4294951748"/>
    <nd ref="4294951742"/>
    <nd ref="4294951714"/>
    <nd ref="4294951717"/>
    <nd ref="4294951721"/>
    <nd ref="4294951723"/>
    <nd ref="4294951724"/>
    <nd ref="4294951725"/>
    <tag k="addr:district" v="Mumbai"/>
    <tag k="addr:full" v="Dr. B.A.Ambedkar Central Railway Hospital, Opp. Ranibag, BYCULLA MUMBAI"/>
    <tag k="addr:postcode" v="400027"/>
    <tag k="addr:state" v="Maharashtra"/>
    <tag k="amenity" v="hospital"/>
    <tag k="description" v="Civil Hospital/General Hospital"/>
    <tag k="healthcare" v="hospital"/>
    <tag k="name" v="Dr. Babasaheb Ambedkar Memorial Central Railway Hospital"/>
    <tag k="name:etymology:wikidata" v="Q231690"/>
    <tag k="source" v="OpenGovernmentData"/>
    <tag k="wheelchair" v="yes"/>
  </way>
  <way id="430418378">
    <nd ref="10779234879"/>
    <nd ref="4297017108"/>
    <nd ref="4297017109"/>
    <nd ref="5510255905"/>
    <nd ref="4297000114"/>
    <nd ref="4297017111"/>
    <nd ref="4297017114"/>
    <nd ref="4297017113"/>
    <nd ref="4297017112"/>
    <nd ref="4297017110"/>
    <nd ref="5506320962"/>
    <nd ref="10779234880"/>
    <nd ref="10779234879"/>
    <tag k="addr:district" v="Mumbai"/>
    <tag k="addr:full" v="G / N Block, Bandra Kurla Complex, Bandra (E)"/>
    <tag k="addr:postcode" v="400051"/>
    <tag k="addr:state" v="Maharashtra"/>
    <tag k="amenity" v="hospital"/>
    <tag k="email" v="info@ahirc.com"/>
    <tag k="healthcare" v="hospital"/>
    <tag k="healthcare:speciality" v="cardiology"/>
    <tag k="name" v="Asian Heart Institute"/>
    <tag k="operator:type" v="private"/>
    <tag k="source" v="OpenGovernmentData"/>
    <tag k="website" v="https://www.asianheartinstitute.org/"/>
  </way>
  <way id="436606769">
    <nd ref="3546099443"/>
    <nd ref="4344894369"/>
    <nd ref="4344894376"/>
    <nd ref="4344894373"/>
    <nd ref="4344894379"/>
    <nd ref="4344894381"/>
    <nd ref="4344894382"/>
    <nd ref="4344894387"/>
    <nd ref="4344894389"/>
    <nd ref="4344894392"/>
    <nd ref="4344894394"/>
    <nd ref="4344894395"/>
    <nd ref="4344894390"/>
    <nd ref="4344894386"/>
    <nd ref="3546099443"/>
    <tag k="addr:city" v="mumbai"/>
    <tag k="addr:district" v="Mumbai"/>
    <tag k="addr:full" v="Pirojshanagar, Vikhroli(E)"/>
    <tag k="addr:postcode" v="400083"/>
    <tag k="addr:state" v="Maharashtra"/>
    <tag k="addr:street" v="Pirojsha Godrej Marg"/>
    <tag k="amenity" v="hospital"/>
    <tag k="healthcare" v="hospital"/>
    <tag k="name" v="Godrej Memorial Hospital, Mumbai"/>
    <tag k="source" v="OpenGovernmentData"/>
  </way>
  <way id="554967613">
    <nd ref="5355278566"/>
    <nd ref="5355278565"/>
    <nd ref="5355278564"/>
    <nd ref="5355278563"/>
    <nd ref="5355278562"/>
    <nd ref="5355278561"/>
    <nd ref="5355278566"/>
    <tag k="addr:city" v="Mumbai"/>
    <tag k="addr:district" v="Mumbai"/>
    <tag k="addr:full" v="Hindu Hruday Samrat Balasaheb Thackerey Trauma Care, Opposite Jogeshwari Vikhroli Link Road, Jogeshwari East"/>
    <tag k="addr:postcode" v="400060"/>
    <tag k="addr:state" v="Maharashtra"/>
    <tag k="addr:street" v="Western Express Highway"/>
    <tag k="amenity" v="hospital"/>
    <tag k="healthcare" v="hospital"/>
    <tag k="healthcare:speciality" v="trauma"/>
    <tag k="name" v="Hindu Hruday Samrat Balasaheb Thackerey Trauma Care Municipal Hospital"/>
    <tag k="name:etymology:wikidata" v="Q61193"/>
    <tag k="opening_hours" v="Mo-Su 07:00-23:00"/>
    <tag k="source" v="OpenGovernmentData"/>
  </way>
  <way id="618791586">
    <nd ref="5848596594"/>
    <nd ref="5848596595"/>
    <nd ref="5848596596"/>
    <nd ref="1287742739"/>
    <nd ref="3568776823"/>
    <nd ref="5848596627"/>
    <nd ref="5848596594"/>
    <tag k="addr:district" v="Mumbai"/>
    <tag k="addr:full" v="Acharya Donde Marg, Parel East, Parel"/>
    <tag k="addr:postcode" v="400012"/>
    <tag k="addr:state" v="Maharashtra"/>
    <tag k="amenity" v="hospital"/>
    <tag k="check_date" v="2026-03-20"/>
    <tag k="healthcare" v="hospital"/>
    <tag k="healthcare:speciality" v="paediatrics"/>
    <tag k="name" v="Nowrosjee Wadia Maternity Hospital"/>
    <tag k="source" v="OpenGovernmentData"/>
  </way>
  <way id="627628780">
    <nd ref="1856751380"/>
    <nd ref="5924793790"/>
    <nd ref="5924793789"/>
    <nd ref="5924793788"/>
    <nd ref="5924793787"/>
    <nd ref="5924793786"/>
    <nd ref="5924793785"/>
    <nd ref="5924793684"/>
    <nd ref="9887624720"/>
    <nd ref="5924793682"/>
    <nd ref="1856751380"/>
    <tag k="addr:district" v="Mumbai"/>
    <tag k="addr:full" v="Mulund Goregaon Link Road"/>
    <tag k="addr:postcode" v="400078"/>
    <tag k="addr:state" v="Maharashtra"/>
    <tag k="amenity" v="hospital"/>
    <tag k="email" v="enquiries@fortishospitals.in"/>
    <tag k="emergency" v="yes"/>
    <tag k="name" v="Fortis Hospitals"/>
    <tag k="operator:type" v="private"/>
    <tag k="source" v="OpenGovernmentData"/>
    <tag k="website" v="www.fortishospitals.com"/>
  </way>
  <way id="627628785">
    <nd ref="5924793806"/>
    <nd ref="5924793805"/>
    <nd ref="5924793804"/>
    <nd ref="5924793803"/>
    <nd ref="5924793802"/>
    <nd ref="5924793799"/>
    <nd ref="5924793798"/>
    <nd ref="2045673883"/>
    <nd ref="5924793806"/>
    <tag k="addr:city" v="Mulund (West)"/>
    <tag k="addr:postcode" v="400080"/>
    <tag k="amenity" v="hospital"/>
    <tag k="healthcare" v="hospital"/>
    <tag k="landuse" v="Hospital"/>
    <tag k="name" v="ESIS Hospital"/>
  </way>
  <way id="628785880">
    <nd ref="1348867390"/>
    <nd ref="5936647142"/>
    <nd ref="5936647141"/>
    <nd ref="5936647140"/>
    <nd ref="5936647139"/>
    <nd ref="5936647134"/>
    <nd ref="1348867388"/>
    <nd ref="1348867390"/>
    <tag k="addr:district" v="Mumbai"/>
    <tag k="addr:full" v="MIDC Centre Road, Near Police Station, MIDC, Andheri(E)"/>
    <tag k="addr:postcode" v="400093"/>
    <tag k="addr:state" v="Maharashtra"/>
    <tag k="healthcare" v="hospital"/>
    <tag k="landuse" v="hospital"/>
    <tag k="name" v="ESIC Model Hospital"/>
    <tag k="source" v="OpenGovernmentData"/>
  </way>
  <way id="628890939">
    <nd ref="5937631038"/>
    <nd ref="5937631037"/>
    <nd ref="5937631036"/>
    <nd ref="5937631035"/>
    <nd ref="5937631034"/>
    <nd ref="5937631033"/>
    <nd ref="5937631032"/>
    <nd ref="5937631031"/>
    <nd ref="5937631038"/>
    <tag k="amenity" v="hospital"/>
    <tag k="name" v="Aarey Hospital"/>
  </way>
  <way id="632266782">
    <nd ref="3224698401"/>
    <nd ref="5969984651"/>
    <nd ref="5969984650"/>
    <nd ref="5969984649"/>
    <nd ref="3224698401"/>
    <tag k="addr:city" v="Mulund (East)"/>
    <tag k="addr:district" v="Mumbai"/>
    <tag k="addr:full" v="V.D.Sawarkar Mun.Gen. Hospital, Mulund East Mumbai 81"/>
    <tag k="addr:postcode" v="400081"/>
    <tag k="addr:state" v="Maharashtra"/>
    <tag k="addr:street" v="Mahatma Phule Marg"/>
    <tag k="amenity" v="hospital"/>
    <tag k="description" v="Sub District Hospital"/>
    <tag k="healthcare" v="hospital"/>
    <tag k="name" v="V.D. SAWARKAR HOSPITAL"/>
    <tag k="opening_hours" v="24/7"/>
    <tag k="source" v="OpenGovernmentData"/>
  </way>
  <way id="665481038">
    <nd ref="6228730402"/>
    <nd ref="347120067"/>
    <nd ref="6228754300"/>
    <nd ref="6228730401"/>
    <nd ref="6228730400"/>
    <nd ref="6228730399"/>
    <nd ref="6228730402"/>
    <tag k="addr:district" v="Mumbai"/>
    <tag k="addr:full" v="K.B.Bhabha Municipal General Hospital, Waterfield Road, Bandra (W)"/>
    <tag k="addr:postcode" v="400050"/>
    <tag k="addr:state" v="Maharashtra"/>
    <tag k="amenity" v="hospital"/>
    <tag k="full_name" v="Khurshitji Beharamji Bhabha Municipal General Hospital"/>
    <tag k="full_name:en" v="Khurshitji Beharamji Bhabha Municipal General Hospital"/>
    <tag k="healthcare" v="hospital"/>
    <tag k="name" v="K B Bhabha Municipal General Hospital"/>
    <tag k="official_name" v="K B Bhabha Municipal General Hospital"/>
    <tag k="official_name:en" v="K B Bhabha Municipal General Hospital"/>
    <tag k="phone" v="+912226422775"/>
    <tag k="short_name" v="Bhabha Hospital"/>
    <tag k="short_name:en" v="Bhabha Hospital"/>
    <tag k="source" v="OpenGovernmentData"/>
    <tag k="wikidata" v="Q4900481"/>
    <tag k="wikipedia" v="en:Bhabha Hospital"/>
  </way>
  <way id="665670055">
    <nd ref="4119440289"/>
    <nd ref="6230922851"/>
    <nd ref="6230922850"/>
    <nd ref="6230922852"/>
    <nd ref="4119440289"/>
    <tag k="addr:district" v="Mumbai"/>
    <tag k="addr:full" v="Alhad 185-R, P.K. Road, Opposite Sports Complex, Mulund (W)"/>
    <tag k="addr:postcode" v="400080"/>
    <tag k="addr:state" v="Maharashtra"/>
    <tag k="amenity" v="hospital"/>
    <tag k="name" v="Aditi Hospital"/>
    <tag k="source" v="OpenGovernmentData"/>
  </way>
  <way id="665670056">
    <nd ref="6230922856"/>
    <nd ref="6230922854"/>
    <nd ref="6230922853"/>
    <nd ref="6230922855"/>
    <nd ref="6230922856"/>
    <tag k="addr:city" v="Mulund (West)"/>
    <tag k="addr:district" v="Mumbai"/>
    <tag k="addr:full" v="Valji ladha road, Mulund(west)"/>
    <tag k="addr:postcode" v="400080"/>
    <tag k="addr:state" v="Maharashtra"/>
    <tag k="addr:street" v="Walji Ladha Road"/>
    <tag k="amenity" v="hospital"/>
    <tag k="email" v="admin@hmnhospital.com"/>
    <tag k="name" v="Hira-Mongi Navneet Hospital"/>
    <tag k="operator:type" v="private"/>
    <tag k="source" v="OpenGovernmentData"/>
    <tag k="website" v="http://www.hmnhospital.com/"/>
  </way>
  <way id="723323008">
    <nd ref="6784511284"/>
    <nd ref="668708218"/>
    <nd ref="6784511283"/>
    <nd ref="6784511282"/>
    <nd ref="6784511281"/>
    <nd ref="6784511280"/>
    <nd ref="6784511276"/>
    <nd ref="5882322896"/>
    <nd ref="6784511279"/>
    <nd ref="6784511284"/>
    <tag k="amenity" v="hospital"/>
    <tag k="check_date" v="2026-06-19"/>
    <tag k="healthcare" v="hospital"/>
    <tag k="name" v="IIT Hospital"/>
  </way>
  <way id="803325198">
    <nd ref="7664032201"/>
    <nd ref="7514519670"/>
    <nd ref="7514519671"/>
    <nd ref="7514519672"/>
    <nd ref="7514519673"/>
    <nd ref="7514519674"/>
    <nd ref="7514519675"/>
    <nd ref="7514519676"/>
    <nd ref="7514519677"/>
    <nd ref="7514519678"/>
    <nd ref="7514519679"/>
    <nd ref="7514519680"/>
    <nd ref="7514519681"/>
    <nd ref="12953304873"/>
    <nd ref="7514519682"/>
    <nd ref="7514519683"/>
    <nd ref="7514519684"/>
    <nd ref="7514524285"/>
    <nd ref="7514524286"/>
    <nd ref="7514524287"/>
    <nd ref="7514524288"/>
    <nd ref="7514524289"/>
    <nd ref="7514524290"/>
    <nd ref="7664032201"/>
    <tag k="addr:city" v="Mumbai"/>
    <tag k="addr:district" v="Mumbai City"/>
    <tag k="addr:postcode" v="400008"/>
    <tag k="addr:state" v="Maharastra"/>
    <tag k="amenity" v="hospital"/>
    <tag k="beds" v="2844"/>
    <tag k="email" v="info@ggmcjjh.com"/>
    <tag k="health_amenity:type" v="emergency_department;intensive_care_unit;operating_theater;ultrasound;x_ray"/>
    <tag k="healthcare" v="hospital"/>
    <tag k="name" v="J. J. Hospital"/>
    <tag k="name:en" v="Grant Medical College and Sir Jamshedjee Jeejeebhoy Group of Hospitals"/>
    <tag k="name:etymology:wikidata" v="Q13604560"/>
    <tag k="phone" v="+912223735555"/>
    <tag k="source" v="Local Knowledge"/>
    <tag k="website" v="https://ggmcjjh.com/"/>
  </way>
  <way id="820951209">
    <nd ref="7664032186"/>
    <nd ref="11030085787"/>
    <nd ref="7664032183"/>
    <nd ref="7664032181"/>
    <nd ref="7664032180"/>
    <nd ref="7664032179"/>
    <nd ref="7664032182"/>
    <nd ref="7664032184"/>
    <nd ref="7664032185"/>
    <nd ref="7664032186"/>
    <tag k="addr:city" v="Mumbai"/>
    <tag k="addr:district" v="Mumbai"/>
    <tag k="addr:full" v="45, Nanabhai Moos Marg, Near RC Church, Navy Nagar, Colaba, Mumbai"/>
    <tag k="addr:postcode" v="400005"/>
    <tag k="addr:state" v="Maharastra"/>
    <tag k="addr:street" v="Robert Rd, Navy Nagar, Colaba"/>
    <tag k="alt_name" v="School of Medical Assistants"/>
    <tag k="amenity" v="hospital"/>
    <tag k="building" v="yes"/>
    <tag k="healthcare" v="hospital"/>
    <tag k="name" v="School of Medical Assistants"/>
    <tag k="source" v="Local Knowledge"/>
  </way>
  <way id="851756494">
    <nd ref="3643651079"/>
    <nd ref="3643651076"/>
    <nd ref="3643651077"/>
    <nd ref="3643651079"/>
    <tag k="amenity" v="hospital"/>
    <tag k="healthcare" v="hospital"/>
  </way>
  <way id="924798584">
    <nd ref="8582767492"/>
    <nd ref="8582767493"/>
    <nd ref="8582767494"/>
    <nd ref="8582767495"/>
    <nd ref="8582767492"/>
    <tag k="addr:city" v="Mumbai"/>
    <tag k="addr:postcode" v="400063"/>
    <tag k="addr:street" v="Aarey Road"/>
    <tag k="amenity" v="hospital"/>
    <tag k="healthcare" v="hospital"/>
    <tag k="healthcare:speciality" v="maternity"/>
    <tag k="name" v="Yashada Maternity and Nursing Home"/>
  </way>
  <way id="959572919">
    <nd ref="8878325463"/>
    <nd ref="8878325462"/>
    <nd ref="8878325461"/>
    <nd ref="8878325460"/>
    <nd ref="8878325463"/>
    <tag k="addr:district" v="Mumbai"/>
    <tag k="addr:full" v="Tunga, Powai, Andheri East, Mumbai"/>
    <tag k="addr:postcode" v="400072"/>
    <tag k="addr:state" v="Maharashtra"/>
    <tag k="amenity" v="hospital"/>
    <tag k="name" v="Nirali A M Naik Charitable Health-Care Facility"/>
    <tag k="name:etymology:wikidata" v="Q2121969"/>
    <tag k="source" v="Local Knowledge"/>
  </way>
  <way id="1009229724">
    <nd ref="9311772361"/>
    <nd ref="9311772362"/>
    <nd ref="9311772360"/>
    <nd ref="9311772359"/>
    <nd ref="9311772361"/>
    <tag k="amenity" v="hospital"/>
    <tag k="name" v="Apollo Spectra Hospital"/>
  </way>
  <way id="1052052198">
    <nd ref="9668096314"/>
    <nd ref="10172914430"/>
    <nd ref="9668096312"/>
    <nd ref="1633934086"/>
    <nd ref="1633934084"/>
    <nd ref="9668096314"/>
    <tag k="amenity" v="hospital"/>
    <tag k="emergency" v="yes"/>
    <tag k="healthcare" v="hospital"/>
    <tag k="name" v="K.J. Somaiya Hospital and Research Centre"/>
  </way>
  <way id="1120060026">
    <nd ref="2290766966"/>
    <nd ref="1287695926"/>
    <nd ref="1287695919"/>
    <nd ref="1287695938"/>
    <nd ref="2290766956"/>
    <nd ref="10244200810"/>
    <nd ref="10244200809"/>
    <nd ref="10244151108"/>
    <nd ref="2290766966"/>
    <tag k="addr:district" v="Mumbai"/>
    <tag k="addr:full" v="Jerbai Wadia Road, Sewree East, Mumbai"/>
    <tag k="addr:postcode" v="400015"/>
    <tag k="addr:state" v="Maharashtra"/>
    <tag k="amenity" v="hospital"/>
    <tag k="name" v="Municipal TB Hospital"/>
    <tag k="source" v="OpenGovernmentData"/>
  </way>
  <way id="1120066176">
    <nd ref="10244258227"/>
    <nd ref="10244258228"/>
    <nd ref="10244258229"/>
    <nd ref="10244258227"/>
    <tag k="amenity" v="hospital"/>
    <tag k="healthcare" v="hospital"/>
  </way>
  <way id="1121494180">
    <nd ref="631563664"/>
    <nd ref="10257874082"/>
    <nd ref="10257874081"/>
    <nd ref="7206373661"/>
    <nd ref="10257874080"/>
    <nd ref="631563658"/>
    <nd ref="631563659"/>
    <nd ref="631563664"/>
    <tag k="addr:city" v="Mumbai"/>
    <tag k="addr:postcode" v="400008"/>
    <tag k="addr:street" v="Maratha Mandir Marg, RBI Staff Colony"/>
    <tag k="amenity" v="hospital"/>
    <tag k="check_date" v="2026-03-20"/>
    <tag k="emergency" v="yes"/>
    <tag k="healthcare" v="hospital"/>
    <tag k="name" v="Jagjivan Ram Hospital"/>
    <tag k="name:etymology:wikidata" v="Q1471625"/>
    <tag k="phone" v="+91 22 6764 3224"/>
  </way>
  <way id="1123412924">
    <nd ref="10273976408"/>
    <nd ref="10273979012"/>
    <nd ref="10273979011"/>
    <nd ref="10273979010"/>
    <nd ref="10273979009"/>
    <nd ref="10273976408"/>
    <tag k="addr:district" v="Mumbai Suburban"/>
    <tag k="addr:full" v="Gulmohar Road, Gulmohar Colony, Andheri West, Mumbai"/>
    <tag k="addr:postcode" v="400058"/>
    <tag k="addr:state" v="Maharastra"/>
    <tag k="amenity" v="hospital"/>
    <tag k="name" v="Khubchandani Hospital"/>
    <tag k="source" v="Local Knowledge"/>
  </way>
  <way id="1123726002">
    <nd ref="10276589056"/>
    <nd ref="10276589055"/>
    <nd ref="10276589054"/>
    <nd ref="8817467502"/>
    <nd ref="10276589056"/>
    <tag k="addr:district" v="Thane"/>
    <tag k="addr:full" v="Vikhroli, Mumbai"/>
    <tag k="addr:postcode" v="400083"/>
    <tag k="addr:state" v="Maharashtra"/>
    <tag k="amenity" v="hospital"/>
    <tag k="name" v="Shushrusha Hospital"/>
    <tag k="source" v="Local Knowledge"/>
  </way>
  <way id="1126013369">
    <nd ref="10296626431"/>
    <nd ref="10879221810"/>
    <nd ref="10296626435"/>
    <nd ref="10296626448"/>
    <nd ref="10296626441"/>
    <nd ref="10296626431"/>
    <tag k="healthcare" v="hospital"/>
    <tag k="landuse" v="hospital"/>
    <tag k="name" v="Dr. Cooper Hospital"/>
    <tag k="wikidata" v="Q5167777"/>
    <tag k="wikipedia" v="en:Hinduhridaysamrat Balasaheb Thackeray Medical College and Dr. R. N. Cooper Municipal General Hospital"/>
  </way>
  <way id="1126997792">
    <nd ref="7043843367"/>
    <nd ref="10305216869"/>
    <nd ref="10305216868"/>
    <nd ref="10305216870"/>
    <nd ref="7043843367"/>
    <tag k="addr:district" v="Mumbai"/>
    <tag k="addr:full" v="365, Swastik Park, Chembur East"/>
    <tag k="addr:postcode" v="400071"/>
    <tag k="addr:state" v="Maharashtra"/>
    <tag k="amenity" v="hospital"/>
    <tag k="contact:phone" v="2225265555"/>
    <tag k="email" v="health@sushruthospital.org"/>
    <tag k="name" v="Sushrut Hospital and Research Centre"/>
    <tag k="operator:type" v="private"/>
    <tag k="source" v="OpenGovernmentData"/>
    <tag k="website" v="https://www.sushruthospital.org/"/>
  </way>
  <way id="1127318871">
    <nd ref="3205777380"/>
    <nd ref="7225067214"/>
    <nd ref="3981413833"/>
    <nd ref="3981413827"/>
    <nd ref="3981413826"/>
    <nd ref="3205777380"/>
    <tag k="addr:district" v="Nanded"/>
    <tag k="addr:full" v="Shivaji Nagar Nanded"/>
    <tag k="addr:postcode" v="431602"/>
    <tag k="addr:state" v="Maharashtra"/>
    <tag k="amenity" v="hospital"/>
    <tag k="name" v="Shivaji Nagar Muncipal Hospital"/>
    <tag k="source" v="OpenGovernmentData"/>
  </way>
  <way id="1149824759">
    <nd ref="10696472369"/>
    <nd ref="10696472360"/>
    <nd ref="10696472368"/>
    <nd ref="10696472359"/>
    <nd ref="7064402717"/>
    <nd ref="10696472367"/>
    <nd ref="10696472366"/>
    <nd ref="10696472365"/>
    <nd ref="10696472364"/>
    <nd ref="10696472369"/>
    <tag k="addr:district" v="Mumbai"/>
    <tag k="addr:full" v="S-341, Gandhinagar, Bandra(E)"/>
    <tag k="addr:postcode" v="400051"/>
    <tag k="addr:state" v="Maharashtra"/>
    <tag k="amenity" v="hospital"/>
    <tag k="email" v="gnhosp@vsnl.com"/>
    <tag k="healthcare" v="hospital"/>
    <tag k="name" v="Guru Nanak Hospital"/>
    <tag k="name:etymology:wikidata" v="Q83322"/>
    <tag k="operator:type" v="private"/>
    <tag k="source" v="OpenGovernmentData"/>
    <tag k="website" v="https://www.gurunanakhospital.com/"/>
  </way>
  <way id="1159753733">
    <nd ref="10785298051"/>
    <nd ref="10956481065"/>
    <nd ref="10785298049"/>
    <nd ref="10785298048"/>
    <nd ref="10785298047"/>
    <nd ref="10561467200"/>
    <nd ref="10561467202"/>
    <nd ref="10785298046"/>
    <nd ref="462257802"/>
    <nd ref="10785298045"/>
    <nd ref="10785298044"/>
    <nd ref="10785298043"/>
    <nd ref="10785298037"/>
    <nd ref="10785298042"/>
    <nd ref="10785298041"/>
    <nd ref="10785298040"/>
    <nd ref="10785298051"/>
    <tag k="addr:district" v="Mumbai"/>
    <tag k="addr:full" v="Bomanjee Petit Road, Cumballa Hill"/>
    <tag k="addr:postcode" v="400036"/>
    <tag k="addr:state" v="Maharashtra"/>
    <tag k="amenity" v="hospital"/>
    <tag k="email" v="ceo@bdppgh.org; contact@bdppgh.org"/>
    <tag k="healthcare" v="hospital"/>
    <tag k="name" v="The B.D.Petit Parsee General Hospital"/>
    <tag k="operator:type" v="private"/>
    <tag k="source" v="OpenGovernmentData"/>
    <tag k="website" v="https://www.bdpetitparseegeneralhospital.org/"/>
    <tag k="wikidata" v="Q60765656"/>
    <tag k="wikipedia" v="en:B.D. Petit Parsee General Hospital"/>
  </way>
  <way id="1170399169">
    <nd ref="10879569042"/>
    <nd ref="10879569041"/>
    <nd ref="10879569040"/>
    <nd ref="10879569039"/>
    <nd ref="8796983347"/>
    <nd ref="10879569042"/>
    <tag k="addr:city" v="Mumbai"/>
    <tag k="addr:full" v="Fateh Baug, Kandivali West, Mumbai"/>
    <tag k="addr:postcode" v="400067"/>
    <tag k="addr:state" v="Maharashtra"/>
    <tag k="addr:street" v="SV Road, Fateh Baug"/>
    <tag k="amenity" v="hospital"/>
    <tag k="healthcare" v="hospital"/>
    <tag k="name" v="Dr.Babasaheb Ambedkar Bmc General Hospital"/>
    <tag k="name:etymology:wikidata" v="Q231690"/>
    <tag k="source" v="Local Knowledge"/>
    <tag k="website" v="https://www.mcgm.gov.in/irj/portal/anonymous/qlratnambdhosp"/>
  </way>
  <way id="1186783958">
    <nd ref="11022260058"/>
    <nd ref="11022260057"/>
    <nd ref="1111894369"/>
    <nd ref="1111894364"/>
    <nd ref="11022260058"/>
    <tag k="addr:district" v="Mumbai"/>
    <tag k="addr:full" v="Jeevan Hall Building, 2-A, Dharavi Main Road"/>
    <tag k="addr:postcode" v="400017"/>
    <tag k="addr:state" v="Maharashtra"/>
    <tag k="amenity" v="hospital"/>
    <tag k="name" v="Ayurseva Hospital"/>
    <tag k="source" v="OpenGovernmentData"/>
  </way>
  <way id="1219694090">
    <nd ref="11301648369"/>
    <nd ref="11301648370"/>
    <nd ref="11301648371"/>
    <nd ref="11301648372"/>
    <nd ref="11301648373"/>
    <nd ref="11301648374"/>
    <nd ref="11301648369"/>
    <tag k="amenity" v="hospital"/>
    <tag k="healthcare" v="hospital"/>
    <tag k="name" v="Lifelline"/>
  </way>
  <way id="1227680040">
    <nd ref="11384605285"/>
    <nd ref="11384605286"/>
    <nd ref="11384605287"/>
    <nd ref="11384605288"/>
    <nd ref="11384605285"/>
    <tag k="amenity" v="hospital"/>
    <tag k="building" v="hospital"/>
    <tag k="healthcare" v="hospital"/>
    <tag k="mobile" v="+91 98202 54545"/>
    <tag k="name" v="Women's Hospital"/>
    <tag k="name:en" v="Women's Hospital"/>
    <tag k="operator" v="Dr. Rakesh Sinha"/>
    <tag k="operator:type" v="private"/>
    <tag k="website" v="https://www.womenshospital.com/"/>
  </way>
  <way id="1288781456">
    <nd ref="11950780332"/>
    <nd ref="11950780331"/>
    <nd ref="11950780330"/>
    <nd ref="11950780329"/>
    <nd ref="11950780328"/>
    <nd ref="11950780327"/>
    <nd ref="11950780326"/>
    <nd ref="13997148631"/>
    <nd ref="11950780325"/>
    <nd ref="12578847255"/>
    <nd ref="12578847256"/>
    <nd ref="12578850453"/>
    <nd ref="12578850454"/>
    <nd ref="12578847257"/>
    <nd ref="12578847258"/>
    <nd ref="11950780324"/>
    <nd ref="11950780323"/>
    <nd ref="669247999"/>
    <nd ref="11950780322"/>
    <nd ref="11950780321"/>
    <nd ref="11950780320"/>
    <nd ref="11950780319"/>
    <nd ref="11950780318"/>
    <nd ref="11950780317"/>
    <nd ref="11950780316"/>
    <nd ref="11950780315"/>
    <nd ref="11950780314"/>
    <nd ref="11950780332"/>
    <tag k="addr:district" v="Mumbai"/>
    <tag k="addr:full" v="Near RC Church, Navy Nagar, Colaba, Mumbai"/>
    <tag k="addr:postcode" v="400005"/>
    <tag k="addr:state" v="Maharashtra"/>
    <tag k="amenity" v="hospital"/>
    <tag k="healthcare" v="hospital"/>
    <tag k="landuse" v="Hospital"/>
    <tag k="name" v="INHS Asvini Naval Hospital"/>
    <tag k="source" v="OpenGovernmentData"/>
  </way>
  <way id="1289053364">
    <nd ref="11953259619"/>
    <nd ref="14022181984"/>
    <nd ref="11953259479"/>
    <nd ref="11953259478"/>
    <nd ref="7433829906"/>
    <nd ref="11953259477"/>
    <nd ref="11953259476"/>
    <nd ref="11953259475"/>
    <nd ref="11953259474"/>
    <nd ref="9060708492"/>
    <nd ref="9060708493"/>
    <nd ref="11953259472"/>
    <nd ref="11953259620"/>
    <nd ref="11953259619"/>
    <tag k="addr:city" v="Mumbai"/>
    <tag k="addr:postcode" v="400027"/>
    <tag k="addr:street" v="Sant Savata Marg"/>
    <tag k="amenity" v="hospital"/>
    <tag k="emergency" v="yes"/>
    <tag k="healthcare" v="hospital"/>
    <tag k="healthcare:speciality" v="gynaecology;orthopaedics;plastic_surgery;psychiatry;paediatrics;oncology"/>
    <tag k="name" v="Masina Hospital"/>
    <tag k="website" v="https://www.masinahospital.com/"/>
  </way>
  <way id="1289063015">
    <nd ref="11953366502"/>
    <nd ref="11953366500"/>
    <nd ref="7086409761"/>
    <nd ref="11953366501"/>
    <nd ref="11953366502"/>
    <tag k="addr:district" v="Thane"/>
    <tag k="addr:full" v="Police Station, 1877 Doctor Anandrao Nair Marg Near Agripada, Mumbai Central"/>
    <tag k="addr:postcode" v="400011"/>
    <tag k="addr:state" v="Maharashtra"/>
    <tag k="amenity" v="hospital"/>
    <tag k="check_date" v="2026-03-20"/>
    <tag k="healthcare" v="hospital"/>
    <tag k="name" v="Wockhardt Hospitals, South Mumbai"/>
    <tag k="source" v="OpenGovernmentData"/>
  </way>
  <way id="1289073489">
    <nd ref="11953432851"/>
    <nd ref="11953432850"/>
    <nd ref="11953432849"/>
    <nd ref="11953432848"/>
    <nd ref="11953432847"/>
    <nd ref="8797109108"/>
    <nd ref="11953432846"/>
    <nd ref="11017453070"/>
    <nd ref="11953432851"/>
    <tag k="addr:district" v="Mumbai"/>
    <tag k="addr:full" v="1-1A, Keshavrao Khadye Marg, Haji Ali, Mumbai"/>
    <tag k="addr:postcode" v="400034"/>
    <tag k="addr:state" v="Maharashtra"/>
    <tag k="amenity" v="hospital"/>
    <tag k="name" v="NH SRCC Children's Hospital"/>
    <tag k="source" v="Local Knowledge"/>
  </way>
  <way id="1291729684">
    <nd ref="11975195997"/>
    <nd ref="11975195996"/>
    <nd ref="11975195995"/>
    <nd ref="8797192964"/>
    <nd ref="11975195994"/>
    <nd ref="11975195993"/>
    <nd ref="11975195992"/>
    <nd ref="11975195991"/>
    <nd ref="11975195990"/>
    <nd ref="11975195989"/>
    <nd ref="11975195997"/>
    <tag k="addr:district" v="Mumbai"/>
    <tag k="addr:full" v="Gandhi Nagar, Kirti Vihar, Ghatkopar West, Mumbai"/>
    <tag k="addr:postcode" v="400086"/>
    <tag k="addr:state" v="Maharashtra"/>
    <tag k="amenity" v="hospital"/>
    <tag k="healthcare" v="hospital"/>
    <tag k="name" v="Sarvodaya Hospital"/>
    <tag k="source" v="Local Knowledge"/>
  </way>
  <way id="1311520615">
    <nd ref="7206288294"/>
    <nd ref="7206288295"/>
    <nd ref="7206288296"/>
    <nd ref="7206288297"/>
    <nd ref="7206288298"/>
    <nd ref="12839278719"/>
    <nd ref="7206288294"/>
    <tag k="addr:city" v="Mumbai"/>
    <tag k="addr:district" v="Mumbai"/>
    <tag k="addr:housenumber" v="21/22"/>
    <tag k="addr:postcode" v="400008"/>
    <tag k="addr:street" v="Dimtimakar Road"/>
    <tag k="building" v="hospital"/>
    <tag k="building:levels" v="2"/>
    <tag k="healthcare" v="hospital"/>
    <tag k="healthcare:speciality" v="gynaecology;surgery;paediatrics;orthopaedics"/>
    <tag k="layer" v="2"/>
    <tag k="name" v="Dawood Multispeciality Nursing Home"/>
    <tag k="timing" v="9:30 to 10:30 pm"/>
  </way>
  <way id="1329415478">
    <nd ref="12299737564"/>
    <nd ref="12299737561"/>
    <nd ref="12299737563"/>
    <nd ref="12299737562"/>
    <nd ref="12299737564"/>
    <tag k="amenity" v="hospital"/>
    <tag k="healthcare" v="hospital"/>
    <tag k="name" v="Head And Neck Cancer Institute Of India"/>
  </way>
  <way id="1349894554">
    <nd ref="12487546421"/>
    <nd ref="12487546422"/>
    <nd ref="12487546423"/>
    <nd ref="12487546424"/>
    <nd ref="12487546421"/>
    <tag k="amenity" v="hospital"/>
    <tag k="healthcare" v="hospital"/>
    <tag k="name" v="Government Hospita"/>
  </way>
  <way id="1378841925">
    <nd ref="12768025012"/>
    <nd ref="12768025009"/>
    <nd ref="12768025011"/>
    <nd ref="12768025010"/>
    <nd ref="12768025012"/>
    <tag k="addr:district" v="Mumbai Suburban"/>
    <tag k="addr:floor" v="0"/>
    <tag k="addr:full" v="Devi Dayal Cross Road, Behind Fire Station, P&amp;T Staff Colony, Mulund West, Mumbai"/>
    <tag k="addr:housenumber" v="Plot No. 1109/1A"/>
    <tag k="addr:postcode" v="400080"/>
    <tag k="addr:state" v="Maharastra"/>
    <tag k="amenity" v="hospital"/>
    <tag k="check_date" v="2026-04-25"/>
    <tag k="name" v="Upasani Super Speciality Hospital"/>
    <tag k="opening_hours" v="Mo-Sa 12:00-13:30,18:00-19:00"/>
    <tag k="phone" v="+91 74004 00914"/>
    <tag k="source" v="Local Knowledge"/>
    <tag k="wheelchair" v="no"/>
  </way>
  <way id="1409686430">
    <nd ref="12953506327"/>
    <nd ref="12953506328"/>
    <nd ref="12953506329"/>
    <nd ref="12953506330"/>
    <nd ref="12953506331"/>
    <nd ref="12953506332"/>
    <nd ref="12953506333"/>
    <nd ref="12953506334"/>
    <nd ref="12953506335"/>
    <nd ref="12953506336"/>
    <nd ref="12953506337"/>
    <nd ref="12953506338"/>
    <nd ref="12953506327"/>
    <tag k="healthcare" v="hospital"/>
    <tag k="landuse" v="hospital"/>
    <tag k="name" v="R A Podar Ayurvedic Medical College"/>
  </way>
  <way id="1410330978">
    <nd ref="4297017109"/>
    <nd ref="4297000114"/>
    <nd ref="4297017111"/>
    <nd ref="4297017114"/>
    <nd ref="4297017113"/>
    <nd ref="4297017112"/>
    <nd ref="4297017110"/>
    <nd ref="5506320962"/>
    <nd ref="10779234880"/>
    <nd ref="10779234879"/>
    <nd ref="4297017108"/>
    <nd ref="4297017109"/>
    <tag k="amenity" v="hospital"/>
    <tag k="healthcare" v="hospital"/>
    <tag k="name" v="Asian"/>
  </way>
  <way id="1411712168">
    <nd ref="12972287923"/>
    <nd ref="12972287924"/>
    <nd ref="12972287925"/>
    <nd ref="12972287933"/>
    <nd ref="12972287934"/>
    <nd ref="12972287932"/>
    <nd ref="12972287926"/>
    <nd ref="12972287927"/>
    <nd ref="12972287928"/>
    <nd ref="12972287929"/>
    <nd ref="12972287930"/>
    <nd ref="12972287931"/>
    <nd ref="12972287923"/>
    <tag k="amenity" v="hospital"/>
    <tag k="check_date" v="2026-03-20"/>
    <tag k="healthcare" v="hospital"/>
    <tag k="name" v="King George V Infimary"/>
  </way>
  <way id="1413471846">
    <nd ref="12989590769"/>
    <nd ref="12989590770"/>
    <nd ref="12989590771"/>
    <nd ref="12989590772"/>
    <nd ref="12989590769"/>
    <tag k="amenity" v="hospital"/>
    <tag k="check_date" v="2026-03-20"/>
    <tag k="healthcare" v="hospital"/>
    <tag k="name" v="Sion Hospital"/>
  </way>
  <way id="1442093565">
    <nd ref="13232407990"/>
    <nd ref="13232407991"/>
    <nd ref="13232407992"/>
    <nd ref="13232407993"/>
    <nd ref="13232407994"/>
    <nd ref="13232407995"/>
    <nd ref="13232407996"/>
    <nd ref="13232407990"/>
    <tag k="addr:full" v="11th Road, Golibar, Santacruz East"/>
    <tag k="addr:postcode" v="400055"/>
    <tag k="addr:state" v="Maharashtra"/>
    <tag k="amenity" v="hospital"/>
    <tag k="healthcare" v="hospital"/>
    <tag k="name" v="V.N. Desai Hospital"/>
    <tag k="name:en" v="V.N. Desai Hospital"/>
    <tag k="operator" v="BMC"/>
    <tag k="operator:type" v="government"/>
    <tag k="website" v="https://mumbaisuburban.gov.in/en/public-utility/v-n-desai-municipal-general-hospital/"/>
  </way>
  <way id="1447315313">
    <nd ref="3589607630"/>
    <nd ref="3589607625"/>
    <nd ref="3589607622"/>
    <nd ref="3589607628"/>
    <nd ref="3589607630"/>
    <tag k="addr:city" v="Mumbai"/>
    <tag k="addr:postcode" v="400054"/>
    <tag k="addr:street" v="Besant Road"/>
    <tag k="amenity" v="hospital"/>
    <tag k="description" v="it is a nursing home"/>
    <tag k="healthcare" v="hospital"/>
    <tag k="healthcare:speciality" v="general"/>
    <tag k="name" v="Mangal nursing home"/>
    <tag k="website" v="https://www.justdial.com/Mumbai/Mangal-Multispeciality-Hospital-ICU-Near-Santacurz-Station-Santacruz-West/022PXX22-XX22-121008193335-N5M5_BZDET"/>
  </way>
  <way id="1451543691">
    <nd ref="13312852815"/>
    <nd ref="13312852816"/>
    <nd ref="13312852817"/>
    <nd ref="13312852818"/>
    <nd ref="13312852819"/>
    <nd ref="13312852815"/>
    <tag k="addr:district" v="Mumbai"/>
    <tag k="addr:housenumber" v="1234"/>
    <tag k="addr:postcode" v="400058"/>
    <tag k="addr:street" v="Swami Vivekanand Road"/>
    <tag k="amenity" v="hospital"/>
    <tag k="emergency" v="yes"/>
    <tag k="healthcare" v="hospital"/>
    <tag k="healthcare:speciality" v="general;psychiatry"/>
    <tag k="name" v="hehehe"/>
    <tag k="operator" v="wert"/>
  </way>
  <way id="1471965392">
    <nd ref="13506627016"/>
    <nd ref="13506627041"/>
    <nd ref="13506627039"/>
    <nd ref="13506627014"/>
    <nd ref="13506627025"/>
    <nd ref="13506627016"/>
    <tag k="addr:district" v="Mumbai"/>
    <tag k="addr:full" v="698-B,Ranade Road, Dadar"/>
    <tag k="addr:postcode" v="400028"/>
    <tag k="addr:state" v="Maharashtra"/>
    <tag k="amenity" v="hospital"/>
    <tag k="healthcare" v="hospital"/>
    <tag k="name" v="Shushrusha Citizens Co-Op Hospital Ltd."/>
    <tag k="source" v="OpenGovernmentData"/>
  </way>
  <way id="1524835595">
    <nd ref="13898422402"/>
    <nd ref="13898422403"/>
    <nd ref="13898422404"/>
    <nd ref="13898422405"/>
    <nd ref="13898422406"/>
    <nd ref="13898422407"/>
    <nd ref="13910182336"/>
    <nd ref="13910182335"/>
    <nd ref="13898422402"/>
    <tag k="amenity" v="hospital"/>
    <tag k="building" v="hospital"/>
    <tag k="healthcare" v="hospital"/>
    <tag k="name" v="Western Railway Health Unit Bandra West"/>
    <tag k="name:en" v="Western Railway Health Unit Bandra West"/>
    <tag k="name:hi" v="पश्चिम रेल्वे स्वास्थ्य इकाई बांद्रा पश्चिम"/>
    <tag k="name:mr" v="पश्चिम रेल्वे आरोग्य केंद्र वांद्रे पश्चिम"/>
  </way>
  <node id="12578847257" lat="18.8970152" lon="72.8137568"/>
  <node id="12578847258" lat="18.8967572" lon="72.8141511"/>
  <node id="12578850454" lat="18.8972105" lon="72.8135075"/>
  <node id="669247999" lat="18.9006024" lon="72.8170127"/>
  <node id="7664032179" lat="18.8993116" lon="72.8140157"/>
  <node id="7664032180" lat="18.8995006" lon="72.8140175"/>
  <node id="7664032181" lat="18.8995010" lon="72.8139694"/>
  <node id="7664032182" lat="18.8993120" lon="72.8139676"/>
  <node id="7664032183" lat="18.8997127" lon="72.8139714"/>
  <node id="7664032184" lat="18.8991519" lon="72.8139660"/>
  <node id="7664032185" lat="18.8991534" lon="72.8137887"/>
  <node id="7664032186" lat="18.8997142" lon="72.8137940"/>
  <node id="11030085787" lat="18.8997141" lon="72.8138054"/>
  <node id="11950780314" lat="18.9037566" lon="72.8156206"/>
  <node id="11950780315" lat="18.9038200" lon="72.8157279"/>
  <node id="11950780316" lat="18.9037744" lon="72.8161195"/>
  <node id="11950780317" lat="18.9022975" lon="72.8161839"/>
  <node id="11950780318" lat="18.9022315" lon="72.8162268"/>
  <node id="11950780319" lat="18.9020996" lon="72.8167337"/>
  <node id="11950780320" lat="18.9016479" lon="72.8167739"/>
  <node id="11950780323" lat="18.9004273" lon="72.8169697"/>
  <node id="11950780324" lat="18.8974456" lon="72.8146309"/>
  <node id="11950780325" lat="18.8981129" lon="72.8128835"/>
  <node id="11950780326" lat="18.8992042" lon="72.8134990"/>
  <node id="11950780327" lat="18.8997777" lon="72.8138208"/>
  <node id="11950780328" lat="18.9003436" lon="72.8141266"/>
  <node id="11950780329" lat="18.9004451" lon="72.8143197"/>
  <node id="11950780330" lat="18.9006252" lon="72.8143787"/>
  <node id="11950780331" lat="18.9007750" lon="72.8143921"/>
  <node id="11950780332" lat="18.9023406" lon="72.8150788"/>
  <node id="12578847255" lat="18.8978354" lon="72.8132925"/>
  <node id="12578847256" lat="18.8977655" lon="72.8134379"/>
  <node id="12578850453" lat="18.8974283" lon="72.8132064"/>
  <node id="13997148631" lat="18.8986033" lon="72.8131759"/>
  <node id="11950780321" lat="18.9016479" lon="72.8170878"/>
  <node id="11950780322" lat="18.9011556" lon="72.8170824"/>
  <node id="2168562645" lat="18.9346354" lon="72.8311884"/>
  <node id="2168562651" lat="18.9346959" lon="72.8315509"/>
  <node id="2168562655" lat="18.9348842" lon="72.8315101"/>
  <node id="2168562656" lat="18.9349497" lon="72.8311351"/>
  <node id="2168562657" lat="18.9349699" lon="72.8312435"/>
  <node id="528735975" lat="18.9425622" lon="72.8298430"/>
  <node id="528736021" lat="18.9428926" lon="72.8301154"/>
  <node id="597251889" lat="18.9401980" lon="72.8280619"/>
  <node id="597251896" lat="18.9413659" lon="72.8284385"/>
  <node id="597251899" lat="18.9412904" lon="72.8274988"/>
  <node id="2175138608" lat="18.9425149" lon="72.8295858"/>
  <node id="2175138609" lat="18.9427586" lon="72.8295322"/>
  <node id="2175138610" lat="18.9429208" lon="72.8295450"/>
  <node id="2175138613" lat="18.9430467" lon="72.8296089"/>
  <node id="2175138614" lat="18.9430612" lon="72.8298751"/>
  <node id="2175138615" lat="18.9430927" lon="72.8297292"/>
  <node id="2175184770" lat="18.9407465" lon="72.8273848"/>
  <node id="2175184773" lat="18.9408293" lon="72.8276324"/>
  <node id="2175184786" lat="18.9411477" lon="72.8277085"/>
  <node id="2175184789" lat="18.9411920" lon="72.8272184"/>
  <node id="2175184791" lat="18.9412747" lon="72.8274660"/>
  <node id="12953580061" lat="18.9411790" lon="72.8270883"/>
  <node id="12953580062" lat="18.9406678" lon="72.8272539"/>
  <node id="12953580063" lat="18.9408663" lon="72.8278239"/>
  <node id="12953580065" lat="18.9403654" lon="72.8287516"/>
  <node id="12953580066" lat="18.9411000" lon="72.8275769"/>
  <node id="2176079826" lat="18.9415447" lon="72.8324878"/>
  <node id="2176079850" lat="18.9419915" lon="72.8327955"/>
  <node id="2176079878" lat="18.9422969" lon="72.8314214"/>
  <node id="2176079882" lat="18.9426487" lon="72.8317038"/>
  <node id="12953603613" lat="18.9425781" lon="72.8319106"/>
  <node id="12989090970" lat="18.9430769" lon="72.8323103"/>
  <node id="12989090972" lat="18.9431631" lon="72.8321128"/>
  <node id="12989090973" lat="18.9431476" lon="72.8321405"/>
  <node id="12989090974" lat="18.9431835" lon="72.8321641"/>
  <node id="620843078" lat="18.9395207" lon="72.8371388"/>
  <node id="648872854" lat="18.9407336" lon="72.8381355"/>
  <node id="648872855" lat="18.9408227" lon="72.8381769"/>
  <node id="648872856" lat="18.9409800" lon="72.8377799"/>
  <node id="648872857" lat="18.9405589" lon="72.8375868"/>
  <node id="648872858" lat="18.9404067" lon="72.8379838"/>
  <node id="648872859" lat="18.9404982" lon="72.8380263"/>
  <node id="648872860" lat="18.9405183" lon="72.8379784"/>
  <node id="648872861" lat="18.9407568" lon="72.8380857"/>
  <node id="1234802618" lat="18.9412732" lon="72.8385640"/>
  <node id="1234802670" lat="18.9431558" lon="72.8390285"/>
  <node id="1234802687" lat="18.9416522" lon="72.8372772"/>
  <node id="1234802690" lat="18.9392546" lon="72.8380998"/>
  <node id="1234802698" lat="18.9414178" lon="72.8369286"/>
  <node id="2176228956" lat="18.9409286" lon="72.8379096"/>
  <node id="12953452842" lat="18.9416584" lon="72.8369878"/>
  <node id="705199179" lat="18.9521343" lon="72.8185702"/>
  <node id="705199184" lat="18.9522816" lon="72.8187022"/>
  <node id="705199187" lat="18.9529406" lon="72.8177592"/>
  <node id="705199190" lat="18.9528291" lon="72.8176647"/>
  <node id="2919868260" lat="18.9546271" lon="72.8210141"/>
  <node id="2919868261" lat="18.9546933" lon="72.8212241"/>
  <node id="2919868262" lat="18.9548643" lon="72.8212193"/>
  <node id="2919868263" lat="18.9548273" lon="72.8209701"/>
  <node id="12781978288" lat="18.9527596" lon="72.8176966"/>
  <node id="477566128" lat="18.9578361" lon="72.8092481"/>
  <node id="477566136" lat="18.9576900" lon="72.8091280"/>
  <node id="477566141" lat="18.9576250" lon="72.8093254"/>
  <node id="477566145" lat="18.9577387" lon="72.8094198"/>
  <node id="462257802" lat="18.9679263" lon="72.8061792"/>
  <node id="10561467202" lat="18.9691997" lon="72.8063482"/>
  <node id="10785298037" lat="18.9677701" lon="72.8053387"/>
  <node id="10785298040" lat="18.9683068" lon="72.8047550"/>
  <node id="10785298041" lat="18.9681419" lon="72.8050634"/>
  <node id="10785298042" lat="18.9680734" lon="72.8051358"/>
  <node id="10785298043" lat="18.9676955" lon="72.8053531"/>
  <node id="10785298044" lat="18.9676371" lon="72.8059298"/>
  <node id="10785298045" lat="18.9676650" lon="72.8060344"/>
  <node id="10785298046" lat="18.9691703" lon="72.8065335"/>
  <node id="10785298051" lat="18.9683626" lon="72.8047121"/>
  <node id="10956481065" lat="18.9689029" lon="72.8047201"/>
  <node id="2920083397" lat="18.9593771" lon="72.8202014"/>
  <node id="2920084101" lat="18.9585278" lon="72.8203529"/>
  <node id="2920084103" lat="18.9584952" lon="72.8201484"/>
  <node id="8740874636" lat="18.9593611" lon="72.8201011"/>
  <node id="12666377119" lat="18.9594007" lon="72.8200940"/>
  <node id="12666377120" lat="18.9593862" lon="72.8200032"/>
  <node id="12666377121" lat="18.9594189" lon="72.8198935"/>
  <node id="12666377122" lat="18.9594351" lon="72.8199944"/>
  <node id="12904796701" lat="18.9590027" lon="72.8199678"/>
  <node id="13904524506" lat="18.9590167" lon="72.8200554"/>
  <node id="469871436" lat="18.9723999" lon="72.8037950"/>
  <node id="469871460" lat="18.9725135" lon="72.8038294"/>
  <node id="469871437" lat="18.9723187" lon="72.8041555"/>
  <node id="469871439" lat="18.9726190" lon="72.8043958"/>
  <node id="469871440" lat="18.9727408" lon="72.8048336"/>
  <node id="469871442" lat="18.9728706" lon="72.8047992"/>
  <node id="469871451" lat="18.9727408" lon="72.8043100"/>
  <node id="469871456" lat="18.9724486" lon="72.8040954"/>
  <node id="1633921573" lat="18.9714558" lon="72.8096463"/>
  <node id="1633921579" lat="18.9711294" lon="72.8099342"/>
  <node id="1633921603" lat="18.9711607" lon="72.8102836"/>
  <node id="1633921605" lat="18.9719764" lon="72.8102020"/>
  <node id="1633921606" lat="18.9719226" lon="72.8095997"/>
  <node id="1633921609" lat="18.9714784" lon="72.8098993"/>
  <node id="10561467200" lat="18.9699530" lon="72.8064769"/>
  <node id="10785298047" lat="18.9700088" lon="72.8057635"/>
  <node id="10785298048" lat="18.9697678" lon="72.8057018"/>
  <node id="10785298049" lat="18.9697729" lon="72.8050205"/>
  <node id="3591335931" lat="18.9702900" lon="72.8145184"/>
  <node id="3591335932" lat="18.9701803" lon="72.8145466"/>
  <node id="3591335933" lat="18.9702078" lon="72.8145063"/>
  <node id="3591335934" lat="18.9702262" lon="72.8145710"/>
  <node id="3591335935" lat="18.9702393" lon="72.8147374"/>
  <node id="3591335949" lat="18.9705880" lon="72.8147066"/>
  <node id="7664032242" lat="18.9705711" lon="72.8144936"/>
  <node id="13908596817" lat="18.9702884" lon="72.8144992"/>
  <node id="13908596818" lat="18.9702108" lon="72.8145439"/>
  <node id="13908596819" lat="18.9701825" lon="72.8145749"/>
  <node id="7206373661" lat="18.9703512" lon="72.8235975"/>
  <node id="10257874080" lat="18.9701052" lon="72.8235251"/>
  <node id="10257874081" lat="18.9703817" lon="72.8234902"/>
  <node id="11953366501" lat="18.9750793" lon="72.8235760"/>
  <node id="8797109108" lat="18.9789397" lon="72.8129330"/>
  <node id="11017453070" lat="18.9784348" lon="72.8129770"/>
  <node id="11953432846" lat="18.9784451" lon="72.8130510"/>
  <node id="11953432847" lat="18.9794952" lon="72.8133407"/>
  <node id="11953432848" lat="18.9798325" lon="72.8128794"/>
  <node id="11953432849" lat="18.9790640" lon="72.8122544"/>
  <node id="11953432850" lat="18.9787444" lon="72.8125146"/>
  <node id="11953432851" lat="18.9783589" lon="72.8126112"/>
  <node id="12972287923" lat="18.9888128" lon="72.8228181"/>
  <node id="12972287924" lat="18.9890428" lon="72.8229443"/>
  <node id="12972287926" lat="18.9889097" lon="72.8234646"/>
  <node id="12972287927" lat="18.9888744" lon="72.8234773"/>
  <node id="12972287928" lat="18.9888329" lon="72.8234866"/>
  <node id="12972287929" lat="18.9887889" lon="72.8235770"/>
  <node id="12972287930" lat="18.9880801" lon="72.8231836"/>
  <node id="12972287931" lat="18.9883528" lon="72.8230613"/>
  <node id="12972287932" lat="18.9889018" lon="72.8233038"/>
  <node id="12972287934" lat="18.9889788" lon="72.8232496"/>
  <node id="12972287925" lat="18.9891972" lon="72.8230391"/>
  <node id="12972287933" lat="18.9891035" lon="72.8231794"/>
  <node id="2176079925" lat="18.9438209" lon="72.8316354"/>
  <node id="2176079936" lat="18.9443333" lon="72.8312302"/>
  <node id="2176079959" lat="18.9446033" lon="72.8325766"/>
  <node id="2176079965" lat="18.9449475" lon="72.8311988"/>
  <node id="2176079967" lat="18.9450085" lon="72.8327425"/>
  <node id="2176079991" lat="18.9450094" lon="72.8306845"/>
  <node id="2176079997" lat="18.9452136" lon="72.8309513"/>
  <node id="2176080001" lat="18.9456638" lon="72.8321158"/>
  <node id="9056958183" lat="18.9447231" lon="72.8309156"/>
  <node id="620843079" lat="18.9432496" lon="72.8374771"/>
  <node id="620843080" lat="18.9435985" lon="72.8377433"/>
  <node id="1234815587" lat="18.9441657" lon="72.8379427"/>
  <node id="1234815626" lat="18.9436665" lon="72.8391722"/>
  <node id="2175184827" lat="18.9438793" lon="72.8386090"/>
  <node id="3616964873" lat="18.9612873" lon="72.8366530"/>
  <node id="3616964876" lat="18.9613210" lon="72.8364820"/>
  <node id="3616964885" lat="18.9614668" lon="72.8366924"/>
  <node id="3616964890" lat="18.9615004" lon="72.8365214"/>
  <node id="7514519670" lat="18.9622070" lon="72.8330070"/>
  <node id="7514519671" lat="18.9622038" lon="72.8343645"/>
  <node id="7514519672" lat="18.9624252" lon="72.8348159"/>
  <node id="7514519673" lat="18.9626339" lon="72.8352105"/>
  <node id="7514519674" lat="18.9626655" lon="72.8355850"/>
  <node id="7514519675" lat="18.9625675" lon="72.8362136"/>
  <node id="7514524287" lat="18.9622819" lon="72.8321768"/>
  <node id="7514524288" lat="18.9622029" lon="72.8321917"/>
  <node id="7514524289" lat="18.9621467" lon="72.8322492"/>
  <node id="7514524290" lat="18.9621168" lon="72.8323403"/>
  <node id="7664032201" lat="18.9621207" lon="72.8324449"/>
  <node id="7206288294" lat="18.9664963" lon="72.8288057"/>
  <node id="7206288295" lat="18.9667895" lon="72.8287776"/>
  <node id="7206288296" lat="18.9667963" lon="72.8288575"/>
  <node id="7206288297" lat="18.9662643" lon="72.8292834"/>
  <node id="7206288298" lat="18.9662075" lon="72.8292040"/>
  <node id="12839278719" lat="18.9665097" lon="72.8289621"/>
  <node id="7514519680" lat="18.9647332" lon="72.8358243"/>
  <node id="7514519681" lat="18.9653437" lon="72.8358764"/>
  <node id="7514519682" lat="18.9654512" lon="72.8344192"/>
  <node id="7514519683" lat="18.9655980" lon="72.8325906"/>
  <node id="7514519684" lat="18.9647859" lon="72.8324094"/>
  <node id="7514524285" lat="18.9641218" lon="72.8322757"/>
  <node id="7514524286" lat="18.9631661" lon="72.8322144"/>
  <node id="12953304873" lat="18.9654004" lon="72.8352188"/>
  <node id="7514519676" lat="18.9625744" lon="72.8368292"/>
  <node id="3643651076" lat="18.9674169" lon="72.8388546"/>
  <node id="3643651077" lat="18.9676094" lon="72.8389809"/>
  <node id="3643651079" lat="18.9676579" lon="72.8385590"/>
  <node id="7514519677" lat="18.9636679" lon="72.8370896"/>
  <node id="7514519678" lat="18.9645787" lon="72.8374014"/>
  <node id="7514519679" lat="18.9646097" lon="72.8369243"/>
  <node id="631563658" lat="18.9700539" lon="72.8237280"/>
  <node id="631563659" lat="18.9698760" lon="72.8244258"/>
  <node id="631563664" lat="18.9706990" lon="72.8246659"/>
  <node id="7086409761" lat="18.9755408" lon="72.8237459"/>
  <node id="10257874082" lat="18.9709854" lon="72.8236753"/>
  <node id="11953366500" lat="18.9753404" lon="72.8243547"/>
  <node id="11953366502" lat="18.9748789" lon="72.8241849"/>
  <node id="7433829906" lat="18.9737882" lon="72.8358632"/>
  <node id="9060708492" lat="18.9736246" lon="72.8346241"/>
  <node id="9060708493" lat="18.9737795" lon="72.8351468"/>
  <node id="11953259472" lat="18.9738420" lon="72.8354725"/>
  <node id="11953259474" lat="18.9735792" lon="72.8345107"/>
  <node id="11953259475" lat="18.9735295" lon="72.8345677"/>
  <node id="11953259476" lat="18.9736081" lon="72.8347608"/>
  <node id="11953259477" lat="18.9736868" lon="72.8351632"/>
  <node id="11953259478" lat="18.9737824" lon="72.8366291"/>
  <node id="11953259479" lat="18.9757253" lon="72.8365709"/>
  <node id="11953259619" lat="18.9755790" lon="72.8352343"/>
  <node id="11953259620" lat="18.9744972" lon="72.8353174"/>
  <node id="14022181984" lat="18.9756715" lon="72.8360753"/>
  <node id="2575614699" lat="18.9803230" lon="72.8329855"/>
  <node id="3596054649" lat="18.9769854" lon="72.8355529"/>
  <node id="3596054653" lat="18.9770115" lon="72.8351222"/>
  <node id="3596054661" lat="18.9774443" lon="72.8355857"/>
  <node id="4294951714" lat="18.9792309" lon="72.8337999"/>
  <node id="4294951717" lat="18.9793441" lon="72.8333265"/>
  <node id="4294951721" lat="18.9794371" lon="72.8332680"/>
  <node id="4294951723" lat="18.9795302" lon="72.8331670"/>
  <node id="4294951724" lat="18.9795654" lon="72.8330765"/>
  <node id="4294951725" lat="18.9795934" lon="72.8329852"/>
  <node id="4294951742" lat="18.9807749" lon="72.8341773"/>
  <node id="4294951748" lat="18.9810628" lon="72.8332496"/>
  <node id="7064927063" lat="18.9774883" lon="72.8351831"/>
  <node id="12299737561" lat="18.9700159" lon="72.8458481"/>
  <node id="12299737562" lat="18.9705376" lon="72.8455598"/>
  <node id="12299737563" lat="18.9705077" lon="72.8458434"/>
  <node id="12299737564" lat="18.9700355" lon="72.8455631"/>
  <node id="12953506329" lat="19.0019241" lon="72.8165735"/>
  <node id="12953506330" lat="19.0013084" lon="72.8162408"/>
  <node id="12953506331" lat="19.0010697" lon="72.8160993"/>
  <node id="12953506332" lat="19.0013597" lon="72.8158964"/>
  <node id="12953506333" lat="19.0016140" lon="72.8158397"/>
  <node id="12953506334" lat="19.0020334" lon="72.8158209"/>
  <node id="12953506328" lat="19.0025733" lon="72.8169109"/>
  <node id="12953506335" lat="19.0024796" lon="72.8158657"/>
  <node id="12953506336" lat="19.0030864" lon="72.8161016"/>
  <node id="12953506337" lat="19.0036263" lon="72.8164485"/>
  <node id="12953506338" lat="19.0039654" lon="72.8167410"/>
  <node id="12953506327" lat="19.0035369" lon="72.8175294"/>
  <node id="1287645846" lat="18.9969050" lon="72.8431135"/>
  <node id="1287645875" lat="18.9976802" lon="72.8418229"/>
  <node id="1287645914" lat="18.9979121" lon="72.8419594"/>
  <node id="1287645917" lat="18.9961997" lon="72.8427260"/>
  <node id="3595847281" lat="18.9981659" lon="72.8369918"/>
  <node id="3595847282" lat="18.9981669" lon="72.8370600"/>
  <node id="3595847706" lat="18.9984289" lon="72.8369875"/>
  <node id="3595847707" lat="18.9984299" lon="72.8370557"/>
  <node id="4292872567" lat="18.9960758" lon="72.8425819"/>
  <node id="4292872573" lat="18.9965141" lon="72.8417290"/>
  <node id="4292872575" lat="18.9966368" lon="72.8415405"/>
  <node id="4292872582" lat="18.9971823" lon="72.8405206"/>
  <node id="4292873293" lat="18.9979736" lon="72.8410548"/>
  <node id="4292873310" lat="19.0018374" lon="72.8407610"/>
  <node id="1287645873" lat="18.9967467" lon="72.8436316"/>
  <node id="1287645899" lat="18.9972483" lon="72.8435429"/>
  <node id="3568776814" lat="19.0005585" lon="72.8462424"/>
  <node id="3568776823" lat="19.0020113" lon="72.8437904"/>
  <node id="5848596593" lat="19.0013768" lon="72.8447301"/>
  <node id="5921458148" lat="19.0008682" lon="72.8456701"/>
  <node id="1287742548" lat="19.0055970" lon="72.8427896"/>
  <node id="1287742602" lat="19.0055987" lon="72.8426812"/>
  <node id="3568776846" lat="19.0053521" lon="72.8426768"/>
  <node id="3568776850" lat="19.0060049" lon="72.8427968"/>
  <node id="4292873311" lat="19.0021780" lon="72.8397502"/>
  <node id="4292873312" lat="19.0025191" lon="72.8410937"/>
  <node id="4292873313" lat="19.0028535" lon="72.8399753"/>
  <node id="5848596594" lat="19.0047571" lon="72.8408459"/>
  <node id="5848596595" lat="19.0051988" lon="72.8410441"/>
  <node id="5848596596" lat="19.0051752" lon="72.8418314"/>
  <node id="245659703" lat="19.0043243" lon="72.8452288"/>
  <node id="1287742597" lat="19.0054933" lon="72.8433743"/>
  <node id="1287742739" lat="19.0031178" lon="72.8438994"/>
  <node id="1287742829" lat="19.0054924" lon="72.8434334"/>
  <node id="3568776824" lat="19.0022389" lon="72.8468803"/>
  <node id="3568776826" lat="19.0028775" lon="72.8470324"/>
  <node id="3568776827" lat="19.0029646" lon="72.8467980"/>
  <node id="3568776829" lat="19.0031813" lon="72.8466015"/>
  <node id="3568776832" lat="19.0034416" lon="72.8464655"/>
  <node id="3568776836" lat="19.0039163" lon="72.8463971"/>
  <node id="3568776837" lat="19.0041072" lon="72.8462465"/>
  <node id="3568776839" lat="19.0043242" lon="72.8459264"/>
  <node id="3568776847" lat="19.0053402" lon="72.8434307"/>
  <node id="3568776849" lat="19.0059956" lon="72.8433832"/>
  <node id="5848596627" lat="19.0023236" lon="72.8433755"/>
  <node id="1287695919" lat="19.0081883" lon="72.8539476"/>
  <node id="1287695926" lat="19.0086752" lon="72.8539798"/>
  <node id="1287695938" lat="19.0077014" lon="72.8532181"/>
  <node id="2290766956" lat="19.0049348" lon="72.8531362"/>
  <node id="2290766966" lat="19.0064565" lon="72.8507419"/>
  <node id="10244151108" lat="19.0054328" lon="72.8512323"/>
  <node id="10244200809" lat="19.0053973" lon="72.8520101"/>
  <node id="10244200810" lat="19.0050295" lon="72.8520635"/>
  <node id="1650708088" lat="19.0112105" lon="72.8618315"/>
  <node id="1650708091" lat="19.0116259" lon="72.8603560"/>
  <node id="1650708126" lat="19.0133514" lon="72.8624784"/>
  <node id="1650708132" lat="19.0134179" lon="72.8606570"/>
  <node id="4292746785" lat="19.0123652" lon="72.8605715"/>
  <node id="4292746805" lat="19.0133494" lon="72.8620900"/>
  <node id="4292746828" lat="19.0146208" lon="72.8625911"/>
  <node id="4292746829" lat="19.0147029" lon="72.8625156"/>
  <node id="245660950" lat="19.0190616" lon="72.8575206"/>
  <node id="1281204550" lat="19.0209503" lon="72.8589049"/>
  <node id="1281204569" lat="19.0204278" lon="72.8588338"/>
  <node id="1311768755" lat="19.0211306" lon="72.8590511"/>
  <node id="1311768756" lat="19.0213130" lon="72.8590688"/>
  <node id="1311768840" lat="19.0211168" lon="72.8592095"/>
  <node id="1311768874" lat="19.0212993" lon="72.8592272"/>
  <node id="1419256929" lat="19.0192046" lon="72.8602182"/>
  <node id="1419256940" lat="19.0196684" lon="72.8569997"/>
  <node id="1419256941" lat="19.0201928" lon="72.8605096"/>
  <node id="1650753824" lat="19.0189989" lon="72.8588785"/>
  <node id="1650753844" lat="19.0192186" lon="72.8589021"/>
  <node id="1650753846" lat="19.0192633" lon="72.8595165"/>
  <node id="1650753849" lat="19.0193824" lon="72.8589927"/>
  <node id="1650753851" lat="19.0193913" lon="72.8569821"/>
  <node id="1650753852" lat="19.0194047" lon="72.8591857"/>
  <node id="1650753918" lat="19.0211771" lon="72.8574014"/>
  <node id="13506627014" lat="19.0235688" lon="72.8376526"/>
  <node id="13506627016" lat="19.0231448" lon="72.8379588"/>
  <node id="13506627025" lat="19.0233664" lon="72.8375407"/>
  <node id="13506627039" lat="19.0233599" lon="72.8380924"/>
  <node id="13506627041" lat="19.0233429" lon="72.8380818"/>
  <node id="1289162623" lat="19.0334494" lon="72.8388383"/>
  <node id="1289162630" lat="19.0333038" lon="72.8394537"/>
  <node id="1289162738" lat="19.0329023" lon="72.8393222"/>
  <node id="1289162782" lat="19.0326962" lon="72.8391364"/>
  <node id="1289162838" lat="19.0337229" lon="72.8379976"/>
  <node id="1289162869" lat="19.0330070" lon="72.8378025"/>
  <node id="1289162909" lat="19.0327661" lon="72.8377435"/>
  <node id="1625365308" lat="19.0327895" lon="72.8387426"/>
  <node id="1625365313" lat="19.0329452" lon="72.8392320"/>
  <node id="1646529751" lat="19.0319324" lon="72.8393212"/>
  <node id="1646529753" lat="19.0318019" lon="72.8398740"/>
  <node id="1646529811" lat="19.0319497" lon="72.8399255"/>
  <node id="1646529838" lat="19.0320669" lon="72.8393416"/>
  <node id="9060925094" lat="19.0336282" lon="72.8386004"/>
  <node id="11023548671" lat="19.0332352" lon="72.8379419"/>
  <node id="11023548672" lat="19.0329157" lon="72.8387547"/>
  <node id="11023548673" lat="19.0327357" lon="72.8385025"/>
  <node id="11023575824" lat="19.0332123" lon="72.8385253"/>
  <node id="12666389528" lat="19.0319220" lon="72.8394263"/>
  <node id="12666389529" lat="19.0319470" lon="72.8394753"/>
  <node id="12666389530" lat="19.0318651" lon="72.8395515"/>
  <node id="12666389531" lat="19.0318295" lon="72.8396044"/>
  <node id="12666389532" lat="19.0318692" lon="72.8396253"/>
  <node id="12666389533" lat="19.0318409" lon="72.8397602"/>
  <node id="3626442910" lat="19.0312671" lon="72.8440563"/>
  <node id="3626442917" lat="19.0313040" lon="72.8438754"/>
  <node id="3626442946" lat="19.0315310" lon="72.8441167"/>
  <node id="3626442953" lat="19.0315680" lon="72.8439357"/>
  <node id="2128608094" lat="19.0468027" lon="72.8420002"/>
  <node id="2128608096" lat="19.0469620" lon="72.8425878"/>
  <node id="2128608109" lat="19.0458668" lon="72.8422835"/>
  <node id="2128608120" lat="19.0460470" lon="72.8429939"/>
  <node id="11022260058" lat="19.0436510" lon="72.8495800"/>
  <node id="12989590769" lat="19.0347495" lon="72.8572857"/>
  <node id="12989590770" lat="19.0341457" lon="72.8588447"/>
  <node id="12989590771" lat="19.0349359" lon="72.8591754"/>
  <node id="3205767044" lat="19.0277452" lon="72.8682750"/>
  <node id="3591607438" lat="19.0277334" lon="72.8683552"/>
  <node id="3591607444" lat="19.0277542" lon="72.8682144"/>
  <node id="3591607451" lat="19.0278374" lon="72.8683723"/>
  <node id="3591607452" lat="19.0278581" lon="72.8682315"/>
  <node id="2382047271" lat="19.0397125" lon="72.8519241"/>
  <node id="2382047272" lat="19.0397443" lon="72.8518517"/>
  <node id="2382047275" lat="19.0397825" lon="72.8517654"/>
  <node id="2382047276" lat="19.0397788" lon="72.8518687"/>
  <node id="2382047277" lat="19.0398168" lon="72.8517823"/>
  <node id="2382047280" lat="19.0398508" lon="72.8519923"/>
  <node id="2382047281" lat="19.0398203" lon="72.8516797"/>
  <node id="2382047282" lat="19.0399161" lon="72.8518437"/>
  <node id="2382047292" lat="19.0400762" lon="72.8521082"/>
  <node id="2382047294" lat="19.0401434" lon="72.8519556"/>
  <node id="2382047297" lat="19.0403360" lon="72.8519339"/>
  <node id="2382047302" lat="19.0402266" lon="72.8521823"/>
  <node id="631493980" lat="19.0353273" lon="72.8597511"/>
  <node id="631493994" lat="19.0367462" lon="72.8603180"/>
  <node id="4264834970" lat="19.0358885" lon="72.8583026"/>
  <node id="5792364461" lat="19.0360806" lon="72.8581106"/>
  <node id="5792364462" lat="19.0373889" lon="72.8586434"/>
  <node id="12989590772" lat="19.0355437" lon="72.8576164"/>
  <node id="1111894364" lat="19.0436510" lon="72.8500870"/>
  <node id="1111894369" lat="19.0433011" lon="72.8501004"/>
  <node id="11022260057" lat="19.0432174" lon="72.8499153"/>
  <node id="1633934084" lat="19.0470190" lon="72.8743312"/>
  <node id="1633934086" lat="19.0464209" lon="72.8745642"/>
  <node id="9668096312" lat="19.0467651" lon="72.8756596"/>
  <node id="9668096314" lat="19.0473790" lon="72.8741942"/>
  <node id="10172914430" lat="19.0477498" lon="72.8752849"/>
  <node id="346379239" lat="19.0508211" lon="72.8297569"/>
  <node id="346388855" lat="19.0515780" lon="72.8292570"/>
  <node id="346388856" lat="19.0510502" lon="72.8285763"/>
  <node id="346388857" lat="19.0503724" lon="72.8290228"/>
  <node id="2449757463" lat="19.0512777" lon="72.8285804"/>
  <node id="347168743" lat="19.0560779" lon="72.8267648"/>
  <node id="347168744" lat="19.0554778" lon="72.8267854"/>
  <node id="347168745" lat="19.0554818" lon="72.8271174"/>
  <node id="347168746" lat="19.0549057" lon="72.8271253"/>
  <node id="347168747" lat="19.0549122" lon="72.8275145"/>
  <node id="347168748" lat="19.0560954" lon="72.8274859"/>
  <node id="2449734759" lat="19.0549066" lon="72.8271980"/>
  <node id="2449734760" lat="19.0549103" lon="72.8274255"/>
  <node id="2449734777" lat="19.0557010" lon="72.8267823"/>
  <node id="10242737058" lat="19.0559475" lon="72.8267709"/>
  <node id="347120067" lat="19.0571185" lon="72.8338596"/>
  <node id="6228730399" lat="19.0577092" lon="72.8337577"/>
  <node id="6228730400" lat="19.0576712" lon="72.8330362"/>
  <node id="6228730401" lat="19.0570577" lon="72.8330576"/>
  <node id="6228730402" lat="19.0576636" lon="72.8338301"/>
  <node id="6228754300" lat="19.0570865" lon="72.8334380"/>
  <node id="11384605285" lat="19.0694671" lon="72.8305428"/>
  <node id="11384605286" lat="19.0693505" lon="72.8305354"/>
  <node id="11384605287" lat="19.0693376" lon="72.8307641"/>
  <node id="11384605288" lat="19.0694542" lon="72.8307715"/>
  <node id="13898422402" lat="19.0629851" lon="72.8381281"/>
  <node id="13898422403" lat="19.0630975" lon="72.8381268"/>
  <node id="13898422404" lat="19.0630989" lon="72.8382540"/>
  <node id="13898422405" lat="19.0632776" lon="72.8382520"/>
  <node id="13898422406" lat="19.0632786" lon="72.8383566"/>
  <node id="13898422407" lat="19.0627996" lon="72.8383622"/>
  <node id="13910182335" lat="19.0629859" lon="72.8382041"/>
  <node id="13910182336" lat="19.0627979" lon="72.8382063"/>
  <node id="3627071289" lat="19.0685040" lon="72.8371295"/>
  <node id="3627071291" lat="19.0685152" lon="72.8369170"/>
  <node id="3627071313" lat="19.0686166" lon="72.8371362"/>
  <node id="3627071318" lat="19.0686278" lon="72.8369236"/>
  <node id="7064402717" lat="19.0600492" lon="72.8523400"/>
  <node id="10696472359" lat="19.0595718" lon="72.8532235"/>
  <node id="10696472360" lat="19.0592338" lon="72.8532187"/>
  <node id="10696472364" lat="19.0592405" lon="72.8524366"/>
  <node id="10696472365" lat="19.0590909" lon="72.8522193"/>
  <node id="10696472366" lat="19.0593140" lon="72.8518921"/>
  <node id="10696472367" lat="19.0600086" lon="72.8522676"/>
  <node id="10696472368" lat="19.0594433" lon="72.8534612"/>
  <node id="10696472369" lat="19.0589312" lon="72.8528684"/>
  <node id="2131962450" lat="19.0534388" lon="72.8752459"/>
  <node id="2131962451" lat="19.0532351" lon="72.8753815"/>
  <node id="2131962452" lat="19.0533035" lon="72.8750184"/>
  <node id="2131962453" lat="19.0530998" lon="72.8751539"/>
  <node id="4297000114" lat="19.0652101" lon="72.8602486"/>
  <node id="4297017108" lat="19.0648746" lon="72.8604461"/>
  <node id="4297017109" lat="19.0649062" lon="72.8602099"/>
  <node id="4297017110" lat="19.0650704" lon="72.8616134"/>
  <node id="4297017111" lat="19.0651941" lon="72.8603705"/>
  <node id="4297017112" lat="19.0655094" lon="72.8612444"/>
  <node id="4297017113" lat="19.0656848" lon="72.8612577"/>
  <node id="4297017114" lat="19.0657840" lon="72.8604366"/>
  <node id="5506320962" lat="19.0647166" lon="72.8609910"/>
  <node id="5510255905" lat="19.0649456" lon="72.8602135"/>
  <node id="10779234879" lat="19.0647644" lon="72.8605034"/>
  <node id="10779234880" lat="19.0649532" lon="72.8608443"/>
  <node id="3591988751" lat="19.0797777" lon="72.8401094"/>
  <node id="3591988753" lat="19.0797871" lon="72.8402171"/>
  <node id="3591988758" lat="19.0798166" lon="72.8402035"/>
  <node id="3591988762" lat="19.0798445" lon="72.8403563"/>
  <node id="3591988763" lat="19.0798478" lon="72.8400771"/>
  <node id="3591988766" lat="19.0798602" lon="72.8401071"/>
  <node id="3591988786" lat="19.0799358" lon="72.8400723"/>
  <node id="3591988795" lat="19.0800196" lon="72.8402754"/>
  <node id="13232407990" lat="19.0784545" lon="72.8447091"/>
  <node id="13232407991" lat="19.0783943" lon="72.8452213"/>
  <node id="13232407992" lat="19.0784620" lon="72.8452960"/>
  <node id="13232407993" lat="19.0788047" lon="72.8454487"/>
  <node id="13232407994" lat="19.0789204" lon="72.8454869"/>
  <node id="13232407995" lat="19.0790557" lon="72.8451338"/>
  <node id="13232407996" lat="19.0790768" lon="72.8447568"/>
  <node id="3589607622" lat="19.0833696" lon="72.8396091"/>
  <node id="3589607625" lat="19.0834084" lon="72.8393662"/>
  <node id="3589607628" lat="19.0834806" lon="72.8396289"/>
  <node id="3589607630" lat="19.0835193" lon="72.8393860"/>
  <node id="3597683636" lat="19.0782728" lon="72.8547927"/>
  <node id="3597683640" lat="19.0783736" lon="72.8552629"/>
  <node id="3597683642" lat="19.0783899" lon="72.8548691"/>
  <node id="3597683646" lat="19.0784475" lon="72.8551514"/>
  <node id="3597683650" lat="19.0784578" lon="72.8547499"/>
  <node id="3597683653" lat="19.0785166" lon="72.8551171"/>
  <node id="3597683655" lat="19.0784864" lon="72.8548657"/>
  <node id="3597683659" lat="19.0785482" lon="72.8551813"/>
  <node id="1673075405" lat="19.0771611" lon="72.8581228"/>
  <node id="1673075406" lat="19.0771130" lon="72.8584420"/>
  <node id="1673075407" lat="19.0771308" lon="72.8587343"/>
  <node id="1673075408" lat="19.0770217" lon="72.8583214"/>
  <node id="1673075409" lat="19.0768494" lon="72.8584421"/>
  <node id="1673075410" lat="19.0771028" lon="72.8582462"/>
  <node id="1673075411" lat="19.0769424" lon="72.8588056"/>
  <node id="1673075412" lat="19.0770571" lon="72.8582757"/>
  <node id="1673075413" lat="19.0769119" lon="72.8585669"/>
  <node id="1673075414" lat="19.0772160" lon="72.8581511"/>
  <node id="1673075415" lat="19.0770394" lon="72.8582032"/>
  <node id="1673075416" lat="19.0771129" lon="72.8583132"/>
  <node id="9311772359" lat="19.0474721" lon="72.9114655"/>
  <node id="9311772360" lat="19.0475682" lon="72.9109875"/>
  <node id="9311772361" lat="19.0468456" lon="72.9113245"/>
  <node id="9311772362" lat="19.0469417" lon="72.9108465"/>
  <node id="10305216869" lat="19.0567296" lon="72.8890484"/>
  <node id="7043843367" lat="19.0561628" lon="72.8894511"/>
  <node id="10305216868" lat="19.0569792" lon="72.8894417"/>
  <node id="10305216870" lat="19.0564124" lon="72.8898444"/>
  <node id="3216229177" lat="19.0623004" lon="72.8967534"/>
  <node id="3216229180" lat="19.0615728" lon="72.8964946"/>
  <node id="3216229181" lat="19.0616527" lon="72.8962411"/>
  <node id="10172914431" lat="19.0623929" lon="72.8965200"/>
  <node id="4132480380" lat="19.0499690" lon="72.9106103"/>
  <node id="4132480381" lat="19.0498161" lon="72.9115816"/>
  <node id="4132480382" lat="19.0487215" lon="72.9114035"/>
  <node id="4132480383" lat="19.0489344" lon="72.9103625"/>
  <node id="9311772366" lat="19.0497578" lon="72.9118686"/>
  <node id="9311772367" lat="19.0500215" lon="72.9119061"/>
  <node id="9327764516" lat="19.0490175" lon="72.9103506"/>
  <node id="9327764517" lat="19.0488856" lon="72.9104287"/>
  <node id="9327764518" lat="19.0504170" lon="72.9107072"/>
  <node id="9340776353" lat="19.0487450" lon="72.9112636"/>
  <node id="9340776354" lat="19.0499184" lon="72.9105965"/>
  <node id="11021399248" lat="19.0489684" lon="72.9114128"/>
  <node id="3205777380" lat="19.0628029" lon="72.9187087"/>
  <node id="3981413826" lat="19.0626455" lon="72.9190606"/>
  <node id="3981413827" lat="19.0626742" lon="72.9190735"/>
  <node id="3981413833" lat="19.0631962" lon="72.9193221"/>
  <node id="7225067214" lat="19.0633500" lon="72.9189903"/>
  <node id="3215654165" lat="19.0689462" lon="72.9218717"/>
  <node id="1366795256" lat="19.0687005" lon="72.9223936"/>
  <node id="3215654162" lat="19.0694984" lon="72.9221630"/>
  <node id="3215654163" lat="19.0694590" lon="72.9225510"/>
  <node id="3226211962" lat="19.0688224" lon="72.9220954"/>
  <node id="2663447657" lat="19.0758981" lon="72.8856074"/>
  <node id="2663447659" lat="19.0764767" lon="72.8863946"/>
  <node id="11045755917" lat="19.0761300" lon="72.8866663"/>
  <node id="12625091014" lat="19.0755458" lon="72.8858573"/>
  <node id="12637821285" lat="19.0757220" lon="72.8857324"/>
  <node id="3589399303" lat="19.0809415" lon="72.8820782"/>
  <node id="3589399323" lat="19.0809784" lon="72.8818558"/>
  <node id="3589399326" lat="19.0811378" lon="72.8818513"/>
  <node id="3589399327" lat="19.0811435" lon="72.8820724"/>
  <node id="12632644743" lat="19.0809813" lon="72.8819702"/>
  <node id="12632644744" lat="19.0809387" lon="72.8819715"/>
  <node id="12632644753" lat="19.0810341" lon="72.8818542"/>
  <node id="8797192964" lat="19.0906433" lon="72.9076338"/>
  <node id="11975195989" lat="19.0899183" lon="72.9061156"/>
  <node id="11975195990" lat="19.0909069" lon="72.9058555"/>
  <node id="11975195991" lat="19.0910159" lon="72.9064751"/>
  <node id="11975195992" lat="19.0910589" lon="72.9071215"/>
  <node id="11975195993" lat="19.0910539" lon="72.9072556"/>
  <node id="11975195994" lat="19.0909694" lon="72.9073920"/>
  <node id="11975195995" lat="19.0904912" lon="72.9076847"/>
  <node id="11975195996" lat="19.0895001" lon="72.9076579"/>
  <node id="11975195997" lat="19.0892669" lon="72.9075426"/>
  <node id="2148673069" lat="19.1383055" lon="72.8099298"/>
  <node id="2148673071" lat="19.1381640" lon="72.8094627"/>
  <node id="2148673121" lat="19.1376757" lon="72.8102108"/>
  <node id="2148673123" lat="19.1379854" lon="72.8091461"/>
  <node id="2148673134" lat="19.1376703" lon="72.8087569"/>
  <node id="2148673135" lat="19.1375110" lon="72.8095858"/>
  <node id="2148673136" lat="19.1375056" lon="72.8098539"/>
  <node id="2148673144" lat="19.1373108" lon="72.8090762"/>
  <node id="1633985129" lat="19.1315457" lon="72.8233868"/>
  <node id="1633985199" lat="19.1318871" lon="72.8234588"/>
  <node id="10296626431" lat="19.1072066" lon="72.8365912"/>
  <node id="10296626441" lat="19.1072100" lon="72.8347248"/>
  <node id="10296626448" lat="19.1083004" lon="72.8347234"/>
  <node id="1575266020" lat="19.1031903" lon="72.8470399"/>
  <node id="1575266022" lat="19.1033044" lon="72.8470264"/>
  <node id="1575266023" lat="19.1031718" lon="72.8469488"/>
  <node id="1575266025" lat="19.1032884" lon="72.8469193"/>
  <node id="10296626435" lat="19.1083141" lon="72.8367890"/>
  <node id="10879221810" lat="19.1073258" lon="72.8367618"/>
  <node id="13312852815" lat="19.1105125" lon="72.8417026"/>
  <node id="13312852816" lat="19.1104281" lon="72.8416810"/>
  <node id="13312852817" lat="19.1103582" lon="72.8417642"/>
  <node id="13312852818" lat="19.1103524" lon="72.8424051"/>
  <node id="13312852819" lat="19.1106828" lon="72.8421339"/>
  <node id="10273976408" lat="19.1198836" lon="72.8348356"/>
  <node id="10273979009" lat="19.1198581" lon="72.8358176"/>
  <node id="10273979010" lat="19.1197415" lon="72.8359196"/>
  <node id="10273979011" lat="19.1188571" lon="72.8359169"/>
  <node id="10273979012" lat="19.1188903" lon="72.8348451"/>
  <node id="3979327149" lat="19.1212448" lon="72.8270705"/>
  <node id="3979327151" lat="19.1209280" lon="72.8268882"/>
  <node id="3979327152" lat="19.1209656" lon="72.8268108"/>
  <node id="3979327153" lat="19.1212949" lon="72.8269663"/>
  <node id="9507341378" lat="19.1210624" lon="72.8270276"/>
  <node id="1348867388" lat="19.1189412" lon="72.8669446"/>
  <node id="1348867390" lat="19.1180085" lon="72.8667965"/>
  <node id="5936647134" lat="19.1195989" lon="72.8670645"/>
  <node id="5936647139" lat="19.1198834" lon="72.8671163"/>
  <node id="5936647140" lat="19.1198682" lon="72.8678137"/>
  <node id="5936647141" lat="19.1198327" lon="72.8678888"/>
  <node id="5936647142" lat="19.1180182" lon="72.8677064"/>
  <node id="1633985121" lat="19.1305400" lon="72.8255553"/>
  <node id="1633985122" lat="19.1316825" lon="72.8243029"/>
  <node id="1633985123" lat="19.1310439" lon="72.8242331"/>
  <node id="1633985126" lat="19.1308995" lon="72.8244504"/>
  <node id="1633985153" lat="19.1308964" lon="72.8240667"/>
  <node id="1633985155" lat="19.1310693" lon="72.8241768"/>
  <node id="1633985162" lat="19.1309476" lon="72.8244102"/>
  <node id="1633985170" lat="19.1308615" lon="72.8240561"/>
  <node id="1633985191" lat="19.1307170" lon="72.8255608"/>
  <node id="1633985202" lat="19.1313550" lon="72.8241463"/>
  <node id="1633985205" lat="19.1309983" lon="72.8243431"/>
  <node id="1651803187" lat="19.1271055" lon="72.8671707"/>
  <node id="1651803188" lat="19.1276770" lon="72.8661176"/>
  <node id="1651803189" lat="19.1278745" lon="72.8674306"/>
  <node id="1651803190" lat="19.1282761" lon="72.8648913"/>
  <node id="1651803191" lat="19.1286564" lon="72.8675195"/>
  <node id="1651803192" lat="19.1295546" lon="72.8657412"/>
  <node id="5355278561" lat="19.1408302" lon="72.8534183"/>
  <node id="5355278562" lat="19.1411038" lon="72.8529516"/>
  <node id="5355278563" lat="19.1412305" lon="72.8529543"/>
  <node id="5355278564" lat="19.1412381" lon="72.8543892"/>
  <node id="5355278565" lat="19.1408226" lon="72.8542042"/>
  <node id="5355278566" lat="19.1406307" lon="72.8539752"/>
  <node id="5937631031" lat="19.1467138" lon="72.8749806"/>
  <node id="5937631032" lat="19.1471750" lon="72.8749913"/>
  <node id="5937631033" lat="19.1476463" lon="72.8752166"/>
  <node id="5937631034" lat="19.1480466" lon="72.8755116"/>
  <node id="5937631035" lat="19.1483406" lon="72.8758603"/>
  <node id="5937631038" lat="19.1464655" lon="72.8750342"/>
  <node id="12487546421" lat="19.1856384" lon="72.8189267"/>
  <node id="12487546422" lat="19.1855307" lon="72.8194536"/>
  <node id="12487546423" lat="19.1852353" lon="72.8194058"/>
  <node id="12487546424" lat="19.1853488" lon="72.8188543"/>
  <node id="8582767492" lat="19.1662744" lon="72.8543028"/>
  <node id="8582767493" lat="19.1662691" lon="72.8544000"/>
  <node id="8582767494" lat="19.1661340" lon="72.8544123"/>
  <node id="8582767495" lat="19.1661308" lon="72.8543050"/>
  <node id="3604756952" lat="19.1723225" lon="72.8738504"/>
  <node id="3604756953" lat="19.1723370" lon="72.8740697"/>
  <node id="3604756954" lat="19.1723571" lon="72.8738478"/>
  <node id="3604756955" lat="19.1723590" lon="72.8738764"/>
  <node id="3604756973" lat="19.1727354" lon="72.8738197"/>
  <node id="3604756974" lat="19.1727373" lon="72.8738483"/>
  <node id="3604756977" lat="19.1727970" lon="72.8738151"/>
  <node id="3604756979" lat="19.1728116" lon="72.8740344"/>
  <node id="3596174404" lat="19.1843907" lon="72.8423524"/>
  <node id="3596174405" lat="19.1843907" lon="72.8426404"/>
  <node id="3596174444" lat="19.1845202" lon="72.8423524"/>
  <node id="3596174445" lat="19.1845202" lon="72.8426404"/>
  <node id="3642528546" lat="19.1844520" lon="72.8424695"/>
  <node id="3642528547" lat="19.1844520" lon="72.8425594"/>
  <node id="3642528551" lat="19.1845202" lon="72.8424695"/>
  <node id="3642528552" lat="19.1845202" lon="72.8425594"/>
  <node id="2308143720" lat="19.1817598" lon="72.8532856"/>
  <node id="3592053117" lat="19.1816260" lon="72.8531471"/>
  <node id="3592053118" lat="19.1816398" lon="72.8531134"/>
  <node id="3592053119" lat="19.1816441" lon="72.8530842"/>
  <node id="3592053120" lat="19.1816500" lon="72.8530433"/>
  <node id="3592053121" lat="19.1816537" lon="72.8531156"/>
  <node id="3592053122" lat="19.1816580" lon="72.8530865"/>
  <node id="3592053124" lat="19.1817100" lon="72.8531717"/>
  <node id="3592053126" lat="19.1818034" lon="72.8530683"/>
  <node id="3592053127" lat="19.1818125" lon="72.8529419"/>
  <node id="3592053130" lat="19.1818624" lon="72.8529768"/>
  <node id="3592053131" lat="19.1818646" lon="72.8529461"/>
  <node id="3592053133" lat="19.1818893" lon="72.8529789"/>
  <node id="3592053134" lat="19.1818915" lon="72.8529482"/>
  <node id="3592053135" lat="19.1819098" lon="72.8530942"/>
  <node id="3592053136" lat="19.1819201" lon="72.8529505"/>
  <node id="3592053137" lat="19.1819428" lon="72.8530760"/>
  <node id="3592053138" lat="19.1819849" lon="72.8531616"/>
  <node id="3619454151" lat="19.1205853" lon="72.8794505"/>
  <node id="3619454153" lat="19.1205859" lon="72.8793732"/>
  <node id="3619454171" lat="19.1207484" lon="72.8794521"/>
  <node id="3619454172" lat="19.1207491" lon="72.8793747"/>
  <node id="3619454221" lat="19.1212894" lon="72.8794014"/>
  <node id="3619454222" lat="19.1212951" lon="72.8795619"/>
  <node id="3619454231" lat="19.1213876" lon="72.8793975"/>
  <node id="3619454234" lat="19.1213933" lon="72.8795580"/>
  <node id="8878325460" lat="19.1208876" lon="72.8915118"/>
  <node id="8878325461" lat="19.1210112" lon="72.8911999"/>
  <node id="8878325462" lat="19.1214471" lon="72.8913528"/>
  <node id="8878325463" lat="19.1213437" lon="72.8916779"/>
  <node id="3546099443" lat="19.1035380" lon="72.9270490"/>
  <node id="4344894369" lat="19.1031857" lon="72.9278858"/>
  <node id="4344894376" lat="19.1036292" lon="72.9280950"/>
  <node id="4344894381" lat="19.1041108" lon="72.9280709"/>
  <node id="4344894382" lat="19.1043617" lon="72.9279126"/>
  <node id="4344894386" lat="19.1046455" lon="72.9275291"/>
  <node id="4344894387" lat="19.1046684" lon="72.9280038"/>
  <node id="4344894389" lat="19.1048204" lon="72.9280253"/>
  <node id="4344894390" lat="19.1049319" lon="72.9276149"/>
  <node id="4344894392" lat="19.1050029" lon="72.9279743"/>
  <node id="4344894394" lat="19.1050739" lon="72.9278912"/>
  <node id="4344894395" lat="19.1051372" lon="72.9276337"/>
  <node id="3589059585" lat="19.1199252" lon="72.9169426"/>
  <node id="3589059586" lat="19.1194659" lon="72.9165097"/>
  <node id="12506146623" lat="19.1199248" lon="72.9166566"/>
  <node id="12506146624" lat="19.1196328" lon="72.9165471"/>
  <node id="12506146625" lat="19.1196767" lon="72.9167307"/>
  <node id="12506146627" lat="19.1195522" lon="72.9165154"/>
  <node id="3589059589" lat="19.1203754" lon="72.9168340"/>
  <node id="3589059590" lat="19.1203840" lon="72.9173107"/>
  <node id="3589059693" lat="19.1205569" lon="72.9169067"/>
  <node id="3589059694" lat="19.1207223" lon="72.9175821"/>
  <node id="3589059695" lat="19.1209386" lon="72.9175925"/>
  <node id="3589059696" lat="19.1210592" lon="72.9172368"/>
  <node id="12506146630" lat="19.1206506" lon="72.9168786"/>
  <node id="12506146631" lat="19.1208599" lon="72.9169889"/>
  <node id="12506146632" lat="19.1210283" lon="72.9170719"/>
  <node id="12506146633" lat="19.1210925" lon="72.9171094"/>
  <node id="5937631036" lat="19.1484977" lon="72.8764021"/>
  <node id="5937631037" lat="19.1464909" lon="72.8768849"/>
  <node id="668708218" lat="19.1303926" lon="72.9148355"/>
  <node id="5882322896" lat="19.1311225" lon="72.9136446"/>
  <node id="6784511276" lat="19.1309070" lon="72.9136530"/>
  <node id="6784511279" lat="19.1311300" lon="72.9137760"/>
  <node id="6784511280" lat="19.1304990" lon="72.9137117"/>
  <node id="6784511281" lat="19.1304357" lon="72.9137331"/>
  <node id="6784511282" lat="19.1304027" lon="72.9138431"/>
  <node id="6784511283" lat="19.1303597" lon="72.9138780"/>
  <node id="6784511284" lat="19.1311503" lon="72.9147899"/>
  <node id="4344894373" lat="19.1033428" lon="72.9285564"/>
  <node id="4344894379" lat="19.1038244" lon="72.9287200"/>
  <node id="8817467502" lat="19.1124807" lon="72.9345149"/>
  <node id="10276589054" lat="19.1119105" lon="72.9342708"/>
  <node id="10276589055" lat="19.1117736" lon="72.9346356"/>
  <node id="10276589056" lat="19.1122932" lon="72.9349655"/>
  <node id="3595939146" lat="19.1302727" lon="72.9348010"/>
  <node id="3595939148" lat="19.1302963" lon="72.9348235"/>
  <node id="3595939149" lat="19.1303134" lon="72.9348034"/>
  <node id="3595939150" lat="19.1303814" lon="72.9346729"/>
  <node id="3595939151" lat="19.1304060" lon="72.9347079"/>
  <node id="3595939152" lat="19.1304116" lon="72.9349446"/>
  <node id="3595939153" lat="19.1304115" lon="72.9347015"/>
  <node id="3595939156" lat="19.1304341" lon="72.9349182"/>
  <node id="3595939157" lat="19.1304442" lon="72.9347528"/>
  <node id="3595939158" lat="19.1304461" lon="72.9349775"/>
  <node id="3595939159" lat="19.1304482" lon="72.9347480"/>
  <node id="3595939161" lat="19.1305245" lon="72.9348293"/>
  <node id="3595939162" lat="19.1305390" lon="72.9348123"/>
  <node id="3595939163" lat="19.1305652" lon="72.9348373"/>
  <node id="5924793684" lat="19.1618669" lon="72.9413749"/>
  <node id="5924793785" lat="19.1609914" lon="72.9410139"/>
  <node id="5924793786" lat="19.1609007" lon="72.9413036"/>
  <node id="5924793787" lat="19.1612371" lon="72.9414859"/>
  <node id="1856751380" lat="19.1622152" lon="72.9422933"/>
  <node id="5924793682" lat="19.1623824" lon="72.9418721"/>
  <node id="5924793788" lat="19.1610674" lon="72.9419526"/>
  <node id="5924793789" lat="19.1616425" lon="72.9421994"/>
  <node id="5924793790" lat="19.1616932" lon="72.9420599"/>
  <node id="9887624720" lat="19.1620682" lon="72.9417300"/>
  <node id="4119440289" lat="19.1719806" lon="72.9484677"/>
  <node id="6230922850" lat="19.1718973" lon="72.9488497"/>
  <node id="6230922851" lat="19.1721164" lon="72.9486030"/>
  <node id="6230922852" lat="19.1717614" lon="72.9487145"/>
  <node id="6230922853" lat="19.1709179" lon="72.9505400"/>
  <node id="6230922854" lat="19.1712270" lon="72.9501967"/>
  <node id="6230922855" lat="19.1706239" lon="72.9502434"/>
  <node id="6230922856" lat="19.1709330" lon="72.9499000"/>
  <node id="5924793798" lat="19.1786675" lon="72.9448548"/>
  <node id="5924793799" lat="19.1784015" lon="72.9446134"/>
  <node id="12768025009" lat="19.1744736" lon="72.9423263"/>
  <node id="12768025010" lat="19.1746539" lon="72.9426150"/>
  <node id="12768025011" lat="19.1744531" lon="72.9426068"/>
  <node id="12768025012" lat="19.1746473" lon="72.9423364"/>
  <node id="3224698401" lat="19.1718704" lon="72.9605846"/>
  <node id="5969984649" lat="19.1718628" lon="72.9601206"/>
  <node id="5969984650" lat="19.1715081" lon="72.9601340"/>
  <node id="5969984651" lat="19.1715258" lon="72.9606141"/>
  <node id="1647016083" lat="19.1788572" lon="72.9610058"/>
  <node id="1647016063" lat="19.1781811" lon="72.9626528"/>
  <node id="6234352163" lat="19.1784482" lon="72.9624563"/>
  <node id="2045673883" lat="19.1792628" lon="72.9452410"/>
  <node id="5924793802" lat="19.1797213" lon="72.9422557"/>
  <node id="5924793803" lat="19.1818746" lon="72.9437470"/>
  <node id="5924793804" lat="19.1813781" lon="72.9451525"/>
  <node id="5924793805" lat="19.1805472" lon="72.9452008"/>
  <node id="5924793806" lat="19.1801875" lon="72.9457694"/>
  <node id="1647016109" lat="19.1791809" lon="72.9606391"/>
  <node id="1647016124" lat="19.1795196" lon="72.9595472"/>
  <node id="1647016149" lat="19.1801745" lon="72.9596429"/>
  <node id="1647016195" lat="19.1809950" lon="72.9596509"/>
  <node id="1647016218" lat="19.1822898" lon="72.9605116"/>
  <node id="1647016121" lat="19.1794745" lon="72.9615557"/>
  <node id="1647016139" lat="19.1800315" lon="72.9645126"/>
  <node id="1647016153" lat="19.1803025" lon="72.9634924"/>
  <node id="1647016179" lat="19.1804907" lon="72.9643452"/>
  <node id="1647016232" lat="19.1826285" lon="72.9613564"/>
  <node id="1647016235" lat="19.1832232" lon="72.9625918"/>
  <node id="1647016241" lat="19.1832608" lon="72.9613485"/>
  <node id="11301648369" lat="19.2073234" lon="72.8181432"/>
  <node id="11301648370" lat="19.2073322" lon="72.8182670"/>
  <node id="11301648371" lat="19.2069331" lon="72.8182833"/>
  <node id="11301648372" lat="19.2069419" lon="72.8181105"/>
  <node id="11301648373" lat="19.2070809" lon="72.8181105"/>
  <node id="11301648374" lat="19.2070831" lon="72.8181526"/>
  <node id="3585584992" lat="19.2194151" lon="72.8380741"/>
  <node id="3585584993" lat="19.2194172" lon="72.8381493"/>
  <node id="3585585054" lat="19.2196295" lon="72.8380674"/>
  <node id="3585585055" lat="19.2196316" lon="72.8381426"/>
  <node id="8796983347" lat="19.2090040" lon="72.8508300"/>
  <node id="10879569039" lat="19.2097841" lon="72.8510821"/>
  <node id="10879569040" lat="19.2094143" lon="72.8525788"/>
  <node id="10879569041" lat="19.2075349" lon="72.8522944"/>
  <node id="10879569042" lat="19.2079503" lon="72.8506154"/>
  <node id="3638695754" lat="19.2204122" lon="72.8628731"/>
  <node id="3638695765" lat="19.2205314" lon="72.8628788"/>
  <node id="9384322540" lat="19.2204718" lon="72.8628753"/>
  <node id="3638695753" lat="19.2204335" lon="72.8631359"/>
  <node id="3638695763" lat="19.2205396" lon="72.8631314"/>
  <node id="9384322539" lat="19.2204739" lon="72.8631381"/>
  <node id="590745336" lat="19.2409542" lon="72.8529236"/>
  <node id="590745339" lat="19.2410302" lon="72.8530201"/>
  <node id="590745342" lat="19.2410910" lon="72.8529665"/>
  <node id="590745344" lat="19.2412024" lon="72.8530201"/>
  <node id="590745346" lat="19.2410910" lon="72.8531167"/>
  <node id="590745348" lat="19.2411821" lon="72.8532508"/>
  <node id="590745355" lat="19.2412986" lon="72.8531489"/>
  <node id="590745357" lat="19.2413138" lon="72.8532776"/>
  <node id="590745359" lat="19.2412328" lon="72.8533313"/>
  <node id="590745361" lat="19.2413341" lon="72.8534654"/>
  <node id="590745364" lat="19.2414657" lon="72.8533527"/>
  <node id="590745366" lat="19.2414657" lon="72.8529987"/>
  <node id="590745368" lat="19.2414252" lon="72.8529343"/>
  <node id="590745371" lat="19.2410808" lon="72.8527948"/>
  <node id="3243945332" lat="19.2401178" lon="72.8547758"/>
  <node id="3243945333" lat="19.2402140" lon="72.8558674"/>
  <node id="3243945334" lat="19.2408942" lon="72.8558092"/>
  <node id="3243945335" lat="19.2408358" lon="72.8553071"/>
  <node id="3243945336" lat="19.2407980" lon="72.8550596"/>
  <node id="3243945337" lat="19.2405266" lon="72.8550960"/>
  <node id="3243945338" lat="19.2404751" lon="72.8547103"/>
  <node id="10244258227" lat="19.2423280" lon="72.8631801"/>
  <node id="10244258228" lat="19.2422973" lon="72.8631313"/>
  <node id="10244258229" lat="19.2422705" lon="72.8631984"/>
  <node id="3591661175" lat="19.2485186" lon="72.8503939"/>
  <node id="3591661189" lat="19.2485301" lon="72.8502157"/>
  <node id="3591661442" lat="19.2487584" lon="72.8504112"/>
  <node id="3591661450" lat="19.2487699" lon="72.8502330"/>
  <node id="3587090284" lat="19.2610511" lon="72.8622865"/>
  <node id="3587090292" lat="19.2610944" lon="72.8622404"/>
  <node id="3587090496" lat="19.2611018" lon="72.8623399"/>
  <node id="3587090499" lat="19.2611137" lon="72.8622607"/>
  <node id="3587090510" lat="19.2611543" lon="72.8621764"/>
  <node id="3587090514" lat="19.2611736" lon="72.8621967"/>
  <node id="3587090521" lat="19.2611949" lon="72.8621332"/>
  <node id="3587090527" lat="19.2612456" lon="72.8621866"/>

</osm>